"name","lat","lon","radius_m","supermarkets","aeon_drugstores","HHI_pre","HHI_post","dHHI","share_aeon","share_tsuruha","party_share","exceeds_safeharbor","tier"
"スマート ウエルネス株式会社",35.415263599999996,133.241499,2000,9,0,774,774,0,0,9.1,9.1,FALSE,"セーフハーバー内"
"ツルハドラッグ 向能代店",40.2229339,140.03121629999998,2000,9,2,896,1025,129,19.7,3.3,23,FALSE,"セーフハーバー内"
"ツルハドラッグ 能代花園店",40.19969220000001,140.02320469999998,2000,14,2,454,470,16,7.5,1.1,8.6,FALSE,"セーフハーバー内"
"ツルハドラッグ 能代北店",40.227235,140.02452499999998,2000,5,1,973,1129,156,15.3,5.1,20.4,FALSE,"セーフハーバー内"
"ツルハドラッグ 能代二ツ井店",40.207982799999996,140.23443079999998,2000,3,0,1622,1622,0,0,4.4,4.4,FALSE,"セーフハーバー内"
"ツルハドラッグ 鷹巣店",40.23047510000001,140.3765901,2000,6,1,626,633,7,1.9,1.9,3.8,FALSE,"セーフハーバー内"
"ツルハドラッグ 大館南店",40.2467064,140.5716124,2000,1,0,2232,2232,0,0,8.5,8.5,FALSE,"セーフハーバー内"
"ツルハドラッグ 鹿角店",40.2009577,140.7933308,2000,2,0,1177,1177,0,0,4.3,4.3,FALSE,"セーフハーバー内"
"ツルハドラッグ 大館中道店",40.282455999999996,140.554949,2000,13,1,380,429,48,6,4,10,FALSE,"セーフハーバー内"
"ツルハドラッグ 大館店",40.2741354,140.53812449999998,2000,10,1,526,538,11,1.4,4.1,5.5,FALSE,"セーフハーバー内"
"ツルハドラッグ 大館北店",40.295767,140.559629,2000,5,0,874,1054,181,12.3,7.4,19.6,FALSE,"セーフハーバー内"
"調剤薬局ツルハドラッグ 大館中道店",40.282455999999996,140.554949,2000,13,1,380,429,48,6,4,10,FALSE,"セーフハーバー内"
"ツルハドラッグ 大館東店",40.2872918,140.5833175,2000,5,0,1338,1441,102,16,3.2,19.2,FALSE,"セーフハーバー内"
"ツルハドラッグ 毛馬内店",40.262744,140.7689352,2000,2,1,1946,2016,69,5.9,5.9,11.8,FALSE,"セーフハーバー内"
"ツルハドラッグ 三戸店",40.3976377,141.2633645,2000,5,0,1338,1449,111,17.8,3.1,20.9,FALSE,"セーフハーバー内"
"ツルハドラッグ 福地南部店",40.4676824,141.3880222,2000,3,0,2040,2040,0,0,5.1,5.1,FALSE,"セーフハーバー内"
"ツルハドラッグ 八戸売市店",40.51088920000001,141.4741499,2000,13,2,540,655,115,13.5,4.2,17.8,FALSE,"セーフハーバー内"
"ツルハドラッグ 八戸大杉平店",40.500828,141.48153399999998,2000,15,3,433,496,64,8.4,3.8,12.2,FALSE,"セーフハーバー内"
"ツルハドラッグ 八戸田向店",40.4883285,141.5090927,2000,12,6,595,659,64,13.7,2.3,16,FALSE,"セーフハーバー内"
"ツルハドラッグ 八戸諏訪店",40.5080009,141.512327,2000,17,7,427,518,91,11.1,4.1,15.2,FALSE,"セーフハーバー内"
"ツルハドラッグ 湊高台店",40.5076274,141.5437109,2000,13,5,394,415,21,5.1,2,7.2,FALSE,"セーフハーバー内"
"ツルハドラッグ 八戸市民病院前店",40.4949737,141.5144053,2000,13,6,537,618,81,12.6,3.2,15.8,FALSE,"セーフハーバー内"
"ツルハドラッグ 十八日町店",40.5117681,141.4952374,2000,21,4,474,618,144,14.5,5,19.5,FALSE,"セーフハーバー内"
"ツルハドラッグ 本八戸駅前店",40.517224999999996,141.48737699999998,2000,16,2,568,716,147,16.2,4.6,20.7,FALSE,"セーフハーバー内"
"ツルハドラッグ 八戸小中野店",40.5190816,141.5128082,2000,11,3,584,721,138,11,6.3,17.2,FALSE,"セーフハーバー内"
"ツルハドラッグ 河原木店",40.534297699999996,141.477399,2000,6,1,1150,1363,213,25,4.3,29.3,FALSE,"セーフハーバー内"
"ツルハドラッグ 八戸江陽店",40.523388,141.502139,2000,8,0,930,1317,387,18.6,10.4,29,FALSE,"セーフハーバー内"
"ツルハドラッグ みなと店",40.5141918,141.5355313,2000,17,5,326,347,20,4.1,2.5,6.6,FALSE,"セーフハーバー内"
"ツルハドラッグ 八戸八太郎店",40.537205,141.4893023,2000,5,1,1022,1275,253,16.9,7.5,24.4,FALSE,"セーフハーバー内"
"ツルハドラッグ 弘前樹木店",40.589449599999995,140.45595649999998,2000,7,6,644,740,96,16.8,2.9,19.6,FALSE,"セーフハーバー内"
"ツルハドラッグ 弘前駅前店",40.600974099999995,140.4794351,2000,16,6,292,327,35,5.7,3,8.7,FALSE,"セーフハーバー内"
"ツルハドラッグ 弘前豊原店",40.582235399999995,140.4757201,2000,15,3,392,435,42,7.5,2.8,10.3,FALSE,"セーフハーバー内"
"ツルハドラッグ 弘前外崎店",40.596418899999996,140.49864639999998,2000,19,4,309,336,27,3.6,3.8,7.3,FALSE,"セーフハーバー内"
"ツルハドラッグ 安原店",40.5758502,140.4931915,2000,9,0,700,786,86,8.5,5.1,13.6,FALSE,"セーフハーバー内"
"ツルハドラッグ 城東店",40.602583599999996,140.50640819999998,2000,14,3,422,454,32,3.9,4.1,8,FALSE,"セーフハーバー内"
"ツルハドラッグ 弘前アルカディア店",40.5849572,140.5002005,2000,8,1,711,830,119,11.6,5.2,16.7,FALSE,"セーフハーバー内"
"ツルハドラッグ 平賀店",40.5915694,140.56699079999999,2000,4,1,1014,1112,98,17.1,2.9,20,FALSE,"セーフハーバー内"
"ツルハドラッグ 十和田南店",40.6076264,141.22121420000002,2000,11,2,445,539,94,8.5,5.5,14,FALSE,"セーフハーバー内"
"ツルハドラッグ 弘前浜の町店",40.619869699999995,140.45878589999998,2000,4,1,961,1224,263,16.2,8.1,24.3,FALSE,"セーフハーバー内"
"ツルハドラッグ 弘前岩木店",40.6142839,140.424319,2000,3,1,1715,1937,222,25.8,4.3,30.1,FALSE,"セーフハーバー内"
"ツルハドラッグ 弘前石渡店",40.629467,140.458713,2000,3,1,1147,1540,393,19.8,9.9,29.8,TRUE,"セーフハーバー超過(スーパー有=競争維持余地)"
"ツルハドラッグ 弘前西城北店",40.615524,140.47145899999998,2000,11,4,445,507,62,5.4,5.7,11.1,FALSE,"セーフハーバー内"
"ツルハドラッグ 弘前堅田店",40.6154386,140.4899135,2000,15,3,386,425,39,3.5,5.6,9.1,FALSE,"セーフハーバー内"
"ツルハドラッグ 弘前境関店",40.6118168,140.5045591,2000,12,5,450,518,69,6.3,5.5,11.7,FALSE,"セーフハーバー内"
"ツルハドラッグ 弘前神田店",40.626081,140.4920209,2000,4,1,976,1024,49,2.9,8.6,11.4,FALSE,"セーフハーバー内"
"ツルハドラッグ 黒石一番町店",40.6488675,140.59356119999998,2000,7,1,508,616,108,9,6,15,FALSE,"セーフハーバー内"
"ツルハドラッグ 黒石店",40.6462789,140.6020001,2000,7,1,524,636,112,9.2,6.1,15.3,FALSE,"セーフハーバー内"
"調剤薬局ツルハドラッグ 黒石店",40.64628,140.6020039,2000,7,1,524,636,112,9.2,6.1,15.3,FALSE,"セーフハーバー内"
"調剤薬局ツルハドラッグ 黒石一番町店",40.649202599999995,140.5933177,2000,7,1,508,616,108,9,6,15,FALSE,"セーフハーバー内"
"ツルハドラッグ 十和田中央店",40.6159004,141.2114715,2000,10,5,399,465,66,6.2,5.4,11.6,FALSE,"セーフハーバー内"
"ツルハドラッグ 十和田店",40.6126467,141.200557,2000,10,5,441,518,76,6.6,5.8,12.4,FALSE,"セーフハーバー内"
"調剤薬局ツルハドラッグ 十和田中央店",40.615911600000004,141.2114728,2000,10,5,399,465,66,6.2,5.4,11.6,FALSE,"セーフハーバー内"
"調剤薬局ツルハドラッグ 十和田店",40.612639300000005,141.2005351,2000,10,5,441,518,76,6.6,5.8,12.4,FALSE,"セーフハーバー内"
"ツルハドラッグ 板柳福野田店",40.69562680000001,140.46167119999998,2000,9,0,711,771,59,8.6,3.4,12.1,FALSE,"セーフハーバー内"
"ツルハドラッグ 板柳店",40.706113,140.45539499999998,2000,7,0,821,908,87,10.4,4.2,14.6,FALSE,"セーフハーバー内"
"ツルハドラッグ 七戸店",40.6969642,141.1624569,2000,4,0,1254,1254,0,0,3.4,3.4,FALSE,"セーフハーバー内"
"ツルハドラッグ 三沢南町店",40.6743285,141.3725872,2000,9,3,436,459,24,9.7,1.2,10.9,FALSE,"セーフハーバー内"
"ツルハドラッグ 三沢南山店",40.6884343,141.3888169,2000,5,2,656,674,18,4.2,2.1,6.3,FALSE,"セーフハーバー内"
"ツルハドラッグ 浪岡店",40.720480599999995,140.5894195,2000,3,2,787,820,33,5.8,2.9,8.6,FALSE,"セーフハーバー内"
"ツルハドラッグ 鯵ヶ沢店",40.775832,140.22577410000002,2000,6,2,1185,1277,92,17.9,2.6,20.5,FALSE,"セーフハーバー内"
"ツルハドラッグ つがる柏店",40.8019544,140.40047479999998,2000,12,2,590,615,25,9.3,1.3,10.6,FALSE,"セーフハーバー内"
"ツルハドラッグ 五所川原広田店",40.7839326,140.4622431,2000,12,2,567,574,7,2.7,1.3,4,FALSE,"セーフハーバー内"
"ツルハドラッグ 五所川原店",40.802045199999995,140.46126120000002,2000,19,3,324,363,39,6.5,3,9.5,FALSE,"セーフハーバー内"
"ツルハドラッグ アクロス五所川原店",40.8020815,140.46127719999998,2000,19,3,324,363,39,6.5,3,9.5,FALSE,"セーフハーバー内"
"ツルハドラッグ 大野店",40.8086979,140.7346762,2000,12,7,576,640,64,14.3,2.2,16.5,FALSE,"セーフハーバー内"
"ツルハドラッグ 青森浜田店",40.7971122,140.76222149999998,2000,18,3,452,493,41,11.8,1.7,13.5,FALSE,"セーフハーバー内"
"調剤薬局ツルハドラッグ 大野店",40.8087046,140.7346857,2000,12,7,576,640,64,14.3,2.2,16.5,FALSE,"セーフハーバー内"
"ツルハドラッグ 青森桜川店",40.8088962,140.7706982,2000,18,8,529,605,76,15.1,2.5,17.6,FALSE,"セーフハーバー内"
"ツルハドラッグ 五所川原本町店",40.808862999999995,140.44247099999998,2000,20,1,303,331,29,4.9,2.9,7.8,FALSE,"セーフハーバー内"
"ツルハドラッグ 五所川原松島店",40.809552,140.4596652,2000,19,1,317,348,31,5.1,3,8.2,FALSE,"セーフハーバー内"
"ツルハドラッグ 青森富田店",40.8325718,140.7117528,2000,10,3,518,571,53,5,5.3,10.3,FALSE,"セーフハーバー内"
"ツルハドラッグ 青森新田店",40.8406127,140.715733,2000,7,3,826,917,91,7.5,6,13.6,FALSE,"セーフハーバー内"
"ツルハドラッグ 青森三内店",40.821856499999996,140.7112109,2000,11,5,491,522,31,6.2,2.5,8.7,FALSE,"セーフハーバー内"
"ツルハドラッグ 青森新城店",40.8283735,140.6760117,2000,6,1,847,857,10,2.3,2.3,4.6,FALSE,"セーフハーバー内"
"ツルハドラッグ 青森本町店",40.828801899999995,140.7537168,2000,5,2,785,828,43,4.7,4.7,9.3,FALSE,"セーフハーバー内"
"ツルハドラッグ 青森港町店",40.8303899,140.7692391,2000,8,2,711,738,26,3.6,3.6,7.2,FALSE,"セーフハーバー内"
"ツルハドラッグ 青森南佃店",40.812571399999996,140.78234989999999,2000,13,5,452,476,24,5.5,2.2,7.7,FALSE,"セーフハーバー内"
"ツルハドラッグ 青森原別店",40.836638199999996,140.7979665,2000,5,2,926,953,27,5.2,2.6,7.7,FALSE,"セーフハーバー内"
"調剤薬局ツルハドラッグ 青森新田店",40.8406148,140.7157181,2000,7,3,826,917,91,7.5,6,13.6,FALSE,"セーフハーバー内"
"ツルハドラッグ 野辺地店",40.8635819,141.12659879999998,2000,10,1,710,742,31,9.7,1.6,11.3,FALSE,"セーフハーバー内"
"ツルハドラッグ 平内店",40.9251302,140.95968009999999,2000,3,0,1650,1852,202,22.5,4.5,27,FALSE,"セーフハーバー内"
"ツルハドラッグ むつ大平店",41.2825779,141.16845279999998,2000,3,1,933,1029,96,7.8,6.2,14,FALSE,"セーフハーバー内"
"ツルハドラッグ むつ店",41.2936547,141.2068196,2000,19,2,313,327,13,2.1,3.1,5.2,FALSE,"セーフハーバー内"
"ツルハドラッグ むつ小川店",41.2920318,141.2038057,2000,18,2,314,332,17,2.8,3.2,5.9,FALSE,"セーフハーバー内"
"ツルハドラッグ むつ旭町店",41.28654710000001,141.178976,2000,4,2,702,776,74,8,4.6,12.6,FALSE,"セーフハーバー内"
"調剤薬局ツルハドラッグ むつ店",41.2936724,141.2068248,2000,19,2,313,327,13,2.1,3.1,5.2,FALSE,"セーフハーバー内"
"ツルハドラッグ むつ柳町店",41.303766499999995,141.220189,2000,19,0,394,399,5,0.7,3.5,4.2,FALSE,"セーフハーバー内"
"ツルハドラッグ 松前店",41.4256871,140.0852852,2000,2,0,2320,2320,0,0,12.7,12.7,FALSE,"セーフハーバー内"
"調剤薬局ツルハドラッグ 松前店",41.425669,140.08527229999999,2000,2,0,2320,2320,0,0,12.7,12.7,FALSE,"セーフハーバー内"
"ツルハドラッグ 古河中央店",36.192177799999996,139.71129539999998,2000,15,4,518,545,27,13.7,1,14.7,FALSE,"セーフハーバー内"
"ツルハドラッグ 古河諸川店",36.202093999999995,139.8078464,2000,7,6,1129,1218,89,22.9,2,24.9,FALSE,"セーフハーバー内"
"ツルハドラッグ 関城店",36.2511651,139.91654409999998,2000,1,0,1862,1862,0,0,7.5,7.5,FALSE,"セーフハーバー内"
"ツルハドラッグ 黒子店",36.2534908,139.9758516,2000,5,0,1555,1555,0,0,3.5,3.5,FALSE,"セーフハーバー内"
"ツルハドラッグ 八郷店",36.2452465,140.1963535,2000,1,0,1862,2431,570,37.7,7.5,45.3,TRUE,"セーフハーバー超過(スーパー有=競争維持余地)"
"ツルハドラッグ 新栃木店",36.3924653,139.7369333,2000,20,3,279,287,8,5.6,0.7,6.3,FALSE,"セーフハーバー内"
"ツルハドラッグ 壬生店",36.425792,139.802764,2000,7,0,797,839,43,10.3,2.1,12.4,FALSE,"セーフハーバー内"
"ツルハドラッグ 西方店",36.4676165,139.7424225,2000,2,0,1946,1946,0,0,5.9,5.9,FALSE,"セーフハーバー内"
"ツルハドラッグ 亀山北店",36.463328600000004,139.9926229,2000,2,2,1349,1436,87,9.3,4.7,14,FALSE,"セーフハーバー内"
"ツルハドラッグ 鹿沼晃望台店",36.559339,139.7659098,2000,15,4,295,307,12,7.5,0.8,8.3,FALSE,"セーフハーバー内"
"ツルハドラッグ 宇都宮不動前店",36.5444203,139.8794611,2000,11,3,480,503,23,4.7,2.5,7.1,FALSE,"セーフハーバー内"
"ツルハドラッグ 宇都宮簗瀬店",36.553627299999995,139.891348,2000,12,3,397,436,39,4.7,4.2,8.9,FALSE,"セーフハーバー内"
"ツルハドラッグ 宇都宮東峰町店",36.540548699999995,139.9188315,2000,18,3,336,374,38,4.8,4,8.7,FALSE,"セーフハーバー内"
"ツルハドラッグ 宇都宮東宿郷店",36.556481399999996,139.9095489,2000,21,5,293,335,43,5.3,4,9.3,FALSE,"セーフハーバー内"
"ツルハドラッグ 宇都宮平松本町店",36.542743,139.90382,2000,12,4,435,498,63,7.4,4.2,11.6,FALSE,"セーフハーバー内"
"ツルハドラッグ 宇都宮陽東店",36.551052999999996,139.9275835,2000,15,1,384,408,24,3.1,3.8,6.9,FALSE,"セーフハーバー内"
"調剤薬局ツルハドラッグ 宇都宮陽東店",36.5510386,139.9275913,2000,15,1,384,408,24,3.1,3.8,6.9,FALSE,"セーフハーバー内"
"ツルハドラッグ 市貝店",36.536833,140.0862951,2000,1,0,2732,2732,0,0,9.5,9.5,FALSE,"セーフハーバー内"
"ツルハドラッグ 鹿沼日吉町店",36.5653216,139.73175419999998,2000,5,2,582,598,15,3.9,2,5.9,FALSE,"セーフハーバー内"
"ツルハドラッグ 宇都宮戸祭店",36.5764571,139.863796,2000,16,4,335,341,6,3.4,0.8,4.2,FALSE,"セーフハーバー内"
"ツルハドラッグ 宇都宮野沢店",36.606757,139.85702799999999,2000,8,0,753,753,0,0,5.6,5.6,FALSE,"セーフハーバー内"
"ツルハドラッグ 宇都宮岩曽店",36.5881696,139.91362189999998,2000,7,1,643,659,16,4.5,1.8,6.3,FALSE,"セーフハーバー内"
"ツルハドラッグ 宇都宮ゆいの杜店",36.5719298,139.9929669,2000,4,4,1133,1253,120,23.2,2.6,25.8,FALSE,"セーフハーバー内"
"ツルハドラッグ 宇都宮宝木本町店",36.606063,139.845877,2000,7,0,782,782,0,0,6,6,FALSE,"セーフハーバー内"
"ツルハドラッグ 宇都宮徳次郎店",36.645794599999995,139.8458646,2000,1,0,3488,3488,0,0,11.1,11.1,FALSE,"セーフハーバー内"
"調剤薬局ツルハドラッグ 宇都宮野沢店",36.606808799999996,139.85751199999999,2000,6,0,869,869,0,0,6.8,6.8,FALSE,"セーフハーバー内"
"ツルハドラッグ 宇都宮白沢店",36.620759,139.932545,2000,3,0,1089,1089,0,0,3.5,3.5,FALSE,"セーフハーバー内"
"ツルハドラッグ 宇都宮下田原店",36.6354021,139.90334679999998,2000,2,0,2109,2109,0,0,6.2,6.2,FALSE,"セーフハーバー内"
"ツルハドラッグ 烏山店",36.6551166,140.1553334,2000,7,0,947,947,0,0,2.3,2.3,FALSE,"セーフハーバー内"
"ツルハドラッグ 日光板橋店",36.6853925,139.72386219999999,2000,2,2,1455,1576,122,12.9,4.7,17.6,FALSE,"セーフハーバー内"
"ツルハドラッグ 日光大沢店",36.6900665,139.7621896,2000,2,2,1133,1202,69,8.3,4.2,12.5,FALSE,"セーフハーバー内"
"ツルハドラッグ さくら氏家店",36.705781099999996,139.9690711,2000,3,0,1445,1445,0,0,4.2,4.2,FALSE,"セーフハーバー内"
"ツルハドラッグ さくら富野岡店",36.6911729,139.9457351,2000,6,0,893,893,0,0,2.4,2.4,FALSE,"セーフハーバー内"
"ツルハドラッグ 矢板片岡店",36.7492918,139.9507476,2000,1,0,2425,2543,119,6.7,8.9,15.6,FALSE,"セーフハーバー内"
"ツルハドラッグ 喜連川店",36.721824,140.022012,2000,2,2,1792,1912,120,11,5.5,16.4,FALSE,"セーフハーバー内"
"ツルハドラッグ 日光鬼怒川店",36.813393999999995,139.711656,2000,5,0,1504,1504,0,0,3.4,3.4,FALSE,"セーフハーバー内"
"ツルハドラッグ 大田原薄葉店",36.8310688,139.9754905,2000,2,0,2158,2158,0,0,6.2,6.2,FALSE,"セーフハーバー内"
"杏林堂",36.8607775,140.1148288,2000,2,0,1865,1865,0,0,5.7,5.7,FALSE,"セーフハーバー内"
"ツルハドラッグ 那須塩原島方店",36.936402699999995,140.0128154,2000,2,0,1000,1000,0,0,7.7,7.7,FALSE,"セーフハーバー内"
"調剤薬局ツルハドラッグ 那須塩原島方店",36.936365699999996,140.0128264,2000,2,0,1000,1000,0,0,7.7,7.7,FALSE,"セーフハーバー内"
"ツルハドラッグ 黒磯豊浦北町店",36.9779096,140.04094899999998,2000,12,3,415,423,7,3.3,1.1,4.5,FALSE,"セーフハーバー内"
"ツルハドラッグ 那須高原店",37.0440347,140.0164651,2000,4,0,2107,2107,0,0,4.5,4.5,FALSE,"セーフハーバー内"
"ツルハドラッグ 白河白坂店",37.100546099999995,140.1965959,2000,5,0,1100,1100,0,0,5.7,5.7,FALSE,"セーフハーバー内"
"ツルハドラッグ 白河西店",37.129055099999995,140.19217079999999,2000,13,2,433,466,32,7.5,2.2,9.7,FALSE,"セーフハーバー内"
"ツルハドラッグ 西郷店",37.1394342,140.152691,2000,0,0,1276,1582,306,10.7,14.3,25,TRUE,"セーフハーバー超過(スーパー有=競争維持余地)"
"ツルハドラッグ 白河結城店",37.1194817,140.2284076,2000,7,0,627,632,5,1.3,1.8,3.1,FALSE,"セーフハーバー内"
"ツルハドラッグ 白河モール店",37.115321099999996,140.2002497,2000,9,0,465,465,0,0,4,4,FALSE,"セーフハーバー内"
"ツルハドラッグ 亀有店",35.759412499999996,139.8435728,2000,9,2,807,820,14,3.7,1.9,5.6,FALSE,"セーフハーバー内"
"くすりの福太郎松戸小山店",35.773854799999995,139.8918368,2000,5,2,1150,1184,34,5.8,2.9,8.8,FALSE,"セーフハーバー内"
"くすりの福太郎宮久保店",35.7370557,139.93049449999998,2000,4,2,1595,1933,339,24.3,7,31.3,TRUE,"セーフハーバー超過(スーパー有=競争維持余地)"
"くすりの福太郎市川国分店",35.739653,139.9180298,2000,3,1,1528,1600,72,4.3,8.5,12.8,FALSE,"セーフハーバー内"
"くすりの福太郎鎌ケ谷店",35.7622363,140.0001203,2000,9,2,907,1101,193,19.7,4.9,24.6,FALSE,"セーフハーバー内"
"くすりの福太郎西白井店",35.7982344,140.0307439,2000,2,1,1549,1815,266,28.2,4.7,32.9,TRUE,"セーフハーバー超過(スーパー有=競争維持余地)"
"くすりの福太郎東鎌ケ谷店",35.7635947,140.0157592,2000,10,3,1146,1379,233,27,4.3,31.3,FALSE,"セーフハーバー内"
"くすりの福太郎初富本町店",35.774318,140.000174,2000,6,2,1485,1898,413,28.7,7.2,35.9,TRUE,"セーフハーバー超過(スーパー有=競争維持余地)"
"くすりの福太郎白井駅前店",35.7825506,140.054332,2000,7,1,671,755,84,11.9,3.5,15.4,FALSE,"セーフハーバー内"
"くすりの福太郎印西内野店",35.797295999999996,140.12781809999998,2000,10,2,830,1052,222,22.2,5,27.2,FALSE,"セーフハーバー内"
"調剤薬局くすりの福太郎 豊富店",35.7634773,140.0736987,2000,2,0,1841,1890,49,4.3,5.7,10,FALSE,"セーフハーバー内"
"調剤薬局くすりの福太郎 印西内野店",35.797285099999996,140.1278085,2000,10,2,830,1052,222,22.2,5,27.2,FALSE,"セーフハーバー内"
"くすりの福太郎酒々井店",35.732332,140.276129,2000,5,0,1436,1436,0,0,3.3,3.3,FALSE,"セーフハーバー内"
"調剤薬局くすりの福太郎 成田はなのき台店",35.778676000000004,140.28562,2000,4,1,1237,1377,140,28.7,2.4,31.1,FALSE,"セーフハーバー内"
"ツルハドラッグ 草加5丁目店",35.837382999999996,139.802899,2000,6,5,1004,1060,55,11.8,2.4,14.1,FALSE,"セーフハーバー内"
"くすりの福太郎逆井店",35.8237009,139.9843915,2000,4,2,1365,1431,67,9.6,3.5,13,FALSE,"セーフハーバー内"
"調剤薬局くすりの福太郎 白井駅前店",35.782523399999995,140.05434979999998,2000,7,1,671,755,84,11.9,3.5,15.4,FALSE,"セーフハーバー内"
"くすりの福太郎千葉ニュータウン店",35.80197,140.11556199999998,2000,9,4,1028,1309,281,26.3,5.3,31.7,FALSE,"セーフハーバー内"
"薬局くすりの福太郎ニュータウンメディカルモール店",35.8020176,140.115852,2000,9,4,1028,1309,281,26.3,5.3,31.7,FALSE,"セーフハーバー内"
"くすりの福太郎フォレストモール印西牧の原店",35.80658,140.178586,2000,7,0,1121,1401,280,22.4,6.3,28.6,FALSE,"セーフハーバー内"
"調剤薬局くすりの福太郎 本埜店",35.8067997,140.1799079,2000,6,0,910,1072,162,11.6,7,18.6,FALSE,"セーフハーバー内"
"調剤薬局くすりの福太郎 フォレストモール印西牧の原店",35.8067024,140.1784666,2000,7,0,1121,1401,280,22.4,6.3,28.6,FALSE,"セーフハーバー内"
"くすりの福太郎天王台北口店",35.8728931,140.0399736,2000,7,1,1597,1732,135,33.7,2,35.7,FALSE,"セーフハーバー内"
"くすりの福太郎野田山崎店",35.9259919,139.89227499999998,2000,4,0,1121,1238,117,21.6,2.7,24.3,FALSE,"セーフハーバー内"
"くすりの福太郎柏の葉店",35.887338,139.94699119999999,2000,10,1,547,570,23,8.4,1.4,9.8,FALSE,"セーフハーバー内"
"ツルハドラッグ 江戸崎店",35.9588536,140.31605589999998,2000,5,0,1166,1254,88,14.8,3,17.8,FALSE,"セーフハーバー内"
"ツルハドラッグ 水海道店",36.021203199999995,139.9904288,2000,11,2,546,594,48,9.2,2.6,11.8,FALSE,"セーフハーバー内"
"ツルハドラッグ 水海道栄町店",36.018657499999996,139.9886895,2000,11,2,546,594,48,9.2,2.6,11.8,FALSE,"セーフハーバー内"
"ツルハドラッグ 富士見ヶ丘店",36.0026003,140.0331467,2000,5,1,1611,1783,172,30.8,2.8,33.6,FALSE,"セーフハーバー内"
"ツルハドラッグ ひたち野うしく店",36.0067835,140.16418679999998,2000,4,0,1679,1857,178,24.1,3.7,27.8,FALSE,"セーフハーバー内"
"ツルハドラッグ 荒川本郷店",36.0225617,140.17739029999998,2000,7,2,951,1015,64,15,2.1,17.1,FALSE,"セーフハーバー内"
"ツルハドラッグ イーアスつくば店",36.0865779,140.08478119999998,2000,11,6,751,798,47,20.3,1.2,21.4,FALSE,"セーフハーバー内"
"ツルハドラッグ 土浦小松店",36.072412299999996,140.2041721,2000,9,3,787,844,57,19.2,1.5,20.7,FALSE,"セーフハーバー内"
"ツルハドラッグ 千代田店",36.1349131,140.24109149999998,2000,11,2,847,901,54,22.4,1.2,23.6,FALSE,"セーフハーバー内"
"ツルハドラッグ 石岡店",36.1885221,140.2749282,2000,7,2,603,641,38,11.6,1.7,13.2,FALSE,"セーフハーバー内"
"ツルハドラッグ 茨城小川店",36.192563899999996,140.3814657,2000,6,0,1504,1504,0,0,3.1,3.1,FALSE,"セーフハーバー内"
"ツルハドラッグ 羽鳥店",36.249011599999996,140.302367,2000,2,3,1257,1368,111,12.9,4.3,17.2,FALSE,"セーフハーバー内"
"ツルハドラッグ 友部店",36.3270644,140.3239092,2000,4,2,927,1014,87,18.3,2.4,20.7,FALSE,"セーフハーバー内"
"ツルハドラッグ 茨城桜の郷店",36.3266,140.41436299999998,2000,1,0,1403,1403,0,0,6.3,6.3,FALSE,"セーフハーバー内"
"ツルハドラッグ 水戸南店",36.3098342,140.4398525,2000,6,0,1129,1232,103,22.7,2.3,25,FALSE,"セーフハーバー内"
"ツルハドラッグ 水戸元吉田南店",36.341752,140.4679742,2000,10,4,557,618,61,11.7,2.6,14.3,FALSE,"セーフハーバー内"
"ツルハドラッグ 水戸東前店",36.338786999999996,140.529705,2000,3,0,1787,1787,0,0,4.7,4.7,FALSE,"セーフハーバー内"
"ツルハドラッグ 水戸千波店",36.3557662,140.45277439999998,2000,8,3,831,888,57,16.5,1.7,18.2,FALSE,"セーフハーバー内"
"ツルハドラッグ 上水戸店",36.3895524,140.44700580000003,2000,14,4,739,864,125,21,3,24,FALSE,"セーフハーバー内"
"ツルハドラッグ 水戸見川店",36.3753646,140.43713649999998,2000,13,5,946,1111,165,24.7,3.3,28.1,FALSE,"セーフハーバー内"
"ツルハドラッグ 水戸元吉田店",36.3605196,140.47690409999998,2000,8,4,1046,1207,161,24.4,3.3,27.7,FALSE,"セーフハーバー内"
"ツルハドラッグ 水戸元吉田東店",36.3522259,140.482835,2000,8,4,710,851,142,15.2,4.7,19.8,FALSE,"セーフハーバー内"
"ツルハドラッグ ひたちなか市毛店",36.397446699999996,140.50822829999998,2000,6,1,1079,1155,76,16,2.4,18.3,FALSE,"セーフハーバー内"
"ツルハドラッグ 勝田店",36.3861219,140.5294677,2000,8,2,732,778,47,14.7,1.6,16.3,FALSE,"セーフハーバー内"
"ツルハドラッグ ひたちなか昭和通り店",36.3975436,140.5514906,2000,4,4,1445,1593,147,33,2.2,35.2,FALSE,"セーフハーバー内"
"ツルハドラッグ 水戸堀町店",36.4021462,140.43107,2000,10,5,850,965,115,21.3,2.7,24,FALSE,"セーフハーバー内"
"ツルハドラッグ 水戸赤塚店",36.3817538,140.41712909999998,2000,10,4,610,677,67,12.3,2.7,15,FALSE,"セーフハーバー内"
"ツルハドラッグ 城里店",36.4740622,140.3889395,2000,2,0,1481,1481,0,0,5,5,FALSE,"セーフハーバー内"
"ツルハドラッグ 那珂竹ノ内店",36.452027,140.501396,2000,8,2,809,870,61,19.7,1.5,21.2,FALSE,"セーフハーバー内"
"ツルハドラッグ 東海店",36.4677174,140.57484399999998,2000,7,6,1308,1502,194,31.9,3,35,FALSE,"セーフハーバー内"
"ツルハドラッグ 東海中央店",36.4580572,140.56582799999998,2000,5,6,1716,1996,280,38.4,3.7,42,TRUE,"セーフハーバー超過(スーパー有=競争維持余地)"
"ツルハドラッグ 常陸太田店",36.5329731,140.52916869999999,2000,10,4,581,645,64,12,2.7,14.6,FALSE,"セーフハーバー内"
"調剤薬局ツルハドラッグ 常陸太田店",36.5330148,140.529194,2000,10,4,581,645,64,12,2.7,14.6,FALSE,"セーフハーバー内"
"ツルハドラッグ 日立大みか店",36.5118925,140.62975100000003,2000,7,0,790,837,46,11.6,2,13.6,FALSE,"セーフハーバー内"
"ツルハドラッグ 御前山店",36.5488493,140.331918,2000,0,0,2551,2551,0,0,28.6,28.6,FALSE,"セーフハーバー内"
"ツルハドラッグ 日立会瀬店",36.578026,140.64808499999998,2000,12,0,517,535,18,7.3,1.3,8.5,FALSE,"セーフハーバー内"
"ツルハドラッグ 日立桜川店",36.5599086,140.6276842,2000,8,0,553,561,7,2.4,1.6,3.9,FALSE,"セーフハーバー内"
"ツルハドラッグ 日立平沢店",36.5987252,140.6460946,2000,14,2,440,456,16,7.4,1.1,8.4,FALSE,"セーフハーバー内"
"ツルハドラッグ 日立十王店",36.6816154,140.6830646,2000,5,0,1055,1133,78,14,2.8,16.8,FALSE,"セーフハーバー内"
"ツルハドラッグ 高萩手綱店",36.727513099999996,140.7137706,2000,2,0,920,920,0,0,3.7,3.7,FALSE,"セーフハーバー内"
"ツルハドラッグ 北茨城店",36.7757682,140.7319724,2000,4,4,879,999,120,11.9,5,17,FALSE,"セーフハーバー内"
"調剤薬局ツルハドラッグ 北茨城店",36.7757862,140.7320157,2000,4,4,879,999,120,11.9,5,17,FALSE,"セーフハーバー内"
"ツルハドラッグ 北茨城大津店",36.842182,140.781743,2000,8,0,717,717,0,0,3.6,3.6,FALSE,"セーフハーバー内"
"調剤薬局ツルハドラッグ 北茨城大津店",36.842182,140.781743,2000,8,0,717,717,0,0,3.6,3.6,FALSE,"セーフハーバー内"
"ツルハドラッグ 矢祭店",36.866392,140.425767,2000,1,0,5830,5830,0,0,14.8,14.8,FALSE,"セーフハーバー内"
"ツルハドラッグ いわき錦店",36.9058688,140.78916429999998,2000,5,1,571,609,38,3.3,5.7,9,FALSE,"セーフハーバー内"
"ツルハドラッグ いわき中岡店",36.920947,140.781394,2000,7,1,604,635,31,3,5.2,8.2,FALSE,"セーフハーバー内"
"ツルハドラッグ 勿来店",36.9083463,140.77192879999998,2000,6,1,684,707,23,2,5.9,7.9,FALSE,"セーフハーバー内"
"杏林堂薬局 浜岡店",34.6353915,138.1306429,2000,5,2,1006,1179,173,17.4,5,22.4,FALSE,"セーフハーバー内"
"杏林堂薬局 浜岡店 調剤",34.6353915,138.1306429,2000,5,2,1006,1179,173,17.4,5,22.4,FALSE,"セーフハーバー内"
"杏林堂薬局 新居店",34.7075757,137.5504097,2000,8,0,546,546,0,0,6.1,6.1,FALSE,"セーフハーバー内"
"杏林堂薬局 新居店 調剤",34.7075757,137.5504097,2000,8,0,546,546,0,0,6.1,6.1,FALSE,"セーフハーバー内"
"杏林堂ドラッグストア 舞阪店",34.6835375,137.6211007,2000,6,0,825,825,0,0,2.2,2.2,FALSE,"セーフハーバー内"
"杏林堂薬局 志都呂店",34.6988945,137.66450849999998,2000,7,1,839,1215,376,19.2,9.8,29,FALSE,"セーフハーバー内"
"杏林堂 志都呂調剤センター",34.6992013,137.6642244,2000,7,1,839,1215,376,19.2,9.8,29,FALSE,"セーフハーバー内"
"杏林堂薬局 高塚調剤センター",34.69374820000001,137.6783285,2000,9,0,660,837,178,9.8,9.1,18.9,FALSE,"セーフハーバー内"
"杏林堂薬局 西伊場店",34.697525899999995,137.7003877,2000,12,0,656,860,204,13.5,7.5,21.1,FALSE,"セーフハーバー内"
"杏林堂ドラッグストア 入野店",34.6971035,137.68423479999998,2000,13,0,598,825,227,12.8,8.9,21.7,FALSE,"セーフハーバー内"
"杏林堂ドラッグストア 白羽店",34.6786679,137.7362502,2000,4,0,1133,1163,30,2.4,6.3,8.7,FALSE,"セーフハーバー内"
"杏林堂ドラッグストア H＆B Special 南浅田店",34.6864792,137.73179729999998,2000,9,1,551,574,23,2.6,4.4,7,FALSE,"セーフハーバー内"
"杏林堂ドラッグストア 鴨江店",34.7055947,137.70787529999998,2000,13,0,629,839,211,12.7,8.3,21,FALSE,"セーフハーバー内"
"杏林堂ドラッグストア 入野店 調剤",34.6971035,137.68423479999998,2000,13,0,598,825,227,12.8,8.9,21.7,FALSE,"セーフハーバー内"
"杏林堂薬局 佐鳴湖南調剤センター",34.7021404,137.6834638,2000,11,0,703,1001,299,14.6,10.2,24.8,FALSE,"セーフハーバー内"
"杏林堂薬局 西伊場店 調剤",34.697525899999995,137.7003877,2000,12,0,656,860,204,13.5,7.5,21.1,FALSE,"セーフハーバー内"
"杏林堂薬局 名塚店",34.702807299999996,137.75763469999998,2000,11,3,549,604,55,11,2.5,13.5,FALSE,"セーフハーバー内"
"杏林堂薬局 芳川店",34.6846855,137.7661475,2000,8,2,698,780,81,11.9,3.4,15.3,FALSE,"セーフハーバー内"
"杏林堂ドラッグストア 向宿店",34.7041391,137.7512363,2000,15,3,628,732,104,18,2.9,20.9,FALSE,"セーフハーバー内"
"杏林堂薬局 エキマチ店",34.7038909,137.73444139999998,2000,14,2,678,867,190,19.1,5,24.1,FALSE,"セーフハーバー内"
"杏林堂ドラッグストア 伝馬町店",34.7062642,137.7285302,2000,15,2,616,751,135,18,3.7,21.7,FALSE,"セーフハーバー内"
"杏林堂ドラッグストア 竜洋店",34.6733274,137.8155065,2000,4,0,1119,1119,0,0,6.3,6.3,FALSE,"セーフハーバー内"
"杏林堂ドラッグストア 竜洋店 調剤",34.6733274,137.8155065,2000,4,0,1119,1119,0,0,6.3,6.3,FALSE,"セーフハーバー内"
"杏林堂薬局 芳川店 調剤",34.6846855,137.7661475,2000,8,2,698,780,81,11.9,3.4,15.3,FALSE,"セーフハーバー内"
"杏林堂薬局 上岡田店",34.7047253,137.8499755,2000,10,0,555,623,68,8.1,4.2,12.3,FALSE,"セーフハーバー内"
"杏林堂薬局 上岡田店 調剤",34.7047253,137.8499755,2000,10,0,555,623,68,8.1,4.2,12.3,FALSE,"セーフハーバー内"
"杏林堂ドラッグストア 小笠店",34.7013406,138.0944016,2000,5,2,1020,1050,30,5.4,2.7,8.2,FALSE,"セーフハーバー内"
"杏林堂ドラッグストア 新所原駅南店",34.7207813,137.4849032,2000,2,4,1091,1310,219,14.8,7.4,22.2,FALSE,"セーフハーバー内"
"杏林堂ドラッグストア 新所原駅南店 調剤",34.7207813,137.4849032,2000,2,4,1091,1310,219,14.8,7.4,22.2,FALSE,"セーフハーバー内"
"杏林堂薬局 鷲津店",34.7135307,137.545186,2000,8,0,576,576,0,0,6.3,6.3,FALSE,"セーフハーバー内"
"杏林堂薬局 鷲津店 調剤",34.7135307,137.545186,2000,8,0,576,576,0,0,6.3,6.3,FALSE,"セーフハーバー内"
"杏林堂ドラッグストア 伊左地店",34.7442684,137.6592432,2000,5,1,1170,1205,35,2.9,5.9,8.8,FALSE,"セーフハーバー内"
"杏林堂ドラッグストア 伊左地店 調剤",34.7442684,137.6592432,2000,5,1,1170,1205,35,2.9,5.9,8.8,FALSE,"セーフハーバー内"
"杏林堂ドラッグストア 城北店",34.722369,137.7173067,2000,7,0,1019,1349,331,21.8,7.6,29.4,FALSE,"セーフハーバー内"
"杏林堂ドラッグストア 高町店",34.7084326,137.7238002,2000,14,0,604,774,169,17.1,5,22,FALSE,"セーフハーバー内"
"杏林堂薬局 和合店",34.7394248,137.70385,2000,3,0,1803,1896,93,3.4,13.6,17,FALSE,"セーフハーバー内"
"杏林堂薬局 富塚店",34.7205641,137.7016409,2000,5,0,1136,1191,55,2,13.5,15.5,FALSE,"セーフハーバー内"
"杏林堂ドラッグストア H＆B Special 泉店",34.7453461,137.7187146,2000,9,0,751,885,134,9.8,6.8,16.7,FALSE,"セーフハーバー内"
"杏林堂薬局 浜松医療センター前店",34.71562,137.70276940000002,2000,7,0,854,1082,228,11.4,10,21.4,FALSE,"セーフハーバー内"
"杏林堂ドラッグストア 新大平台店",34.727140299999995,137.6886671,2000,3,1,1483,1694,211,6.8,15.5,22.3,FALSE,"セーフハーバー内"
"杏林堂ドラッグストア 新津店",34.7215531,137.742147,2000,11,1,1298,1466,168,30.7,2.7,33.4,FALSE,"セーフハーバー内"
"杏林堂薬局 和田店",34.7159766,137.7741613,2000,11,0,683,725,43,16.2,1.3,17.5,FALSE,"セーフハーバー内"
"杏林堂ドラッグストア 上島駅前店",34.7414293,137.7467278,2000,8,0,757,906,149,10.4,7.2,17.6,FALSE,"セーフハーバー内"
"杏林堂薬局 ピーワンプラザ天王店",34.735206,137.765529,2000,9,0,611,728,117,9.7,6,15.7,FALSE,"セーフハーバー内"
"杏林堂薬局 有玉南町店",34.7552745,137.7521272,2000,5,1,979,1272,293,14.8,9.9,24.7,FALSE,"セーフハーバー内"
"杏林堂ドラッグストア 天王店",34.7337882,137.7708084,2000,8,0,791,969,178,18.5,4.8,23.3,FALSE,"セーフハーバー内"
"杏林堂薬局 小豆餅店",34.754478399999996,137.7316301,2000,10,0,689,689,0,0,6.3,6.3,FALSE,"セーフハーバー内"
"杏林堂薬局 上西店",34.7251435,137.7523136,2000,13,1,616,781,164,14.3,5.7,20.1,FALSE,"セーフハーバー内"
"杏林堂薬局 豊田小立野店",34.7259921,137.81904140000003,2000,4,0,1740,2066,326,20.2,8.1,28.3,TRUE,"セーフハーバー超過(スーパー有=競争維持余地)"
"杏林堂ドラッグストア 豊田駅前店",34.7144562,137.8194332,2000,3,0,2133,2659,526,25.6,10.3,35.9,TRUE,"セーフハーバー超過(スーパー有=競争維持余地)"
"杏林堂ドラッグストア 岩井店",34.7403838,137.8777475,2000,4,1,1228,1351,123,19.2,3.2,22.4,FALSE,"セーフハーバー内"
"杏林堂ドラッグストア 鳥之瀬店",34.711721499999996,137.8610316,2000,13,0,545,656,111,12.2,4.5,16.8,FALSE,"セーフハーバー内"
"杏林堂薬局 西貝塚店",34.719322399999996,137.8729137,2000,8,1,861,993,132,19,3.5,22.5,FALSE,"セーフハーバー内"
"杏林堂薬局 袋井旭町店",34.7532353,137.9210052,2000,12,1,428,453,25,2.8,4.5,7.2,FALSE,"セーフハーバー内"
"杏林堂ドラッグストア 袋井西田店",34.7416391,137.9127483,2000,10,2,508,545,37,4.7,4,8.6,FALSE,"セーフハーバー内"
"杏林堂ドラッグストア 袋井国本店",34.7562231,137.9339258,2000,7,1,700,722,21,1.9,5.7,7.5,FALSE,"セーフハーバー内"
"杏林堂薬局 袋井旭町店 調剤",34.7532353,137.9210052,2000,12,1,428,453,25,2.8,4.5,7.2,FALSE,"セーフハーバー内"
"杏林堂ドラッグストア 菊川店",34.7558289,138.09037619999998,2000,6,4,645,748,103,9.7,5.3,15,FALSE,"セーフハーバー内"
"杏林堂薬局菊川調剤センター",34.7557498,138.0903602,2000,6,4,645,748,103,9.7,5.3,15,FALSE,"セーフハーバー内"
"杏林堂薬局 菊川病院前店",34.7345931,138.0983437,2000,2,4,961,1067,106,15.8,3.3,19.2,FALSE,"セーフハーバー内"
"杏林堂ドラッグストア 細江店",34.8065065,137.6527088,2000,5,0,1338,1441,102,16,3.2,19.2,FALSE,"セーフハーバー内"
"杏林堂ドラッグストア根洗店",34.800284999999995,137.71329599999999,2000,2,0,1183,1238,55,3.2,8.6,11.8,FALSE,"セーフハーバー内"
"杏林堂薬局 高丘東店",34.7593993,137.7151673,2000,14,2,497,581,85,7.7,5.5,13.2,FALSE,"セーフハーバー内"
"杏林堂薬局 姫街道店",34.7719664,137.7087133,2000,10,2,666,773,107,12.3,4.3,16.7,FALSE,"セーフハーバー内"
"杏林堂ドラッグストア 新初生店",34.7725301,137.7243645,2000,8,3,724,897,173,13.2,6.6,19.8,FALSE,"セーフハーバー内"
"杏林堂薬局 三方原聖隷前店",34.7922077,137.68881149999999,2000,1,0,921,989,68,7.1,4.8,11.9,FALSE,"セーフハーバー内"
"杏林堂ドラッグストア 小松店",34.7901561,137.7779165,2000,10,1,613,671,58,9.9,2.9,12.8,FALSE,"セーフハーバー内"
"杏林堂ドラッグストア 内野店",34.7822805,137.75466849999998,2000,2,1,1233,1310,77,4.4,8.8,13.2,FALSE,"セーフハーバー内"
"杏林堂ドラッグストア 中郡店",34.7699849,137.7829971,2000,4,0,1073,1073,0,0,6.2,6.2,FALSE,"セーフハーバー内"
"杏林堂薬局 浜松医大調剤センター",34.770905899999995,137.7440373,2000,1,1,1549,1803,254,5.6,22.5,28.2,TRUE,"セーフハーバー超過(スーパー有=競争維持余地)"
"杏林堂薬局 浜北店",34.8091943,137.8014432,2000,8,1,595,693,97,10.5,4.7,15.1,FALSE,"セーフハーバー内"
"杏林堂ドラッグストア 小松店 調剤",34.7901561,137.7779165,2000,10,1,613,671,58,9.9,2.9,12.8,FALSE,"セーフハーバー内"
"杏林堂ドラッグストア 中郡店 調剤",34.7699849,137.7829971,2000,4,0,1073,1073,0,0,6.2,6.2,FALSE,"セーフハーバー内"
"杏林堂薬局 磐田市立病院前店",34.766853,137.856279,2000,2,0,1481,1481,0,0,5,5,FALSE,"セーフハーバー内"
"杏林堂薬局 袋井下山梨店",34.775295199999995,137.9127044,2000,5,2,986,1155,169,17.2,4.9,22.1,FALSE,"セーフハーバー内"
"杏林堂薬局 袋井下山梨店 調剤",34.775295199999995,137.9127044,2000,5,2,986,1155,169,17.2,4.9,22.1,FALSE,"セーフハーバー内"
"杏林堂ドラッグストア 掛川下垂木店",34.7792568,137.980164,2000,3,0,1298,1298,0,0,3.9,3.9,FALSE,"セーフハーバー内"
"杏林堂薬局 掛川花鳥園前店",34.7623034,138.0171885,2000,11,2,455,475,20,4.2,2.4,6.6,FALSE,"セーフハーバー内"
"杏林堂薬局 掛川葛ヶ丘店",34.78786970000001,138.02822089999998,2000,4,3,930,985,56,10.2,2.7,12.9,FALSE,"セーフハーバー内"
"杏林堂薬局 掛川花鳥園前店 調剤",34.7623034,138.0171885,2000,11,2,455,475,20,4.2,2.4,6.6,FALSE,"セーフハーバー内"
"杏林堂ドラッグストア 菊川店 調剤",34.7558289,138.09037619999998,2000,6,4,645,748,103,9.7,5.3,15,FALSE,"セーフハーバー内"
"杏林堂ドラッグストア 吉田店",34.7886267,138.2477135,2000,8,1,790,874,85,11.3,3.8,15,FALSE,"セーフハーバー内"
"杏林堂ドラッグストア 吉田店 調剤",34.7886267,138.2477135,2000,8,1,790,874,85,11.3,3.8,15,FALSE,"セーフハーバー内"
"杏林堂薬局 引佐店",34.8164908,137.6788234,2000,6,0,1144,1144,0,0,5.4,5.4,FALSE,"セーフハーバー内"
"杏林堂薬局 引佐店 調剤",34.8164908,137.6788234,2000,6,0,1144,1144,0,0,5.4,5.4,FALSE,"セーフハーバー内"
"杏林堂ドラッグストア根洗店 調剤",34.800284999999995,137.71329599999999,2000,2,0,1183,1238,55,3.2,8.6,11.8,FALSE,"セーフハーバー内"
"杏林堂ドラッグストア 新原店",34.813908,137.7831917,2000,8,0,628,640,13,1.3,5,6.3,FALSE,"セーフハーバー内"
"杏林堂ドラッグストア 新原店 調剤",34.813908,137.7831917,2000,8,0,628,640,13,1.3,5,6.3,FALSE,"セーフハーバー内"
"杏林堂薬局 於呂店",34.8476418,137.80531349999998,2000,3,0,1034,1113,79,2.1,19.2,21.2,FALSE,"セーフハーバー内"
"杏林堂薬局 西鹿島駅前店",34.846586099999996,137.8108636,2000,3,0,1034,1113,79,2.1,19.2,21.2,FALSE,"セーフハーバー内"
"杏林堂薬局 弘済堂薬局",34.850192199999995,137.8117696,2000,2,0,1065,1065,0,0,21.4,21.4,FALSE,"セーフハーバー内"
"杏林堂薬局 西鹿島駅前店 調剤",34.846586099999996,137.8108636,2000,3,0,1034,1113,79,2.1,19.2,21.2,FALSE,"セーフハーバー内"
"杏林堂ドラッグストア 森町店",34.8241474,137.91959939999998,2000,5,2,1024,1083,58,5.4,5.4,10.8,FALSE,"セーフハーバー内"
"杏林堂ドラッグストア 森町店 調剤",34.824024099999995,137.91968520000003,2000,5,2,1024,1083,58,5.4,5.4,10.8,FALSE,"セーフハーバー内"
"杏林堂ドラッグストア 島田駅南店",34.829330299999995,138.17124719999998,2000,13,4,419,451,32,5,3.2,8.2,FALSE,"セーフハーバー内"
"杏林堂ドラッグストア 島田稲荷店",34.834828699999996,138.15720969999998,2000,8,3,558,610,52,5.7,4.6,10.3,FALSE,"セーフハーバー内"
"杏林堂ドラッグストア 島田駅南店 調剤",34.829330299999995,138.17124719999998,2000,13,4,419,451,32,5,3.2,8.2,FALSE,"セーフハーバー内"
"杏林堂ドラッグストア 藤枝青島店",34.8450001,138.2313451,2000,6,3,746,842,96,6,8,14,FALSE,"セーフハーバー内"
"杏林堂薬局 藤枝田沼店",34.841350399999996,138.25637039999998,2000,8,3,600,674,74,5.9,6.3,12.2,FALSE,"セーフハーバー内"
"杏林堂ドラッグストア 藤枝駅北店",34.8512158,138.24710199999998,2000,11,4,488,557,69,5.7,6,11.7,FALSE,"セーフハーバー内"
"杏林堂ドラッグストア藤枝駅北店",34.852199399999996,138.24668830000002,2000,11,4,488,557,69,5.7,6,11.7,FALSE,"セーフハーバー内"
"杏林堂薬局藤枝駅北店",34.852084399999995,138.24671970000003,2000,11,4,488,557,69,5.7,6,11.7,FALSE,"セーフハーバー内"
"杏林堂薬局 焼津与惣次店",34.846184199999996,138.3119776,2000,17,12,502,574,72,14.9,2.4,17.3,FALSE,"セーフハーバー内"
"杏林堂ドラッグストア 焼津大住店",34.8474242,138.2913752,2000,5,7,1215,1638,423,26.7,7.9,34.7,TRUE,"セーフハーバー超過(スーパー有=競争維持余地)"
"杏林堂薬局 焼津与惣次店 調剤",34.8462631,138.3119779,2000,17,12,494,565,71,14.8,2.4,17.2,FALSE,"セーフハーバー内"
"杏林堂ドラッグストア 二俣店",34.860129199999996,137.8158059,2000,3,0,984,984,0,0,18.7,18.7,FALSE,"セーフハーバー内"
"杏林堂薬局 於呂店 調剤",34.8476418,137.80531349999998,2000,3,0,1034,1113,79,2.1,19.2,21.2,FALSE,"セーフハーバー内"
"杏林堂ドラッグストア 二俣店 調剤",34.860129199999996,137.8158059,2000,3,0,984,984,0,0,18.7,18.7,FALSE,"セーフハーバー内"
"杏林堂ドラッグストア 藤枝清里店",34.8932242,138.2638472,2000,6,2,1157,1334,177,17.6,5,22.6,FALSE,"セーフハーバー内"
"杏林堂ドラッグストア 西焼津駅北店",34.860949999999995,138.28485129999999,2000,5,3,748,820,72,8.2,4.4,12.6,FALSE,"セーフハーバー内"
"杏林堂ドラッグストア 藤枝清里店 調剤",34.8932242,138.2638472,2000,6,2,1157,1334,177,17.6,5,22.6,FALSE,"セーフハーバー内"
"杏林堂薬局 静岡山崎店",34.9763186,138.35207160000002,2000,6,5,918,968,50,11.2,2.2,13.4,FALSE,"セーフハーバー内"
"杏林堂ドラッグストア 静岡大坪店",34.9637633,138.39810939999998,2000,16,5,430,473,43,13.6,1.6,15.2,FALSE,"セーフハーバー内"
"杏林堂ドラッグストア 静岡小鹿店",34.9706511,138.42213909999998,2000,7,1,690,776,87,12.1,3.6,15.7,FALSE,"セーフハーバー内"
"杏林堂薬局 静岡千代田店",35.000459,138.4075291,2000,14,5,676,752,76,17.3,2.2,19.5,FALSE,"セーフハーバー内"
"杏林堂ドラッグストア テレビ静岡前店",34.9906856,138.4260933,2000,10,4,652,767,115,14.2,4.1,18.2,FALSE,"セーフハーバー内"
"杏林堂薬局 静岡登呂店",34.960410200000005,138.4122118,2000,13,3,441,501,60,9.7,3.1,12.8,FALSE,"セーフハーバー内"
"杏林堂ドラッグストア 静岡草薙店",35.0003394,138.4340779,2000,10,4,630,707,77,9,4.3,13.3,FALSE,"セーフハーバー内"
"杏林堂薬局 清水三保店",34.99864290000001,138.51580350000003,2000,5,0,1248,1434,186,15.3,6.1,21.4,FALSE,"セーフハーバー内"
"杏林堂薬局 清水三保店 調剤",34.99864290000001,138.51580350000003,2000,5,0,1248,1434,186,15.3,6.1,21.4,FALSE,"セーフハーバー内"
"杏林堂ドラッグストア 静岡松富店",35.0105104,138.3733144,2000,8,8,1379,1567,188,32.9,2.9,35.7,FALSE,"セーフハーバー内"
"杏林堂ドラッグストア 静岡松富店 調剤",35.0105104,138.3733144,2000,8,8,1379,1567,188,32.9,2.9,35.7,FALSE,"セーフハーバー内"
"杏林堂薬局 瀬名川店",35.0084848,138.4255344,2000,11,5,598,696,98,9.4,5.2,14.7,FALSE,"セーフハーバー内"
"杏林堂ドラッグストア ながいずみ中土狩店",35.1369486,138.90694019999998,2000,9,8,1724,1827,102,38.3,1.3,39.7,FALSE,"セーフハーバー内"
"（株）根本杏林堂",35.1416243,139.0752199,2000,1,0,2353,2353,0,0,8.7,8.7,FALSE,"セーフハーバー内"
"杏林堂ドラッグストア 富士永田店",35.1632131,138.6717342,2000,15,5,704,743,39,20.1,1,21.1,FALSE,"セーフハーバー内"
"杏林堂ドラッグストア 富士松岡店",35.162701399999996,138.6433789,2000,12,2,554,578,25,9.7,1.3,11,FALSE,"セーフハーバー内"
"杏林堂ドラッグストア 富士厚原店",35.189725800000005,138.66216169999998,2000,6,4,1120,1308,188,21.4,4.4,25.8,FALSE,"セーフハーバー内"
"杏林堂ドラッグストア アクロスプラザ厚原店",35.1834061,138.65674199999998,2000,6,2,1186,1368,182,17.8,5.1,22.9,FALSE,"セーフハーバー内"
"杏林堂ドラッグストア 富士宮浅間店",35.2185275,138.61063240000001,2000,12,4,769,816,47,18.7,1.3,19.9,FALSE,"セーフハーバー内"
"ツルハドラッグ 飯田川路店",35.447777599999995,137.8132292,2000,5,0,1577,1577,0,0,3.5,3.5,FALSE,"セーフハーバー内"
"ツルハドラッグ 飯田西鼎店",35.5072459,137.8372211,2000,12,0,353,374,21,5.1,2,7.1,FALSE,"セーフハーバー内"
"ツルハドラッグ 上吉田店",35.482552,138.8036534,2000,17,3,324,334,10,6.2,0.8,7,FALSE,"セーフハーバー内"
"ツルハドラッグ 飯田駅前店",35.5196555,137.8225987,2000,10,0,418,418,0,0,2.4,2.4,FALSE,"セーフハーバー内"
"ツルハドラッグ 都留文大駅前店",35.541747799999996,138.8952789,2000,8,2,707,721,13,3.6,1.8,5.4,FALSE,"セーフハーバー内"
"ツルハドラッグ 松川大島店",35.603016,137.89816340000002,2000,4,0,1012,1012,0,0,3,3,FALSE,"セーフハーバー内"
"ツルハドラッグ 峡西店",35.603929199999996,138.4675352,2000,7,2,596,607,11,3.3,1.7,5,FALSE,"セーフハーバー内"
"ツルハドラッグ 市川大門店",35.564099399999996,138.49473319999998,2000,4,2,1311,1359,48,6.9,3.4,10.3,FALSE,"セーフハーバー内"
"ツルハドラッグ 山梨中央店",35.6084332,138.5437201,2000,3,1,1114,1165,50,3.5,7.1,10.6,FALSE,"セーフハーバー内"
"調剤薬局ツルハドラッグ 山梨中央店",35.606946,138.541224,2000,2,0,1077,1077,0,0,8.2,8.2,FALSE,"セーフハーバー内"
"ツルハドラッグ 都留赤坂店",35.565146,138.917507,2000,7,0,723,723,0,0,2,2,FALSE,"セーフハーバー内"
"ツルハドラッグ 南アルプス桃園店",35.6273128,138.46451159999998,2000,7,2,628,640,12,3.4,1.7,5.2,FALSE,"セーフハーバー内"
"ツルハドラッグ 甲府昭和店",35.623834099999996,138.52443789999998,2000,7,1,1163,1260,98,23.2,2.1,25.3,FALSE,"セーフハーバー内"
"ツルハドラッグ 甲府高畑店",35.6530408,138.5620418,2000,7,2,765,812,47,3.9,5.9,9.9,FALSE,"セーフハーバー内"
"ツルハドラッグ 甲府国母店",35.6422631,138.55928989999998,2000,9,2,567,594,26,3,4.4,7.4,FALSE,"セーフハーバー内"
"ツルハドラッグ 甲府中小河原店",35.6350925,138.5701061,2000,6,1,870,901,31,2.3,6.8,9.1,FALSE,"セーフハーバー内"
"ツルハドラッグ 甲府朝気店",35.648396399999996,138.5813952,2000,5,1,987,1028,42,2.6,7.9,10.5,FALSE,"セーフハーバー内"
"ツルハドラッグ 笛吹店",35.6414326,138.62701239999998,2000,7,2,1270,1375,105,29.8,1.8,31.6,FALSE,"セーフハーバー内"
"くすりのレデイ 東津山店",35.05834,134.03996,2000,8,0,734,843,108,16.5,3.3,19.8,FALSE,"セーフハーバー内"
"くすりのレデイ津山高野店",35.074542099999995,134.0438887,2000,8,0,537,585,48,7.7,3.1,10.8,FALSE,"セーフハーバー内"
"ウェルネス 西伯店",35.3562435,133.3300018,2000,1,0,2732,2732,0,0,9.5,9.5,FALSE,"セーフハーバー内"
"ウェルネス 溝口店",35.3464308,133.4340044,2000,1,0,3227,3227,0,0,10.5,10.5,FALSE,"セーフハーバー内"
"ウェルネス五千石店",35.4001321,133.3735041,2000,4,0,1031,1031,0,0,3,3,FALSE,"セーフハーバー内"
"ウェルネス 生田店",35.417245199999996,133.8056772,2000,3,0,1298,1298,0,0,3.9,3.9,FALSE,"セーフハーバー内"
"ウェルネス 郡家店",35.4193018,134.2594966,2000,3,0,1679,1679,0,0,4.5,4.5,FALSE,"セーフハーバー内"
"ウェルネス 東出雲店",35.4298754,133.1326951,2000,7,0,712,786,74,9.6,3.8,13.5,FALSE,"セーフハーバー内"
"ウェルネス 東出雲薬局",35.42984810000001,133.1327066,2000,7,0,712,786,74,9.6,3.8,13.5,FALSE,"セーフハーバー内"
"ウェルネス 安来店",35.433561399999995,133.24002819999998,2000,13,0,694,694,0,0,2.4,2.4,FALSE,"セーフハーバー内"
"ウェルネス 安来薬局",35.4337218,133.2400297,2000,13,0,694,694,0,0,2.4,2.4,FALSE,"セーフハーバー内"
"ウェルネス 角盤店",35.435262699999996,133.3301688,2000,12,0,440,529,89,5.3,8.4,13.7,FALSE,"セーフハーバー内"
"ウェルネス 旗ヶ崎店",35.4374719,133.3100582,2000,9,0,624,699,76,7.9,4.8,12.7,FALSE,"セーフハーバー内"
"ウェルネス 米原６丁目店",35.4429406,133.3351807,2000,13,1,406,480,74,6.1,6.1,12.2,FALSE,"セーフハーバー内"
"ウェルネス 夜見店",35.4673642,133.3072226,2000,8,0,675,706,31,8.8,1.8,10.6,FALSE,"セーフハーバー内"
"ウェルネス 米原店",35.4459776,133.3270552,2000,15,0,341,381,40,4.5,4.5,8.9,FALSE,"セーフハーバー内"
"ウェルネス 東福原店",35.434878999999995,133.34784,2000,7,1,709,925,216,10.4,10.4,20.8,FALSE,"セーフハーバー内"
"ウェルネス 上福原店",35.44873750000001,133.3551258,2000,7,1,557,585,29,1.5,9.3,10.8,FALSE,"セーフハーバー内"
"ウェルネス 両三柳店",35.4506762,133.3358824,2000,9,1,483,501,18,1.3,6.6,8,FALSE,"セーフハーバー内"
"ウェルネス 昭和町店",35.426274,133.34358229999998,2000,6,0,672,814,142,9.4,7.5,17,FALSE,"セーフハーバー内"
"ウェルネス 皆生店",35.4526807,133.36632989999998,2000,4,2,752,822,71,4.8,7.3,12.1,FALSE,"セーフハーバー内"
"ウェルネス みのかや店",35.430908699999996,133.3842048,2000,7,2,2650,2856,206,47.6,2.2,49.7,TRUE,"セーフハーバー超過(スーパー有=競争維持余地)"
"ウェルネス 淀江店",35.4509981,133.4130194,2000,5,0,1285,1478,192,15.5,6.2,21.7,FALSE,"セーフハーバー内"
"ウェルネス 淀江薬局",35.4510101,133.4129958,2000,5,0,1285,1478,192,15.5,6.2,21.7,FALSE,"セーフハーバー内"
"ウェルネス 上井店",35.4498448,133.8475271,2000,6,2,543,578,35,3.4,5.2,8.6,FALSE,"セーフハーバー内"
"ウェルネス 倉吉東店",35.4324021,133.8437841,2000,14,0,449,449,0,0,3.3,3.3,FALSE,"セーフハーバー内"
"ウェルネス 倉吉南店",35.4345187,133.8188084,2000,10,0,565,565,0,0,1.5,1.5,FALSE,"セーフハーバー内"
"ウェルネス 八屋店",35.4443031,133.8486087,2000,9,2,468,490,22,2.7,4,6.7,FALSE,"セーフハーバー内"
"ウェルネス 河原店",35.426738199999996,134.206448,2000,1,0,4822,4822,0,0,13.3,13.3,FALSE,"セーフハーバー内"
"ウェルネス 境港マリーナ店",35.5156671,133.2489575,2000,6,0,1124,1124,0,0,2.7,2.7,FALSE,"セーフハーバー内"
"ウェルネス 皆生薬局",35.4526466,133.3663398,2000,4,2,752,822,71,4.8,7.3,12.1,FALSE,"セーフハーバー内"
"ウェルネス 東伯店",35.5042352,133.6873714,2000,5,0,1043,1043,0,0,5.4,5.4,FALSE,"セーフハーバー内"
"ウェルネス 琴浦店",35.503212,133.68009899999998,2000,5,0,1043,1043,0,0,5.4,5.4,FALSE,"セーフハーバー内"
"ウェルネス 北栄店",35.4904228,133.7605556,2000,4,0,1867,1867,0,0,4.3,4.3,FALSE,"セーフハーバー内"
"ウェルネス ハワイ店",35.486239499999996,133.8592889,2000,2,0,1413,1413,0,0,4.9,4.9,FALSE,"セーフハーバー内"
"ウェルネス 青谷店",35.516340299999996,133.99826009999998,2000,2,0,2833,2833,0,0,7.3,7.3,FALSE,"セーフハーバー内"
"ウェルネス 気高店",35.513827,134.0467769,2000,1,0,2500,2500,0,0,9.1,9.1,FALSE,"セーフハーバー内"
"ウェルネス 湖山店",35.5145219,134.1895242,2000,12,1,540,606,66,16.2,2,18.3,FALSE,"セーフハーバー内"
"ウェルネス 片原店",35.5048944,134.22822349999998,2000,11,0,385,410,25,5.6,2.2,7.8,FALSE,"セーフハーバー内"
"ウェルネス 南吉方店",35.4860983,134.2338342,2000,12,0,373,424,51,5,5,10.1,FALSE,"セーフハーバー内"
"ウェルネス 徳尾店",35.5001497,134.2060247,2000,7,0,615,647,32,8.9,1.8,10.7,FALSE,"セーフハーバー内"
"ウェルネス 叶店",35.4746885,134.2177079,2000,3,0,1283,1283,0,0,10.8,10.8,FALSE,"セーフハーバー内"
"ウェルネス 吉成店",35.481482,134.2273519,2000,10,0,443,502,58,6,4.8,10.9,FALSE,"セーフハーバー内"
"ウェルネス 国府店",35.4824165,134.2542748,2000,7,0,842,842,0,0,8.1,8.1,FALSE,"セーフハーバー内"
"ウェルネス 立川店",35.4895943,134.2408256,2000,12,0,391,436,45,5.3,4.2,9.5,FALSE,"セーフハーバー内"
"ウェルネス 桜谷店",35.4688437,134.24526889999999,2000,7,0,776,776,0,0,3.9,3.9,FALSE,"セーフハーバー内"
"ウェルネス 境港渡店",35.5226354,133.2123551,2000,2,0,1310,1310,0,0,4.4,4.4,FALSE,"セーフハーバー内"
"ウェルネス 境港店",35.5415403,133.2225624,2000,11,0,472,503,31,6.3,2.5,8.8,FALSE,"セーフハーバー内"
"ウェルネス 境港薬局",35.5415169,133.2225732,2000,11,0,472,503,31,6.3,2.5,8.8,FALSE,"セーフハーバー内"
"ウェルネス 大山店",35.5217952,133.5684629,2000,1,0,4375,4375,0,0,12.5,12.5,FALSE,"セーフハーバー内"
"ウェルネス 湖山東店",35.516756099999995,134.18593909999998,2000,12,1,548,615,67,16.4,2,18.4,FALSE,"セーフハーバー内"
"ウェルネス 丸山店",35.520352599999995,134.2264463,2000,6,0,807,807,0,0,4.4,4.4,FALSE,"セーフハーバー内"
"ウェルネス 岩美店",35.567433799999996,134.3244676,2000,1,0,1908,1908,0,0,7.7,7.7,FALSE,"セーフハーバー内"
"ウェルネス 六日市店",34.3518781,131.9386495,2000,2,0,2508,2508,0,0,6.8,6.8,FALSE,"セーフハーバー内"
"ウォンツ 鷹の巣店",34.3606111,132.2304045,2000,3,0,2081,2344,263,25.6,5.1,30.8,TRUE,"セーフハーバー超過(スーパー有=競争維持余地)"
"ウォンツ 大野早時店",34.3018102,132.2911475,2000,2,0,1375,1375,0,0,4.8,4.8,FALSE,"セーフハーバー内"
"ウォンツ 大野店",34.2910365,132.2736279,2000,6,0,1025,1025,0,0,5,5,FALSE,"セーフハーバー内"
"ウォンツ 宮内店",34.3450038,132.30665199999999,2000,9,0,546,647,101,7.1,7.1,14.2,FALSE,"セーフハーバー内"
"ウォンツ ハローズ宮内店",34.3454882,132.3052097,2000,9,0,556,660,104,7.2,7.2,14.4,FALSE,"セーフハーバー内"
"ウォンツ 大野薬局",34.291047299999995,132.2736395,2000,6,0,1025,1025,0,0,5,5,FALSE,"セーフハーバー内"
"ウォンツ 宮内薬局",34.3450911,132.3068142,2000,9,0,546,647,101,7.1,7.1,14.2,FALSE,"セーフハーバー内"
"ウォンツ JA広島総合病院前店",34.342696,132.3230602,2000,16,0,408,462,54,4.7,5.7,10.4,FALSE,"セーフハーバー内"
"ウォンツ 廿日市新宮店",34.3499912,132.33037919999998,2000,14,0,507,578,71,10.9,3.3,14.2,FALSE,"セーフハーバー内"
"ウォンツ ファーマーズみやうち店",34.3497631,132.3138505,2000,10,0,498,596,97,6.4,7.6,14,FALSE,"セーフハーバー内"
"ウォンツ 坂店",34.3426446,132.5122268,2000,4,0,917,917,0,0,2.8,2.8,FALSE,"セーフハーバー内"
"ウォンツ 熊野平谷店",34.3322386,132.5641331,2000,4,0,1031,1031,0,0,6,6,FALSE,"セーフハーバー内"
"くすりのレデイ 矢野駅前店",34.352033,132.53304699999998,2000,11,0,546,692,146,12.1,6,18.1,FALSE,"セーフハーバー内"
"レデイ薬局 矢野駅前店",34.352033,132.53304699999998,2000,11,0,546,692,146,12.1,6,18.1,FALSE,"セーフハーバー内"
"ウォンツ 熊野店",34.3464982,132.5915022,2000,4,0,1214,1325,111,16.7,3.3,20,FALSE,"セーフハーバー内"
"ウォンツ ハローズ熊野モール店",34.3319815,132.5760044,2000,5,0,746,850,103,11.4,4.5,15.9,FALSE,"セーフハーバー内"
"ウォンツ 黒瀬店",34.3256738,132.6648903,2000,4,0,990,990,0,0,5.9,5.9,FALSE,"セーフハーバー内"
"くすりのレデイ 黒瀬店",34.320737,132.66807799999998,2000,4,0,1031,1031,0,0,6,6,FALSE,"セーフハーバー内"
"ウォンツ 竹原店",34.345780399999995,132.9059564,2000,11,0,552,614,63,12.5,2.5,15,FALSE,"セーフハーバー内"
"くすりのレデイ フジ竹原店",34.347652,132.90263769999999,2000,11,0,561,625,64,12.7,2.5,15.2,FALSE,"セーフハーバー内"
"ウォンツ 徳佐店",34.3942876,131.7185638,2000,2,0,2833,2833,0,0,7.3,7.3,FALSE,"セーフハーバー内"
"ウォンツ 五日市コイン通り店",34.3671551,132.35502119999998,2000,8,0,725,919,194,8.3,11.7,20,FALSE,"セーフハーバー内"
"ウォンツ 佐方店",34.366728099999996,132.34417159999998,2000,9,0,746,943,197,15.7,6.3,22,FALSE,"セーフハーバー内"
"ウォンツ 皆賀店",34.3756773,132.36747889999998,2000,9,0,655,824,169,7.3,11.6,18.9,FALSE,"セーフハーバー内"
"くすりのレデイ 五日市店",34.379037,132.360751,2000,9,0,663,825,162,7.6,10.6,18.3,FALSE,"セーフハーバー内"
"ウォンツ 海老園店",34.3604367,132.3586142,2000,5,0,849,1110,261,11.4,11.4,22.9,FALSE,"セーフハーバー内"
"ウォンツ 波出石店",34.382104999999996,132.3557525,2000,8,0,729,729,0,0,10.3,10.3,FALSE,"セーフハーバー内"
"ウォンツ 八幡西店",34.3862101,132.3632437,2000,11,0,604,702,97,7,7,13.9,FALSE,"セーフハーバー内"
"ウォンツ 八幡３号店",34.3926304,132.35756609999999,2000,7,0,862,862,0,0,10.2,10.2,FALSE,"セーフハーバー内"
"ウォンツ 海老山店",34.3653914,132.36571469999998,2000,7,0,934,1380,446,17.9,12.5,30.4,FALSE,"セーフハーバー内"
"ウォンツ 井口明神店",34.3733729,132.3896642,2000,6,0,1095,1473,378,21.7,8.7,30.4,FALSE,"セーフハーバー内"
"ウォンツ 庚午中店",34.3827079,132.4104655,2000,7,0,1062,1537,475,19.9,11.9,31.8,TRUE,"セーフハーバー超過(スーパー有=競争維持余地)"
"くすりのレデイ 庚午南店",34.378479000000006,132.410003,2000,8,0,993,1401,408,18.4,11.1,29.5,FALSE,"セーフハーバー内"
"くすりのレデイ 井口店",34.366802,132.380329,2000,6,0,1113,1575,462,21.5,10.8,32.3,TRUE,"セーフハーバー超過(スーパー有=競争維持余地)"
"（株）ツルハグループ ドラッグ＆ファーマシー西日本",34.3732773,132.389583,2000,6,0,1095,1473,378,21.7,8.7,30.4,FALSE,"セーフハーバー内"
"ウォンツ薬局 庚午中店",34.3833266,132.4113538,2000,7,0,1092,1582,490,20.2,12.1,32.3,TRUE,"セーフハーバー超過(スーパー有=競争維持余地)"
"ウォンツ 舟入町店",34.389715699999996,132.4448531,2000,13,1,619,976,357,15.4,11.6,27,FALSE,"セーフハーバー内"
"ウォンツ 小町店",34.3883416,132.4587812,2000,12,1,768,1190,422,21.1,10,31.1,FALSE,"セーフハーバー内"
"ウォンツ 吉島店",34.372907399999995,132.44518739999998,2000,8,0,1462,2039,577,29.4,9.8,39.2,TRUE,"セーフハーバー超過(スーパー有=競争維持余地)"
"ウォンツ 西観音店",34.3928838,132.4356374,2000,11,1,672,977,306,13.7,11.2,24.8,FALSE,"セーフハーバー内"
"ウォンツ 舟入市民病院前店",34.3863882,132.4401191,2000,13,1,597,884,286,11.5,12.5,24,FALSE,"セーフハーバー内"
"ウォンツ 観音店",34.3824548,132.4294592,2000,9,0,1279,2079,800,24.5,16.3,40.8,TRUE,"セーフハーバー超過(スーパー有=競争維持余地)"
"ウォンツ 本通店",34.392869,132.4591171,2000,15,1,930,1408,478,25.9,9.2,35.1,FALSE,"セーフハーバー内"
"ウォンツ 己斐本町店",34.3928899,132.4251505,2000,9,0,1032,1604,572,16.1,17.7,33.9,TRUE,"セーフハーバー超過(スーパー有=競争維持余地)"
"くすりのレデイ 南観音店",34.38164,132.43204599999999,2000,10,0,1193,1857,664,23.5,14.1,37.6,TRUE,"セーフハーバー超過(スーパー有=競争維持余地)"
"ウォンツ 中広町1丁目店",34.4003562,132.443397,2000,12,1,664,1021,356,16.9,10.6,27.4,FALSE,"セーフハーバー内"
"ウォンツ 幟町店",34.396627699999996,132.46838309999998,2000,12,1,719,1113,394,20.3,9.7,30,FALSE,"セーフハーバー内"
"ウォンツ 愛宕店",34.3966086,132.48177529999998,2000,7,0,1029,1585,555,24.4,11.4,35.8,TRUE,"セーフハーバー超過(スーパー有=競争維持余地)"
"ウォンツ 東雲本町店",34.3833538,132.4852764,2000,7,0,1168,1803,635,26.1,12.2,38.3,TRUE,"セーフハーバー超過(スーパー有=競争維持余地)"
"ウォンツ 光町店",34.4004666,132.4790545,2000,6,0,1698,2728,1030,35.9,14.3,50.2,TRUE,"セーフハーバー超過(スーパー有=競争維持余地)"
"ウォンツ銀山店",34.3935773,132.46663329999998,2000,13,1,1066,1544,478,28.7,8.3,37,TRUE,"セーフハーバー超過(スーパー有=競争維持余地)"
"ウォンツ 段原店",34.385526399999996,132.4769284,2000,10,0,728,1148,420,17.8,11.8,29.6,FALSE,"セーフハーバー内"
"ウォンツ 府中浜田店",34.387698199999996,132.508508,2000,11,0,568,658,90,6.7,6.7,13.4,FALSE,"セーフハーバー内"
"ウォンツ 海田栄町店",34.3624108,132.53442619999998,2000,15,0,437,545,108,9.5,5.7,15.2,FALSE,"セーフハーバー内"
"ウォンツ 府中本町店",34.397545,132.5054926,2000,12,0,533,710,177,11.2,7.9,19.1,FALSE,"セーフハーバー内"
"ウォンツ 東本浦店",34.3751649,132.4918047,2000,6,0,836,1063,226,10.6,10.6,21.3,FALSE,"セーフハーバー内"
"ウォンツ 船越店",34.3743818,132.5286226,2000,14,0,509,603,94,10.8,4.3,15.2,FALSE,"セーフハーバー内"
"ウォンツ 大州店",34.387552,132.4937201,2000,12,0,726,1109,383,16.9,11.3,28.2,FALSE,"セーフハーバー内"
"ウォンツ 府中新地店",34.3832094,132.500551,2000,12,0,522,622,100,6,8.4,14.3,FALSE,"セーフハーバー内"
"くすりのレデイ 海田店",34.363852,132.53888,2000,15,0,448,560,111,9.6,5.8,15.4,FALSE,"セーフハーバー内"
"ウォンツ 海田栄町薬局",34.3624326,132.5344524,2000,15,0,437,545,108,9.5,5.7,15.2,FALSE,"セーフハーバー内"
"ウォンツ 西条御薗宇店",34.399121199999996,132.7386224,2000,6,0,823,823,0,0,4.4,4.4,FALSE,"セーフハーバー内"
"くすりのレデイ 下見店",34.407095999999996,132.70675400000002,2000,1,0,2080,2080,0,0,8,8,FALSE,"セーフハーバー内"
"ウォンツ 三原宮浦店",34.395142,133.064539,2000,15,1,341,370,29,5.4,2.7,8.1,FALSE,"セーフハーバー内"
"ウォンツ 三原古浜店",34.397766,133.08955269999998,2000,14,0,530,597,66,10.5,3.1,13.6,FALSE,"セーフハーバー内"
"ウォンツ アクロスプラザ三原店",34.395688,133.0798534,2000,20,0,334,375,41,7.2,2.9,10.1,FALSE,"セーフハーバー内"
"くすりのレデイ 三原店",34.3925777,133.07837949999998,2000,18,1,366,418,52,8.5,3.1,11.5,FALSE,"セーフハーバー内"
"ウォンツ 向島店",34.3941302,133.1938528,2000,20,1,309,316,7,4.5,0.8,5.3,FALSE,"セーフハーバー内"
"ウォンツ 下河内店",34.4060874,132.3542156,2000,5,0,1070,1227,156,14,5.6,19.6,FALSE,"セーフハーバー内"
"ウォンツ フレスポ西風新都店",34.446010199999996,132.3789237,2000,3,0,1328,1636,308,19.6,7.8,27.5,TRUE,"セーフハーバー超過(スーパー有=競争維持余地)"
"ウォンツ フレスポ西風新都薬局",34.4459911,132.37895229999998,2000,3,0,1328,1636,308,19.6,7.8,27.5,TRUE,"セーフハーバー超過(スーパー有=競争維持余地)"
"ウォンツ 三篠店",34.418436199999995,132.45612260000001,2000,10,1,1007,1288,281,23.7,5.9,29.6,FALSE,"セーフハーバー内"
"ウォンツ 祇園店",34.4414611,132.4600591,2000,11,1,900,1192,292,21.6,6.8,28.4,FALSE,"セーフハーバー内"
"ウォンツ 白島店",34.4058541,132.4598675,2000,18,1,641,962,321,19.5,8.2,27.7,FALSE,"セーフハーバー内"
"ウォンツ 中広通り店",34.3992895,132.4410097,2000,12,1,724,1087,364,18,10.1,28.1,FALSE,"セーフハーバー内"
"ウォンツ 長束店",34.431781099999995,132.4608165,2000,10,1,1092,1468,376,24.5,7.7,32.2,FALSE,"セーフハーバー内"
"ウォンツ 楠木店",34.412718999999996,132.4596306,2000,13,1,745,966,221,18.8,5.9,24.7,FALSE,"セーフハーバー内"
"ウォンツ 十日市店",34.3973979,132.44908379999998,2000,15,1,603,947,344,17.4,9.9,27.3,FALSE,"セーフハーバー内"
"ウォンツ 己斐上店",34.4075997,132.4202036,2000,1,0,3449,3449,0,0,21.1,21.1,FALSE,"セーフハーバー内"
"ウォンツ 伴中央店",34.4525989,132.4051881,2000,3,0,822,1130,309,13.9,11.1,25,FALSE,"セーフハーバー内"
"ウォンツ 中須店",34.459725,132.4739432,2000,14,1,549,757,208,11.3,9.2,20.5,FALSE,"セーフハーバー内"
"ウォンツ 戸坂店",34.436715,132.4858931,2000,8,1,922,1255,333,19.1,8.7,27.8,FALSE,"セーフハーバー内"
"ウォンツ福田店",34.4550048,132.5458098,2000,2,0,2061,2061,0,0,11.9,11.9,FALSE,"セーフハーバー内"
"ウォンツ 馬木店",34.4405231,132.5321339,2000,3,0,2283,2283,0,0,5.4,5.4,FALSE,"セーフハーバー内"
"ウォンツ 下温品店",34.4143562,132.5087925,2000,9,0,560,646,87,7.4,5.9,13.2,FALSE,"セーフハーバー内"
"ウォンツ フォレオ広島東店",34.4080067,132.50348449999998,2000,10,0,581,718,138,13.1,5.2,18.4,FALSE,"セーフハーバー内"
"ウォンツ 戸坂薬局",34.436712899999996,132.4859022,2000,8,1,922,1255,333,19.1,8.7,27.8,FALSE,"セーフハーバー内"
"ウォンツ 府中本町薬局",34.3975221,132.50551009999998,2000,12,0,533,710,177,11.2,7.9,19.1,FALSE,"セーフハーバー内"
"ウォンツ 八本松店",34.447406099999995,132.69962750000002,2000,3,2,821,851,30,5.5,2.7,8.2,FALSE,"セーフハーバー内"
"ウォンツ 西条御条店",34.4220214,132.7454357,2000,10,0,479,479,0,0,5,5,FALSE,"セーフハーバー内"
"ウォンツ 西条西店",34.438635100000006,132.7202675,2000,5,0,710,805,95,10.9,4.3,15.2,FALSE,"セーフハーバー内"
"ウォンツ 西条助実店",34.423437299999996,132.7537244,2000,9,0,502,502,0,0,4.1,4.1,FALSE,"セーフハーバー内"
"くすりのレデイ 広島西条店",34.42849,132.729701,2000,9,0,532,590,59,7,4.2,11.2,FALSE,"セーフハーバー内"
"くすりのレデイ 東広島店",34.406756,132.749967,2000,4,0,875,875,0,0,10.4,10.4,FALSE,"セーフハーバー内"
"ウォンツ 高屋店",34.4494781,132.7845882,2000,5,0,793,902,109,11.7,4.7,16.4,FALSE,"セーフハーバー内"
"くすりのウェルネス 広島空港店",34.4401705,132.9183473,2000,1,0,5830,5830,0,0,14.8,14.8,FALSE,"セーフハーバー内"
"ウォンツ 三成店",34.449429099999996,133.1971686,2000,5,0,1214,1214,0,0,3,3,FALSE,"セーフハーバー内"
"ウォンツ 福山松永店",34.445762099999996,133.252917,2000,8,0,390,390,0,0,2.6,2.6,FALSE,"セーフハーバー内"
"ウォンツ 福山松永薬局",34.445762099999996,133.252917,2000,8,0,390,390,0,0,2.6,2.6,FALSE,"セーフハーバー内"
"ウォンツ 沼田伴店",34.4636213,132.4119703,2000,3,0,930,930,0,0,11.9,11.9,FALSE,"セーフハーバー内"
"ウォンツ 沼田伴薬局",34.4636701,132.4119601,2000,3,0,987,987,0,0,16.9,16.9,FALSE,"セーフハーバー内"
"くすりのレデイ 上安店",34.4738565,132.4487368,2000,10,0,756,1103,347,13.9,12.5,26.4,FALSE,"セーフハーバー内"
"ウォンツ 長楽寺店",34.4731711,132.4305341,2000,6,0,751,951,200,10,10,20,FALSE,"セーフハーバー内"
"ウォンツ 安古市店",34.4690279,132.4592249,2000,11,0,656,917,261,12.8,10.2,23,FALSE,"セーフハーバー内"
"ウォンツ 大町西店",34.466786,132.46077599999998,2000,11,0,635,886,252,12.5,10,22.6,FALSE,"セーフハーバー内"
"くすりのレデイ 長楽寺店",34.470844,132.431952,2000,6,0,739,961,222,9.6,11.5,21.2,FALSE,"セーフハーバー内"
"ウォンツ 伴東店",34.4651187,132.42012309999998,2000,7,0,726,940,214,8.7,12.2,21,FALSE,"セーフハーバー内"
"くすりのレデイ 毘沙門店",34.476547,132.46147,2000,6,0,803,1048,245,10.1,12.1,22.2,FALSE,"セーフハーバー内"
"ウォンツ薬局 相田店",34.4701423,132.4570627,2000,11,0,672,915,244,13.2,9.2,22.4,FALSE,"セーフハーバー内"
"レデイ薬局 長楽寺店",34.470844,132.431952,2000,6,0,739,961,222,9.6,11.5,21.2,FALSE,"セーフハーバー内"
"ウォンツ 八木店",34.4819507,132.4968209,2000,6,0,1047,1404,357,11.3,15.8,27.1,FALSE,"セーフハーバー内"
"ウォンツ 緑井店",34.4688547,132.46849170000002,2000,13,0,565,780,215,10.9,9.8,20.8,FALSE,"セーフハーバー内"
"ウォンツ 東原店",34.4432678,132.48236509999998,2000,15,1,810,1116,306,21.4,7.1,28.6,FALSE,"セーフハーバー内"
"ウォンツ 西原６丁目店",34.4405256,132.46881639999998,2000,16,1,930,1306,376,24.7,7.6,32.3,FALSE,"セーフハーバー内"
"くすりのレデイ 川内店",34.471779,132.48769400000003,2000,10,0,653,812,159,7,11.3,18.3,FALSE,"セーフハーバー内"
"ウォンツ 西原店",34.4454085,132.4689584,2000,17,1,905,1301,396,23.9,8.3,32.2,FALSE,"セーフハーバー内"
"ウォンツ 口田店",34.464876499999995,132.5026735,2000,9,0,722,900,178,8,11.2,19.1,FALSE,"セーフハーバー内"
"ウォンツ 高陽落合店",34.472807599999996,132.5128061,2000,10,0,825,1114,288,15.5,9.3,24.8,FALSE,"セーフハーバー内"
"ウォンツ 高陽矢口店",34.464198100000004,132.49590630000003,2000,10,0,654,800,146,7.2,10.1,17.3,FALSE,"セーフハーバー内"
"ウォンツ フジ古市店",34.452821799999995,132.4672755,2000,17,1,742,1070,327,19.5,8.4,27.9,FALSE,"セーフハーバー内"
"ウォンツ 八木城南店",34.4760832,132.4898368,2000,8,0,750,931,181,8.7,10.4,19.1,FALSE,"セーフハーバー内"
"ウォンツ アクロスプラザ高陽店",34.4815937,132.52929749999998,2000,4,0,1311,1549,238,17.2,6.9,24.1,FALSE,"セーフハーバー内"
"ウォンツ 口田薬局",34.4649029,132.5026624,2000,9,0,702,874,172,7.8,11,18.8,FALSE,"セーフハーバー内"
"ウォンツ 福田薬局",34.4548887,132.54574209999998,2000,2,0,2061,2061,0,0,11.9,11.9,FALSE,"セーフハーバー内"
"ウォンツ 高屋薬局",34.449464,132.7846389,2000,5,0,793,902,109,11.7,4.7,16.4,FALSE,"セーフハーバー内"
"ウォンツ 福山野上店",34.4747048,133.3670362,2000,11,0,454,454,0,0,3.7,3.7,FALSE,"セーフハーバー内"
"ウォンツ 福山野上薬局",34.4747048,133.3670362,2000,11,0,454,454,0,0,3.7,3.7,FALSE,"セーフハーバー内"
"ウォンツ 福山御船店",34.4882697,133.36949339999998,2000,15,0,338,362,25,4.5,2.7,7.2,FALSE,"セーフハーバー内"
"ウォンツ 福山伊勢丘店",34.503021499999996,133.4224341,2000,13,0,440,440,0,0,2.2,2.2,FALSE,"セーフハーバー内"
"ウォンツ 亀山店",34.5244243,132.4995772,2000,11,0,465,509,45,6.1,3.7,9.8,FALSE,"セーフハーバー内"
"ウォンツ 可部店",34.5217209,132.5133208,2000,12,1,424,468,43,6.6,3.3,9.9,FALSE,"セーフハーバー内"
"ウォンツ薬局 安佐市民病院店",34.5169637,132.4962468,2000,11,1,488,542,55,7.4,3.7,11.1,FALSE,"セーフハーバー内"
"ウォンツ 三入店",34.5374397,132.5246304,2000,4,0,1423,1769,346,29.4,5.9,35.3,TRUE,"セーフハーバー超過(スーパー有=競争維持余地)"
"ウォンツ フジ三入店",34.5407577,132.5268475,2000,3,0,1114,1365,251,17.7,7.1,24.8,FALSE,"セーフハーバー内"
"ウォンツ 白木店",34.5522516,132.6630352,2000,1,0,2425,2425,0,0,8.9,8.9,FALSE,"セーフハーバー内"
"ウォンツ 御調店",34.512475699999996,133.14402769999998,2000,2,0,1865,1865,0,0,5.7,5.7,FALSE,"セーフハーバー内"
"ウォンツ 福山駅家店",34.544408,133.3289666,2000,12,0,441,441,0,0,3.4,3.4,FALSE,"セーフハーバー内"
"ウォンツ ハピアス駅家店",34.5374407,133.33230799999998,2000,10,0,488,488,0,0,3.9,3.9,FALSE,"セーフハーバー内"
"くすりのレデイ 神辺店",34.546161999999995,133.357011,2000,12,0,517,597,80,11.6,3.5,15,FALSE,"セーフハーバー内"
"ウォンツ アクロスプラザ神辺店",34.5476429,133.3818789,2000,9,0,647,674,26,8.1,1.6,9.7,FALSE,"セーフハーバー内"
"ウォンツ 福山幕山店",34.5135594,133.43439519999998,2000,5,0,1031,1031,0,0,5.5,5.5,FALSE,"セーフハーバー内"
"ウォンツ 飯室店",34.559501499999996,132.44832340000002,2000,3,0,1820,1820,0,0,4.8,4.8,FALSE,"セーフハーバー内"
"ウォンツ 世羅店",34.5853597,133.0384655,2000,7,0,938,989,51,11.3,2.3,13.6,FALSE,"セーフハーバー内"
"ウォンツ 府中店",34.5659001,133.2494644,2000,13,0,436,436,0,0,2.2,2.2,FALSE,"セーフハーバー内"
"ウォンツ 府中高木店",34.5640984,133.2438467,2000,15,0,386,386,0,0,2,2,FALSE,"セーフハーバー内"
"ウォンツ 福山加茂店",34.5570786,133.3457716,2000,13,0,504,579,75,11.2,3.4,14.5,FALSE,"セーフハーバー内"
"ウォンツ 福山駅家薬局",34.544446,133.328982,2000,12,0,441,441,0,0,3.4,3.4,FALSE,"セーフハーバー内"
"ウォンツ 福山加茂薬局",34.5572531,133.34565700000002,2000,13,0,504,579,75,11.2,3.4,14.5,FALSE,"セーフハーバー内"
"ウェルネス 益田中吉田店",34.6878849,131.84116029999998,2000,16,3,443,505,62,11.6,2.7,14.3,FALSE,"セーフハーバー内"
"ウェルネス 益田高津店",34.6898407,131.82218319999998,2000,10,0,501,501,0,0,4,4,FALSE,"セーフハーバー内"
"ウェルネス薬局 益田日赤病院前店",34.682665799999995,131.8421597,2000,17,3,419,475,56,11,2.5,13.6,FALSE,"セーフハーバー内"
"ウォンツ 千代田店",34.6759984,132.5391467,2000,6,0,981,981,0,0,4.9,4.9,FALSE,"セーフハーバー内"
"ウォンツ 千代田薬局",34.675976399999996,132.5391425,2000,6,0,981,981,0,0,4.9,4.9,FALSE,"セーフハーバー内"
"ウォンツ 吉田店",34.6655516,132.7054483,2000,3,0,1296,1296,0,0,3.9,3.9,FALSE,"セーフハーバー内"
"ウォンツ 上下店",34.7042717,133.1086384,2000,4,0,1617,1617,0,0,3.9,3.9,FALSE,"セーフハーバー内"
"ウォンツ 三次十日市店",34.8026164,132.85262,2000,13,0,391,391,0,0,5.1,5.1,FALSE,"セーフハーバー内"
"ウォンツ フレスポ三次プラザ店",34.8032379,132.8506371,2000,13,0,397,397,0,0,5.1,5.1,FALSE,"セーフハーバー内"
"ウォンツ フレスポ三次プラザ薬局",34.8032379,132.8506371,2000,13,0,397,397,0,0,5.1,5.1,FALSE,"セーフハーバー内"
"ウォンツ 三次東店",34.8054949,132.8757223,2000,7,0,668,668,0,0,7.2,7.2,FALSE,"セーフハーバー内"
"ウォンツ 三次店",34.8050047,132.871296,2000,10,0,491,491,0,0,8.7,8.7,FALSE,"セーフハーバー内"
"ウォンツ 三次東薬局",34.8054948,132.8757041,2000,7,0,668,668,0,0,7.2,7.2,FALSE,"セーフハーバー内"
"ウォンツ 三次薬局",34.8049879,132.8712833,2000,10,0,491,491,0,0,8.7,8.7,FALSE,"セーフハーバー内"
"ウォンツ 庄原板橋店",34.8487486,133.01662059999998,2000,6,0,861,861,0,0,4.6,4.6,FALSE,"セーフハーバー内"
"ウォンツ 庄原店",34.8569646,133.00847729999998,2000,6,0,861,861,0,0,4.6,4.6,FALSE,"セーフハーバー内"
"ウェルネス 浜田西店",34.865696299999996,132.02672379999998,2000,4,0,1323,1323,0,0,3.4,3.4,FALSE,"セーフハーバー内"
"ウェルネス 片庭店",34.8986794,132.07269879999998,2000,18,2,366,372,6,1.8,1.8,3.5,FALSE,"セーフハーバー内"
"ウェルネス 浜田医療センター前店",34.9035448,132.0861007,2000,17,2,352,358,6,1.8,1.8,3.5,FALSE,"セーフハーバー内"
"ウォンツ 東城店",34.8939406,133.2760677,2000,4,0,1133,1133,0,0,3.2,3.2,FALSE,"セーフハーバー内"
"ウェルネス 江津店",35.0015821,132.2011914,2000,5,0,913,913,0,0,5.1,5.1,FALSE,"セーフハーバー内"
"ウェルネス 嘉久志店",35.0070694,132.2126219,2000,3,0,1047,1047,0,0,6.8,6.8,FALSE,"セーフハーバー内"
"ウェルネス 川本店",34.9637983,132.4726719,2000,2,1,2833,2939,106,7.3,7.3,14.5,FALSE,"セーフハーバー内"
"ウェルネス 大田中央店",35.1969706,132.5009577,2000,6,0,637,776,138,9.3,7.4,16.7,FALSE,"セーフハーバー内"
"ウェルネス 大田店",35.1986317,132.4904949,2000,6,0,742,907,165,10.2,8.1,18.3,FALSE,"セーフハーバー内"
"ウェルネス 大田薬局",35.1986649,132.4905841,2000,6,0,742,907,165,10.2,8.1,18.3,FALSE,"セーフハーバー内"
"ウェルネス薬局 大田中央店",35.1969706,132.5009577,2000,6,0,637,776,138,9.3,7.4,16.7,FALSE,"セーフハーバー内"
"ウェルネス 掛合店",35.2023432,132.814857,2000,2,0,3233,3233,0,0,7.8,7.8,FALSE,"セーフハーバー内"
"ウェルネス 横田店",35.1774139,133.0876905,2000,14,0,654,654,0,0,1.4,1.4,FALSE,"セーフハーバー内"
"ウェルネス 三刀屋中央店",35.2962189,132.88521230000003,2000,10,1,630,640,9,1.5,3.1,4.6,FALSE,"セーフハーバー内"
"ウェルネス 三刀屋店",35.30141,132.8918837,2000,9,1,675,686,11,1.7,3.3,5,FALSE,"セーフハーバー内"
"ウェルネス 神門店",35.3391625,132.7117437,2000,3,0,1041,1041,0,0,3.4,3.4,FALSE,"セーフハーバー内"
"ウェルネス 下古志店",35.3410368,132.73680819999998,2000,6,2,669,685,16,4,2,5.9,FALSE,"セーフハーバー内"
"ウェルネス 上塩冶店",35.3546694,132.76159579999998,2000,12,2,512,674,162,12.7,6.4,19.1,FALSE,"セーフハーバー内"
"ウェルネス薬局 医大北店",35.355686999999996,132.7582514,2000,13,2,486,632,146,12.1,6,18.1,FALSE,"セーフハーバー内"
"ウェルネス 大東店",35.32215,132.96246879999998,2000,6,0,1008,1008,0,0,5,5,FALSE,"セーフハーバー内"
"ウェルネス 大東薬局",35.32214,132.9624901,2000,6,0,1008,1008,0,0,5,5,FALSE,"セーフハーバー内"
"ウェルネス 出雲大社店",35.3876608,132.69501990000003,2000,10,0,677,677,0,0,3.2,3.2,FALSE,"セーフハーバー内"
"ウェルネス 出雲大社薬局",35.387636799999996,132.6948823,2000,10,0,677,677,0,0,3.2,3.2,FALSE,"セーフハーバー内"
"ウェルネス 出雲駅南店",35.358614599999996,132.7575439,2000,14,2,535,706,172,15.6,5.5,21.1,FALSE,"セーフハーバー内"
"ウェルネス 出雲駅北店",35.3607709,132.753573,2000,15,2,501,678,177,14.7,6,20.7,FALSE,"セーフハーバー内"
"ウェルネス 白枝店",35.366162599999996,132.7336656,2000,10,0,618,685,67,7.5,4.5,11.9,FALSE,"セーフハーバー内"
"ウェルネス 北本町店",35.36895,132.763612,2000,15,0,498,655,157,9.9,7.9,17.8,FALSE,"セーフハーバー内"
"ウェルネス 塩冶店",35.358408,132.746052,2000,15,2,513,694,182,14.8,6.1,21,FALSE,"セーフハーバー内"
"ウェルネス 出雲ドーム北店",35.3850963,132.7412103,2000,4,0,1464,1733,269,18.3,7.3,25.7,TRUE,"セーフハーバー超過(スーパー有=競争維持余地)"
"ウェルネス 大塚店",35.3787583,132.7509369,2000,10,0,952,1220,267,22.4,6,28.4,FALSE,"セーフハーバー内"
"ウェルネス 斐川店",35.3865215,132.8082121,2000,2,0,1024,1024,0,0,7.4,7.4,FALSE,"セーフハーバー内"
"ウェルネス 出雲中野店",35.3806064,132.7688499,2000,7,0,1002,1247,245,20.2,6.1,26.3,FALSE,"セーフハーバー内"
"ウェルネス 斐川薬局",35.3865336,132.80821749999998,2000,2,0,1024,1024,0,0,7.4,7.4,FALSE,"セーフハーバー内"
"ウェルネス 平田西店",35.4284916,132.8128788,2000,9,0,610,610,0,0,3.2,3.2,FALSE,"セーフハーバー内"
"ウェルネス 平田中ノ島店",35.4407196,132.8249655,2000,9,0,585,585,0,0,3.1,3.1,FALSE,"セーフハーバー内"
"ウェルネス宍道昭和店",35.4096682,132.9074133,2000,2,0,2135,2135,0,0,12.1,12.1,FALSE,"セーフハーバー内"
"ウェルネス 宍道店",35.4048762,132.9000447,2000,1,0,2583,2583,0,0,17.8,17.8,FALSE,"セーフハーバー内"
"ウェルネス 玉湯店",35.433628999999996,133.0131793,2000,4,0,1501,1501,0,0,3.8,3.8,FALSE,"セーフハーバー内"
"ウェルネス 乃白店",35.4358255,133.04954,2000,5,0,589,589,0,0,9.3,9.3,FALSE,"セーフハーバー内"
"ウェルネス 乃白薬局",35.435838,133.0495604,2000,5,0,589,589,0,0,9.3,9.3,FALSE,"セーフハーバー内"
"ウェルネス薬局 メディカルモール田和山店",35.4305732,133.05016369999998,2000,4,0,728,728,0,0,9.4,9.4,FALSE,"セーフハーバー内"
"ウェルネス 乃白南店",35.435007399999996,133.05310649999998,2000,6,0,565,709,144,8.5,8.5,16.9,FALSE,"セーフハーバー内"
"ウェルネス 橋南店",35.4565365,133.06716340000003,2000,9,0,577,716,139,7,9.9,16.9,FALSE,"セーフハーバー内"
"ウェルネス 東津田店",35.4574017,133.0841623,2000,4,0,1019,1019,0,0,15.5,15.5,FALSE,"セーフハーバー内"
"ウェルネス 上乃木店",35.4467131,133.06139969999998,2000,8,0,527,663,136,7,9.8,16.7,FALSE,"セーフハーバー内"
"ウェルネス 古志原店",35.4504495,133.0837991,2000,8,0,630,805,176,7.4,11.9,19.3,FALSE,"セーフハーバー内"
"ウェルネス 大庭店",35.4354294,133.0846829,2000,7,0,759,759,0,0,10.9,10.9,FALSE,"セーフハーバー内"
"ウェルネス 古志原5丁目店",35.44369040000001,133.0802002,2000,11,0,526,657,131,5.7,11.5,17.2,FALSE,"セーフハーバー内"
"ウェルネス 古志原５丁目店",35.4438161,133.079411,2000,13,0,468,571,104,5.1,10.2,15.3,FALSE,"セーフハーバー内"
"ウェルネス東津田店",35.4574363,133.0841864,2000,4,0,1019,1019,0,0,15.5,15.5,FALSE,"セーフハーバー内"
"ウェルネス 馬潟店",35.4442896,133.11325109999999,2000,1,0,2297,2297,0,0,8.7,8.7,FALSE,"セーフハーバー内"
"ウェルネス薬局 メディカルモール大庭店",35.4311144,133.0865193,2000,5,0,957,957,0,0,12,12,FALSE,"セーフハーバー内"
"ウェルネス 大庭薬局",35.4354221,133.0846837,2000,7,0,759,759,0,0,10.9,10.9,FALSE,"セーフハーバー内"
"ウェルネス イオン米子駅前店",35.422720999999996,133.332936,2000,5,0,781,974,193,11,8.8,19.8,FALSE,"セーフハーバー内"
"くすりのレデイ 愛南店",32.9594902,132.5717365,2000,11,0,591,611,20,7.1,1.4,8.5,FALSE,"セーフハーバー内"
"くすりのレデイ 宿毛店",32.928822,132.70772499999998,2000,10,0,674,725,51,8,3.2,11.2,FALSE,"セーフハーバー内"
"くすりのレデイ 宿毛長田店",32.935894999999995,132.719199,2000,8,0,720,787,67,9.1,3.7,12.8,FALSE,"セーフハーバー内"
"くすりのレデイ 中村店",32.989008,132.93861400000003,2000,15,0,382,431,49,9.1,2.7,11.8,FALSE,"セーフハーバー内"
"ツルハドラッグ 四万十店",32.9798036,132.9217691,2000,11,0,542,633,91,12.3,3.7,16,FALSE,"セーフハーバー内"
"くすりのレデイ 四万十店",32.98005,132.92036299999998,2000,8,0,573,649,76,7.9,4.8,12.7,FALSE,"セーフハーバー内"
"くすりのレデイ 寄松店",33.204022,132.55487399999998,2000,8,0,796,859,63,21.7,1.4,23.2,FALSE,"セーフハーバー内"
"くすりのレデイ宇和島新町店",33.2220382,132.5670591,2000,15,0,957,1105,148,27.2,2.7,29.9,FALSE,"セーフハーバー内"
"くすりのレデイ 宇和島中央店",33.221863899999995,132.56006349999998,2000,15,0,901,1040,139,26.4,2.6,29,FALSE,"セーフハーバー内"
"くすりのレデイ グラン北宇和島店",33.237269999999995,132.568285,2000,12,0,961,1144,183,24.7,3.7,28.4,FALSE,"セーフハーバー内"
"くすりのレデイ 鬼北店",33.251222999999996,132.681718,2000,2,0,1504,1992,488,24.7,9.9,34.6,TRUE,"セーフハーバー超過(スーパー有=競争維持余地)"
"くすりのレデイ 広見店",33.256372999999996,132.672427,2000,2,0,1504,1992,488,24.7,9.9,34.6,TRUE,"セーフハーバー超過(スーパー有=競争維持余地)"
"くすりのレデイ 吉田店",33.279388000000004,132.538432,2000,3,1,2344,2659,316,30.8,5.1,35.9,TRUE,"セーフハーバー超過(スーパー有=競争維持余地)"
"くすりのレデイ 宇和インター店",33.358362,132.523538,2000,5,0,916,1106,190,12.6,7.5,20.1,FALSE,"セーフハーバー内"
"レデイ薬局 宇和インター店",33.358362,132.523538,2000,5,0,916,1106,190,12.6,7.5,20.1,FALSE,"セーフハーバー内"
"ツルハドラッグ 中土佐久礼店",33.3348508,133.22422889999999,2000,5,0,1484,1599,115,16.9,3.4,20.3,FALSE,"セーフハーバー内"
"くすりのレデイ れんげ店",33.384235,132.501868,2000,4,0,1049,1049,0,0,6.1,6.1,FALSE,"セーフハーバー内"
"レデイ薬局 れんげ店",33.384235,132.501868,2000,4,0,1049,1049,0,0,6.1,6.1,FALSE,"セーフハーバー内"
"くすりのレデイ 宇和店",33.361001,132.515454,2000,4,0,911,1136,225,13.7,8.2,21.9,FALSE,"セーフハーバー内"
"ツルハドラッグ 須崎西店",33.3886815,133.2792065,2000,7,0,947,998,52,11.4,2.3,13.6,FALSE,"セーフハーバー内"
"くすりのレデイ 松柏店",33.46095,132.440616,2000,12,0,426,471,44,10.5,2.1,12.6,FALSE,"セーフハーバー内"
"くすりのレデイ 北浜店",33.462157,132.420709,2000,12,0,441,487,46,10.7,2.1,12.9,FALSE,"セーフハーバー内"
"くすりのレデイ 西大洲店",33.504301,132.527698,2000,4,0,1112,1112,0,0,3.2,3.2,FALSE,"セーフハーバー内"
"ツルハドラッグ 佐川中央店",33.5015236,133.2958768,2000,6,0,927,984,57,12,2.4,14.4,FALSE,"セーフハーバー内"
"ツルハドラッグ 高岡東店",33.494715299999996,133.4378415,2000,12,0,493,493,0,0,1.2,1.2,FALSE,"セーフハーバー内"
"ツルハドラッグ 高知長浜店",33.4963652,133.5453533,2000,6,0,832,883,51,11.3,2.3,13.6,FALSE,"セーフハーバー内"
"くすりのレデイ 大洲店",33.517247999999995,132.548827,2000,10,0,517,571,54,6.7,4,10.8,FALSE,"セーフハーバー内"
"くすりのレデイ 東大洲店",33.5279125,132.5641745,2000,9,0,494,551,56,6.8,4.1,11,FALSE,"セーフハーバー内"
"レデイ薬局 とみす店",33.5164973,132.5559413,2000,10,0,483,533,50,6.5,3.9,10.4,FALSE,"セーフハーバー内"
"くすりのレデイ 内子店",33.548656,132.651152,2000,7,0,784,826,42,10.2,2,12.2,FALSE,"セーフハーバー内"
"ツルハドラッグ 佐川店",33.51124,133.276061,2000,4,0,1313,1313,0,0,3.5,3.5,FALSE,"セーフハーバー内"
"ツルハドラッグ 日高店",33.5339923,133.3686526,2000,1,0,3893,3893,0,0,11.8,11.8,FALSE,"セーフハーバー内"
"ツルハドラッグ いの店",33.550745,133.44244,2000,5,1,834,846,12,2.4,2.4,4.9,FALSE,"セーフハーバー内"
"ツルハドラッグ 高知西店",33.542110099999995,133.49957799999999,2000,13,0,411,451,40,10,2,12,FALSE,"セーフハーバー内"
"ツルハドラッグ 朝倉店",33.5438158,133.4858625,2000,12,0,404,429,25,5.5,2.2,7.8,FALSE,"セーフハーバー内"
"ツルハドラッグ 桟橋店",33.5514484,133.5459415,2000,12,0,374,432,58,9.8,2.9,12.7,FALSE,"セーフハーバー内"
"くすりのレデイ 葛島店",33.5582701,133.56549350000003,2000,11,0,469,515,46,6.2,3.7,9.9,FALSE,"セーフハーバー内"
"ツルハドラッグ 高知和泉店",33.5708615,133.53897849999998,2000,10,0,524,616,93,12.4,3.7,16.1,FALSE,"セーフハーバー内"
"ツルハドラッグ 高知比島店",33.5697949,133.5494132,2000,13,0,423,503,80,10,4,14,FALSE,"セーフハーバー内"
"くすりのレデイ 高知駅前店",33.56808,133.544823,2000,13,0,399,474,75,9.7,3.9,13.5,FALSE,"セーフハーバー内"
"ツルハドラッグ 南国中央店",33.5750926,133.6402937,2000,6,0,596,664,69,9.3,3.7,13,FALSE,"セーフハーバー内"
"ツルハドラッグ 南国岡豊店",33.5977076,133.6136238,2000,0,0,1133,1133,0,0,12.5,12.5,FALSE,"セーフハーバー内"
"ツルハドラッグ 南国店",33.5672013,133.6481958,2000,6,0,706,789,83,10.2,4.1,14.3,FALSE,"セーフハーバー内"
"くすりのレデイ 土佐山田店",33.602720999999995,133.686661,2000,7,0,616,648,32,8.9,1.8,10.7,FALSE,"セーフハーバー内"
"くすりのレデイ 野市店",33.560952,133.696634,2000,2,0,1372,1604,232,24.1,4.8,28.9,FALSE,"セーフハーバー内"
"レデイいよ米湊調剤薬局",33.7491079,132.70259199999998,2000,10,0,587,631,44,7.4,3,10.4,FALSE,"セーフハーバー内"
"くすりのレデイ 砥部宮内店",33.754954,132.78971099999998,2000,7,0,1072,1072,0,0,2.4,2.4,FALSE,"セーフハーバー内"
"くすりのレデイ フジ伊予店",33.756582699999996,132.7039969,2000,11,0,504,538,34,6.5,2.6,9.1,FALSE,"セーフハーバー内"
"くすりのレデイ 松前筒井店",33.78949,132.70598999999999,2000,11,0,1221,1386,166,28.8,2.9,31.7,FALSE,"セーフハーバー内"
"くすりのレデイ 松前店",33.79102290000001,132.7174066,2000,11,0,881,1001,120,21.2,2.8,24,FALSE,"セーフハーバー内"
"くすりのレデイ 椿店",33.808411,132.766598,2000,8,1,1819,2094,275,38,3.6,41.6,TRUE,"セーフハーバー超過(スーパー有=競争維持余地)"
"くすりのレデイ 砥部店",33.785047999999996,132.785712,2000,6,0,1064,1262,198,22.2,4.4,26.7,FALSE,"セーフハーバー内"
"レデイ薬局森松店",33.795727,132.79601,2000,11,0,552,704,151,12.3,6.2,18.5,FALSE,"セーフハーバー内"
"レデイ薬局 椿店",33.808411,132.766598,2000,8,1,1819,2094,275,38,3.6,41.6,TRUE,"セーフハーバー超過(スーパー有=競争維持余地)"
"くすりのレデイ 鷹子店",33.809062,132.81367000000003,2000,12,0,809,1145,336,19,8.9,27.8,FALSE,"セーフハーバー内"
"くすりのレデイ グラン重信店",33.796032,132.83551,2000,7,1,755,844,90,11.6,3.9,15.5,FALSE,"セーフハーバー内"
"レデイ薬局 鷹子店",33.809062,132.81367000000003,2000,12,0,809,1145,336,19,8.9,27.8,FALSE,"セーフハーバー内"
"レデイ薬局 グラン重信店",33.796126,132.835455,2000,7,1,755,844,90,11.6,3.9,15.5,FALSE,"セーフハーバー内"
"くすりのレデイ 志津川店",33.798015,132.87533,2000,8,1,653,750,97,16.3,3,19.3,FALSE,"セーフハーバー内"
"くすりのレデイ 見奈良店",33.791581799999996,132.8798682,2000,9,1,614,698,84,15.2,2.8,17.9,FALSE,"セーフハーバー内"
"くすりのレデイ 垣生店",33.809208,132.70318799999998,2000,6,3,1872,2198,326,38.3,4.3,42.6,TRUE,"セーフハーバー超過(スーパー有=競争維持余地)"
"レデイ薬局 垣生店",33.809208,132.70318799999998,2000,6,3,1872,2198,326,38.3,4.3,42.6,TRUE,"セーフハーバー超過(スーパー有=競争維持余地)"
"くすりのレデイ 藤原店",33.833025,132.759784,2000,9,0,1886,2477,592,41.5,7.1,48.7,TRUE,"セーフハーバー超過(スーパー有=競争維持余地)"
"くすりのレデイ 宮西店",33.845227,132.755271,2000,11,0,1070,1668,599,28.6,10.5,39,TRUE,"セーフハーバー超過(スーパー有=競争維持余地)"
"くすりのレデイ 美沢店",33.850574,132.7478117,2000,9,0,1381,2065,683,32.7,10.5,43.1,TRUE,"セーフハーバー超過(スーパー有=競争維持余地)"
"くすりのレデイ 竹原店",33.835041,132.75300099999998,2000,9,0,1466,2126,660,35.2,9.4,44.6,TRUE,"セーフハーバー超過(スーパー有=競争維持余地)"
"くすりのレデイ 新空港通り店",33.837568,132.73975199999998,2000,6,0,1891,3041,1150,37.9,15.2,53.1,TRUE,"セーフハーバー超過(スーパー有=競争維持余地)"
"くすりのレデイ 味酒店",33.8509437,132.7543042,2000,10,0,1348,2124,776,32.5,11.9,44.4,TRUE,"セーフハーバー超過(スーパー有=競争維持余地)"
"くすりのレデイ 道後緑台店",33.852595,132.78004099999998,2000,7,0,929,1426,497,23.1,10.8,33.8,FALSE,"セーフハーバー内"
"くすりのレデイ 道後樋又店",33.853014,132.77236299999998,2000,12,0,1552,2156,604,36.4,8.3,44.7,TRUE,"セーフハーバー超過(スーパー有=競争維持余地)"
"くすりのレデイ 束本店",33.836192000000004,132.78737500000003,2000,13,1,692,932,240,20.5,5.9,26.3,FALSE,"セーフハーバー内"
"くすりのレデイ平和通り店",33.8473562,132.7639321,2000,11,0,1366,2078,712,33.7,10.6,44.2,TRUE,"セーフハーバー超過(スーパー有=競争維持余地)"
"くすりのレデイ 桑原店",33.832282,132.792415,2000,13,1,925,1201,276,24.1,5.7,29.8,FALSE,"セーフハーバー内"
"くすりのレデイ 久米店",33.8096203,132.8063822,2000,12,0,776,1133,357,18.3,9.8,28,FALSE,"セーフハーバー内"
"くすりのレデイ 平井店",33.811561999999995,132.822236,2000,12,1,732,934,202,14.9,6.8,21.7,FALSE,"セーフハーバー内"
"くすりのレデイ 道後石手店",33.843807,132.798054,2000,9,1,610,720,110,9.1,6.1,15.2,FALSE,"セーフハーバー内"
"くすりのレデイ 松末店",33.82700500000001,132.789561,2000,15,1,829,1102,273,21.9,6.3,28.1,FALSE,"セーフハーバー内"
"くすりのレデイ 南久米店",33.812309,132.7956184,2000,11,0,587,820,234,12.1,9.7,21.8,FALSE,"セーフハーバー内"
"くすりのレデイ 久米駅前店",33.817226,132.804235,2000,13,0,907,1364,457,22.5,10.1,32.7,FALSE,"セーフハーバー内"
"レデイ薬局南久米店",33.8123224,132.7956184,2000,11,0,587,820,234,12.1,9.7,21.8,FALSE,"セーフハーバー内"
"くすりのレデイ 問屋町店",33.8632509,132.7513459,2000,10,0,1547,1944,397,35.2,5.6,40.8,TRUE,"セーフハーバー超過(スーパー有=競争維持余地)"
"くすりのレデイ 別府店",33.84827,132.722412,2000,8,0,1291,1702,412,27.8,7.4,35.2,TRUE,"セーフハーバー超過(スーパー有=競争維持余地)"
"くすりのレデイ 北斎院店",33.840477,132.728008,2000,7,0,970,1208,238,19.9,6,25.9,FALSE,"セーフハーバー内"
"くすりのレデイ 松江店",33.856578,132.715168,2000,7,0,951,1108,157,19.8,4,23.8,FALSE,"セーフハーバー内"
"くすりのレデイ 姫原店",33.867188999999996,132.758521,2000,10,0,1717,2051,334,37.3,4.5,41.8,TRUE,"セーフハーバー超過(スーパー有=競争維持余地)"
"レデイ薬局 日赤前店",33.847649700000005,132.7734602,2000,11,0,1227,1813,586,31.2,9.4,40.6,TRUE,"セーフハーバー超過(スーパー有=競争維持余地)"
"レデイ薬局 道後樋又店",33.853014,132.77236299999998,2000,12,0,1552,2156,604,36.4,8.3,44.7,TRUE,"セーフハーバー超過(スーパー有=競争維持余地)"
"くすりのレデイ 松山店",33.844924,132.753133,2000,11,0,1400,2129,729,34.1,10.7,44.8,TRUE,"セーフハーバー超過(スーパー有=競争維持余地)"
"くすりのレデイ 丹原店",33.9058288,133.0597649,2000,4,0,1437,1457,20,2.8,3.7,6.4,FALSE,"セーフハーバー内"
"くすりのレデイ氷見店",33.896636799999996,133.1258475,2000,7,0,986,1040,54,11.6,2.3,14,FALSE,"セーフハーバー内"
"ウォンツ 平生店",33.9401224,132.06828959999999,2000,4,1,1369,1507,138,20.3,3.4,23.7,FALSE,"セーフハーバー内"
"ウォンツ 周防大島店",33.94693,132.20762539999998,2000,1,0,2732,2732,0,0,9.5,9.5,FALSE,"セーフハーバー内"
"くすりのレデイ 和気店",33.897043,132.736839,2000,8,0,1017,1172,155,19.7,3.9,23.6,FALSE,"セーフハーバー内"
"レデイ薬局 和気店",33.897043,132.736839,2000,8,0,1017,1172,155,19.7,3.9,23.6,FALSE,"セーフハーバー内"
"くすりのレデイ 夏目店",33.9453582,132.7750351,2000,4,1,1308,1439,131,19.8,3.3,23.1,FALSE,"セーフハーバー内"
"くすりのレデイ 東予店",33.932843,133.091941,2000,8,0,693,795,102,15.9,3.2,19.1,FALSE,"セーフハーバー内"
"くすりのレデイ 東予インター店",33.920750999999996,133.07782899999998,2000,8,0,922,1068,146,24,3,27,FALSE,"セーフハーバー内"
"くすりのレデイ神拝店",33.9159047,133.1767441,2000,9,0,361,389,27,5.8,2.3,8.2,FALSE,"セーフハーバー内"
"くすりのレデイ 西条店",33.925205999999996,133.18276,2000,9,0,374,403,29,6,2.4,8.4,FALSE,"セーフハーバー内"
"くすりのレデイ 庄内店",33.950567,133.29071,2000,13,2,859,1107,248,23.8,5.2,29,FALSE,"セーフハーバー内"
"くすりのレデイ 新居浜松木店",33.9411185,133.2944776,2000,13,3,1190,1564,374,30.3,6.2,36.5,TRUE,"セーフハーバー超過(スーパー有=競争維持余地)"
"くすりのレデイ 新居浜前田店",33.95823,133.267002,2000,14,1,1433,1584,151,34.2,2.2,36.4,FALSE,"セーフハーバー内"
"くすりのレデイ 新居浜中央店",33.941612,133.29962,2000,12,3,1011,1359,347,26.6,6.5,33.2,FALSE,"セーフハーバー内"
"くすりのレデイ 中萩店",33.9317136,133.2828079,2000,9,3,833,1116,284,20.3,7,27.3,FALSE,"セーフハーバー内"
"レデイ薬局新居浜松木店",33.941119,133.294478,2000,13,3,1190,1564,374,30.3,6.2,36.5,TRUE,"セーフハーバー超過(スーパー有=競争維持余地)"
"くすりのレデイ 船木店",33.939318799999995,133.3233357,2000,3,0,1368,1531,163,20.2,4,24.2,FALSE,"セーフハーバー内"
"レデイ薬局 新居浜中央店",33.941612,133.29962,2000,12,3,1011,1359,347,26.6,6.5,33.2,FALSE,"セーフハーバー内"
"ウォンツ 柳井店",33.9658004,132.0998979,2000,9,1,863,987,124,22.3,2.8,25.1,FALSE,"セーフハーバー内"
"ウォンツ フジ柳井店",33.976952499999996,132.1021807,2000,8,0,695,792,97,15.6,3.1,18.7,FALSE,"セーフハーバー内"
"くすりのレデイ 北条店",33.968441999999996,132.773386,2000,8,0,858,923,65,18,1.8,19.8,FALSE,"セーフハーバー内"
"くすりのレデイ 新居浜店",33.967563,133.283423,2000,20,2,692,758,66,21.1,1.6,22.7,FALSE,"セーフハーバー内"
"くすりのレデイ 三島店",33.982676999999995,133.540852,2000,7,2,611,688,76,11.6,3.3,14.9,FALSE,"セーフハーバー内"
"レデイ薬局 三島金子店",33.98041,133.536765,2000,7,2,625,704,78,11.7,3.3,15.1,FALSE,"セーフハーバー内"
"くすりのレデイ 四国中央店",33.988405,133.5653,2000,13,3,472,515,43,10.1,2.1,12.3,FALSE,"セーフハーバー内"
"くすりのレデイ川之江店",34.0055088,133.5718957,2000,16,4,425,460,35,9.6,1.8,11.4,FALSE,"セーフハーバー内"
"ウォンツ 由宇店",34.04548700000001,132.212484,2000,2,0,2508,2508,0,0,6.8,6.8,FALSE,"セーフハーバー内"
"くすりのレデイ 馬越店",34.053557999999995,132.984138,2000,11,1,598,817,218,17.1,6.4,23.5,FALSE,"セーフハーバー内"
"くすりのレデイ 高橋店",34.038475,132.974248,2000,8,1,1367,1696,329,29.6,5.6,35.2,TRUE,"セーフハーバー超過(スーパー有=競争維持余地)"
"くすりのレデイ 今治国分店",34.019999,133.017121,2000,3,0,1380,1380,0,0,8,8,FALSE,"セーフハーバー内"
"くすりのレデイ 松木店",34.0301937,133.0040244,2000,6,0,841,841,0,0,8.7,8.7,FALSE,"セーフハーバー内"
"レデイ薬局 馬越店",34.053683,132.983568,2000,11,1,607,829,222,17.2,6.5,23.7,FALSE,"セーフハーバー内"
"くすりのレデイ 今治衣干店",34.045621000000004,133.013579,2000,13,0,455,595,140,10,7,17,FALSE,"セーフハーバー内"
"くすりのレデイ 南鳥生店",34.05027,133.00788,2000,15,0,393,513,120,8.7,6.9,15.6,FALSE,"セーフハーバー内"
"くすりのレデイ 喜田村店",34.0454056,133.02039299999998,2000,13,0,618,825,207,16.1,6.4,22.5,FALSE,"セーフハーバー内"
"レデイ薬局 喜田村店",34.0454056,133.02039299999998,2000,13,0,618,825,207,16.1,6.4,22.5,FALSE,"セーフハーバー内"
"レデイ薬局 今治東店",34.037898999999996,133.0215595,2000,11,0,606,823,217,12.5,8.7,21.2,FALSE,"セーフハーバー内"
"レデイ薬局 北高下店",34.0525455,133.0111141,2000,11,0,497,686,189,10.9,8.7,19.6,FALSE,"セーフハーバー内"
"ウォンツ 周東店",34.0901566,132.06195820000002,2000,5,1,1308,1445,138,27.5,2.5,30,FALSE,"セーフハーバー内"
"ウォンツ 岩国保津店",34.081851,132.20776,2000,2,0,2062,2429,367,30.3,6.1,36.4,TRUE,"セーフハーバー超過(スーパー有=競争維持余地)"
"くすりのレデイ 大西店",34.0659791,132.93471359999998,2000,4,0,1387,1387,0,0,3.6,3.6,FALSE,"セーフハーバー内"
"くすりのレデイ 南宝来店",34.060794,132.99821,2000,14,1,463,609,146,14,5.2,19.2,FALSE,"セーフハーバー内"
"くすりのレデイ 今治中央店",34.061173,133.00160499999998,2000,12,0,402,516,114,9.7,5.8,15.6,FALSE,"セーフハーバー内"
"くすりのレデイ 大新田店",34.081997,132.991231,2000,4,0,1019,1197,178,14.9,6,20.9,FALSE,"セーフハーバー内"
"くすりのレデイ 阿方店",34.062005,132.965566,2000,7,1,2458,3040,583,45.2,6.5,51.6,TRUE,"セーフハーバー超過(スーパー有=競争維持余地)"
"くすりのレデイ 波止浜店",34.103128,132.967523,2000,7,0,928,1028,100,11.2,4.5,15.6,FALSE,"セーフハーバー内"
"レデイ薬局 大新田店",34.081997,132.991231,2000,4,0,1019,1197,178,14.9,6,20.9,FALSE,"セーフハーバー内"
"ウォンツ 南岩国店",34.1354664,132.20279539999999,2000,11,0,517,576,58,12.1,2.4,14.5,FALSE,"セーフハーバー内"
"ウォンツ フジ南岩国店",34.1314628,132.1992831,2000,11,0,549,612,62,12.5,2.5,15,FALSE,"セーフハーバー内"
"ウォンツ 岩国中津店",34.1540099,132.2160485,2000,9,0,419,479,61,6.2,4.9,11.1,FALSE,"セーフハーバー内"
"ウォンツ 岩国中津薬局",34.1540201,132.21601529999998,2000,9,0,419,479,61,6.2,4.9,11.1,FALSE,"セーフハーバー内"
"レデイ薬局 波止浜店",34.103128,132.967523,2000,7,0,928,1028,100,11.2,4.5,15.6,FALSE,"セーフハーバー内"
"くすりのレデイ 大島店",34.142238,133.04173699999998,2000,2,0,2915,2915,0,0,7.4,7.4,FALSE,"セーフハーバー内"
"くすりのレデイ 観音寺店",34.127949,133.671126,2000,6,1,565,602,37,10.5,1.7,12.2,FALSE,"セーフハーバー内"
"ウォンツ 岩国多田店",34.1729316,132.1585009,2000,2,0,2158,2158,0,0,6.2,6.2,FALSE,"セーフハーバー内"
"ウォンツ 西岩国店",34.1640744,132.19539509999998,2000,9,0,560,560,0,0,4.5,4.5,FALSE,"セーフハーバー内"
"ウォンツ 岩国室の木店",34.1700973,132.21313419999998,2000,12,0,407,474,68,5.3,6.4,11.7,FALSE,"セーフハーバー内"
"ウォンツ 西岩国薬局",34.1640744,132.19539509999998,2000,9,0,560,560,0,0,4.5,4.5,FALSE,"セーフハーバー内"
"ウォンツ 岩国まりふ店",34.1690209,132.2232754,2000,12,0,397,444,46,5.4,4.3,9.7,FALSE,"セーフハーバー内"
"ウォンツ 大柿店",34.1728199,132.4655048,2000,3,0,1423,1423,0,0,4.1,4.1,FALSE,"セーフハーバー内"
"ウォンツ 江田島店",34.205053,132.4748371,2000,2,0,2833,2833,0,0,7.3,7.3,FALSE,"セーフハーバー内"
"ウォンツ 音戸波多見店",34.1794669,132.5501396,2000,5,0,1577,1577,0,0,3.5,3.5,FALSE,"セーフハーバー内"
"ウォンツ 大竹店",34.220924,132.2215584,2000,8,0,545,545,0,0,4.6,4.6,FALSE,"セーフハーバー内"
"ウォンツ 大竹新町店",34.2144305,132.2215539,2000,9,0,541,541,0,0,4.4,4.4,FALSE,"セーフハーバー内"
"ウォンツ 大竹薬局",34.220954299999995,132.2215674,2000,8,0,545,545,0,0,4.6,4.6,FALSE,"セーフハーバー内"
"ウォンツ呉光町店",34.2458279,132.538568,2000,14,0,408,408,0,0,1,1,FALSE,"セーフハーバー内"
"ウォンツ 警固屋店",34.2096446,132.54471949999999,2000,4,0,1511,1511,0,0,3.8,3.8,FALSE,"セーフハーバー内"
"ウォンツ 呉四ツ道路店",34.2428824,132.56494100000003,2000,19,0,289,289,0,0,3,3,FALSE,"セーフハーバー内"
"ウォンツ 呉中通店",34.246499199999995,132.565294,2000,19,0,289,289,0,0,3,3,FALSE,"セーフハーバー内"
"くすりのレデイ 広古新開店",34.237142,132.614115,2000,12,0,399,435,36,5.5,3.3,8.7,FALSE,"セーフハーバー内"
"ウォンツ 呉片山店",34.2542452,132.56517979999998,2000,16,0,331,331,0,0,3.4,3.4,FALSE,"セーフハーバー内"
"ウォンツ 呉四ツ道路薬局",34.2428542,132.5648881,2000,19,0,289,289,0,0,3,3,FALSE,"セーフハーバー内"
"ウォンツ 広白石店",34.228542499999996,132.63346239999998,2000,15,0,426,500,74,9.6,3.8,13.4,FALSE,"セーフハーバー内"
"ウォンツ 広本町店",34.238120599999995,132.6229357,2000,15,0,434,526,92,9.6,4.8,14.4,FALSE,"セーフハーバー内"
"ウォンツ 藤三広店",34.235777899999995,132.623203,2000,15,0,426,517,90,9.5,4.8,14.3,FALSE,"セーフハーバー内"
"ウォンツ 川尻店",34.238149,132.70037059999999,2000,5,0,1200,1200,0,0,3,3,FALSE,"セーフハーバー内"
"ウォンツ 広白石薬局",34.2285633,132.6334861,2000,15,0,426,500,74,9.6,3.8,13.4,FALSE,"セーフハーバー内"
"ウォンツ 大崎上島店",34.2435465,132.89125780000003,2000,3,0,2123,2123,0,0,5.2,5.2,FALSE,"セーフハーバー内"
"くすりのレデイ 詫間店",34.218334999999996,133.686107,2000,2,0,982,982,0,0,7.6,7.6,FALSE,"セーフハーバー内"
"レデイ薬局 詫間店",34.218334999999996,133.686107,2000,2,0,982,982,0,0,7.6,7.6,FALSE,"セーフハーバー内"
"ウォンツ 焼山店",34.2809871,132.55122749999998,2000,8,0,675,675,0,0,1.8,1.8,FALSE,"セーフハーバー内"
"スマート ウエルネス株式会社",35.415263599999996,133.241499,3000,16,0,564,564,0,0,6.8,6.8,FALSE,"セーフハーバー内"
"ツルハドラッグ 向能代店",40.2229339,140.03121629999998,3000,14,2,519,599,79,12.6,3.1,15.7,FALSE,"セーフハーバー内"
"ツルハドラッグ 能代花園店",40.19969220000001,140.02320469999998,3000,16,3,382,408,26,7.2,1.8,9,FALSE,"セーフハーバー内"
"ツルハドラッグ 能代北店",40.227235,140.02452499999998,3000,12,2,648,723,75,15,2.5,17.6,FALSE,"セーフハーバー内"
"ツルハドラッグ 能代二ツ井店",40.207982799999996,140.23443079999998,3000,4,0,1349,1349,0,0,3.5,3.5,FALSE,"セーフハーバー内"
"ツルハドラッグ 鷹巣店",40.23047510000001,140.3765901,3000,7,1,571,577,6,1.7,1.7,3.4,FALSE,"セーフハーバー内"
"ツルハドラッグ 大館南店",40.2467064,140.5716124,3000,11,1,480,483,3,1.3,1.3,2.5,FALSE,"セーフハーバー内"
"ツルハドラッグ 鹿角店",40.2009577,140.7933308,3000,2,0,965,965,0,0,3.8,3.8,FALSE,"セーフハーバー内"
"ツルハドラッグ 大館中道店",40.282455999999996,140.554949,3000,16,1,312,352,40,4.9,4.1,9,FALSE,"セーフハーバー内"
"ツルハドラッグ 大館店",40.2741354,140.53812449999998,3000,11,1,402,409,8,1.1,3.4,4.5,FALSE,"セーフハーバー内"
"ツルハドラッグ 大館北店",40.295767,140.559629,3000,12,1,416,473,57,6.5,4.4,10.9,FALSE,"セーフハーバー内"
"調剤薬局ツルハドラッグ 大館中道店",40.282455999999996,140.554949,3000,16,1,312,352,40,4.9,4.1,9,FALSE,"セーフハーバー内"
"ツルハドラッグ 大館東店",40.2872918,140.5833175,3000,10,0,433,492,59,6.1,4.9,11,FALSE,"セーフハーバー内"
"ツルハドラッグ 毛馬内店",40.262744,140.7689352,3000,2,1,1803,1867,63,5.6,5.6,11.3,FALSE,"セーフハーバー内"
"ツルハドラッグ 三戸店",40.3976377,141.2633645,3000,9,1,744,783,39,11.5,1.7,13.2,FALSE,"セーフハーバー内"
"ツルハドラッグ 福地南部店",40.4676824,141.3880222,3000,3,0,1907,1907,0,0,4.9,4.9,FALSE,"セーフハーバー内"
"ツルハドラッグ 八戸売市店",40.51088920000001,141.4741499,3000,34,5,245,292,47,9,2.6,11.6,FALSE,"セーフハーバー内"
"ツルハドラッグ 八戸大杉平店",40.500828,141.48153399999998,3000,29,8,316,396,80,12.2,3.3,15.5,FALSE,"セーフハーバー内"
"ツルハドラッグ 八戸田向店",40.4883285,141.5090927,3000,21,8,388,470,82,12.4,3.3,15.7,FALSE,"セーフハーバー内"
"ツルハドラッグ 八戸諏訪店",40.5080009,141.512327,3000,33,11,334,446,112,13.6,4.1,17.7,FALSE,"セーフハーバー内"
"ツルハドラッグ 湊高台店",40.5076274,141.5437109,3000,24,7,242,270,28,4.9,2.9,7.7,FALSE,"セーフハーバー内"
"ツルハドラッグ 八戸市民病院前店",40.4949737,141.5144053,3000,26,10,323,417,95,11.3,4.2,15.5,FALSE,"セーフハーバー内"
"ツルハドラッグ 十八日町店",40.5117681,141.4952374,3000,29,8,379,526,147,14.2,5.2,19.4,FALSE,"セーフハーバー内"
"ツルハドラッグ 本八戸駅前店",40.517224999999996,141.48737699999998,3000,27,6,338,449,111,12,4.6,16.6,FALSE,"セーフハーバー内"
"ツルハドラッグ 八戸小中野店",40.5190816,141.5128082,3000,31,8,327,431,104,13,4,17,FALSE,"セーフハーバー内"
"ツルハドラッグ 河原木店",40.534297699999996,141.477399,3000,16,2,437,557,120,11.6,5.2,16.8,FALSE,"セーフハーバー内"
"ツルハドラッグ 八戸江陽店",40.523388,141.502139,3000,26,5,353,460,107,12.2,4.4,16.6,FALSE,"セーフハーバー内"
"ツルハドラッグ みなと店",40.5141918,141.5355313,3000,28,7,213,235,22,4.3,2.5,6.8,FALSE,"セーフハーバー内"
"ツルハドラッグ 八戸八太郎店",40.537205,141.4893023,3000,9,1,681,946,265,16.6,8,24.6,FALSE,"セーフハーバー内"
"ツルハドラッグ 弘前樹木店",40.589449599999995,140.45595649999998,3000,16,6,325,366,41,9,2.3,11.3,FALSE,"セーフハーバー内"
"ツルハドラッグ 弘前駅前店",40.600974099999995,140.4794351,3000,31,9,184,224,40,4.4,4.6,9,FALSE,"セーフハーバー内"
"ツルハドラッグ 弘前豊原店",40.582235399999995,140.4757201,3000,23,7,261,313,52,7.7,3.4,11.1,FALSE,"セーフハーバー内"
"ツルハドラッグ 弘前外崎店",40.596418899999996,140.49864639999998,3000,26,8,254,317,63,7.6,4.2,11.7,FALSE,"セーフハーバー内"
"ツルハドラッグ 安原店",40.5758502,140.4931915,3000,19,3,321,361,40,6.6,3,9.6,FALSE,"セーフハーバー内"
"ツルハドラッグ 城東店",40.602583599999996,140.50640819999998,3000,23,6,255,292,38,4.5,4.2,8.7,FALSE,"セーフハーバー内"
"ツルハドラッグ 弘前アルカディア店",40.5849572,140.5002005,3000,29,5,233,267,34,5.5,3.1,8.6,FALSE,"セーフハーバー内"
"ツルハドラッグ 平賀店",40.5915694,140.56699079999999,3000,5,3,879,957,78,17.7,2.2,19.9,FALSE,"セーフハーバー内"
"ツルハドラッグ 十和田南店",40.6076264,141.22121420000002,3000,13,5,379,467,87,10,4.4,14.4,FALSE,"セーフハーバー内"
"ツルハドラッグ 弘前浜の町店",40.619869699999995,140.45878589999998,3000,14,6,452,612,160,13.8,5.8,19.6,FALSE,"セーフハーバー内"
"ツルハドラッグ 弘前岩木店",40.6142839,140.424319,3000,7,3,1057,1233,177,24,3.7,27.6,FALSE,"セーフハーバー内"
"ツルハドラッグ 弘前石渡店",40.629467,140.458713,3000,8,2,587,714,128,10.6,6,16.6,FALSE,"セーフハーバー内"
"ツルハドラッグ 弘前西城北店",40.615524,140.47145899999998,3000,23,8,301,384,82,10.7,3.8,14.6,FALSE,"セーフハーバー内"
"ツルハドラッグ 弘前堅田店",40.6154386,140.4899135,3000,25,7,239,280,41,4.7,4.4,9,FALSE,"セーフハーバー内"
"ツルハドラッグ 弘前境関店",40.6118168,140.5045591,3000,23,6,261,300,39,4.5,4.2,8.8,FALSE,"セーフハーバー内"
"ツルハドラッグ 弘前神田店",40.626081,140.4920209,3000,13,3,378,431,53,3.5,7.5,11,FALSE,"セーフハーバー内"
"ツルハドラッグ 黒石一番町店",40.6488675,140.59356119999998,3000,8,1,463,550,87,8.1,5.4,13.5,FALSE,"セーフハーバー内"
"ツルハドラッグ 黒石店",40.6462789,140.6020001,3000,8,1,472,561,89,8.2,5.4,13.6,FALSE,"セーフハーバー内"
"調剤薬局ツルハドラッグ 黒石店",40.64628,140.6020039,3000,8,1,472,561,89,8.2,5.4,13.6,FALSE,"セーフハーバー内"
"調剤薬局ツルハドラッグ 黒石一番町店",40.649202599999995,140.5933177,3000,8,1,463,550,87,8.1,5.4,13.5,FALSE,"セーフハーバー内"
"ツルハドラッグ 十和田中央店",40.6159004,141.2114715,3000,13,5,379,467,87,10,4.4,14.4,FALSE,"セーフハーバー内"
"ツルハドラッグ 十和田店",40.6126467,141.200557,3000,13,5,389,478,90,10.2,4.4,14.6,FALSE,"セーフハーバー内"
"調剤薬局ツルハドラッグ 十和田中央店",40.615911600000004,141.2114728,3000,13,5,379,467,87,10,4.4,14.4,FALSE,"セーフハーバー内"
"調剤薬局ツルハドラッグ 十和田店",40.612639300000005,141.2005351,3000,13,5,389,478,90,10.2,4.4,14.6,FALSE,"セーフハーバー内"
"ツルハドラッグ 板柳福野田店",40.69562680000001,140.46167119999998,3000,9,0,711,771,59,8.6,3.4,12.1,FALSE,"セーフハーバー内"
"ツルハドラッグ 板柳店",40.706113,140.45539499999998,3000,10,0,666,716,50,7.9,3.2,11.1,FALSE,"セーフハーバー内"
"ツルハドラッグ 七戸店",40.6969642,141.1624569,3000,5,1,1109,1200,91,16.6,2.8,19.3,FALSE,"セーフハーバー内"
"ツルハドラッグ 三沢南町店",40.6743285,141.3725872,3000,10,5,337,373,36,9.4,1.9,11.3,FALSE,"セーフハーバー内"
"ツルハドラッグ 三沢南山店",40.6884343,141.3888169,3000,9,3,389,431,41,9.1,2.3,11.4,FALSE,"セーフハーバー内"
"ツルハドラッグ 浪岡店",40.720480599999995,140.5894195,3000,3,2,787,820,33,5.8,2.9,8.6,FALSE,"セーフハーバー内"
"ツルハドラッグ 鯵ヶ沢店",40.775832,140.22577410000002,3000,7,2,1060,1132,72,15.9,2.3,18.2,FALSE,"セーフハーバー内"
"ツルハドラッグ つがる柏店",40.8019544,140.40047479999998,3000,13,2,511,530,20,8.3,1.2,9.5,FALSE,"セーフハーバー内"
"ツルハドラッグ 五所川原広田店",40.7839326,140.4622431,3000,18,3,361,407,46,7.1,3.2,10.3,FALSE,"セーフハーバー内"
"ツルハドラッグ 五所川原店",40.802045199999995,140.46126120000002,3000,24,3,276,307,31,5.2,3,8.2,FALSE,"セーフハーバー内"
"ツルハドラッグ アクロス五所川原店",40.8020815,140.46127719999998,3000,24,3,276,307,31,5.2,3,8.2,FALSE,"セーフハーバー内"
"ツルハドラッグ 大野店",40.8086979,140.7346762,3000,27,12,321,382,61,11.8,2.6,14.3,FALSE,"セーフハーバー内"
"ツルハドラッグ 青森浜田店",40.7971122,140.76222149999998,3000,27,12,326,388,62,11.8,2.6,14.5,FALSE,"セーフハーバー内"
"調剤薬局ツルハドラッグ 大野店",40.8087046,140.7346857,3000,28,12,312,369,58,11.5,2.5,14,FALSE,"セーフハーバー内"
"ツルハドラッグ 青森桜川店",40.8088962,140.7706982,3000,31,10,248,289,42,9.3,2.2,11.6,FALSE,"セーフハーバー内"
"ツルハドラッグ 五所川原本町店",40.808862999999995,140.44247099999998,3000,24,3,284,323,39,8.2,2.4,10.6,FALSE,"セーフハーバー内"
"ツルハドラッグ 五所川原松島店",40.809552,140.4596652,3000,23,3,286,320,34,5.4,3.1,8.5,FALSE,"セーフハーバー内"
"ツルハドラッグ 青森富田店",40.8325718,140.7117528,3000,19,8,299,334,35,6.2,2.8,9,FALSE,"セーフハーバー内"
"ツルハドラッグ 青森新田店",40.8406127,140.715733,3000,15,6,361,403,42,6,3.5,9.5,FALSE,"セーフハーバー内"
"ツルハドラッグ 青森三内店",40.821856499999996,140.7112109,3000,21,9,282,330,48,6.3,3.8,10.1,FALSE,"セーフハーバー内"
"ツルハドラッグ 青森新城店",40.8283735,140.6760117,3000,11,1,502,506,3,1.3,1.3,2.6,FALSE,"セーフハーバー内"
"ツルハドラッグ 青森本町店",40.828801899999995,140.7537168,3000,21,10,359,429,70,10.2,3.4,13.6,FALSE,"セーフハーバー内"
"ツルハドラッグ 青森港町店",40.8303899,140.7692391,3000,19,7,323,383,60,8.5,3.5,12,FALSE,"セーフハーバー内"
"ツルハドラッグ 青森南佃店",40.812571399999996,140.78234989999999,3000,26,11,337,402,65,11.7,2.8,14.4,FALSE,"セーフハーバー内"
"ツルハドラッグ 青森原別店",40.836638199999996,140.7979665,3000,8,5,519,581,62,7.2,4.3,11.5,FALSE,"セーフハーバー内"
"調剤薬局ツルハドラッグ 青森新田店",40.8406148,140.7157181,3000,15,6,361,403,42,6,3.5,9.5,FALSE,"セーフハーバー内"
"ツルハドラッグ 野辺地店",40.8635819,141.12659879999998,3000,10,1,710,742,31,9.7,1.6,11.3,FALSE,"セーフハーバー内"
"ツルハドラッグ 平内店",40.9251302,140.95968009999999,3000,3,0,1445,1619,174,20.8,4.2,25,FALSE,"セーフハーバー内"
"ツルハドラッグ むつ大平店",41.2825779,141.16845279999998,3000,5,2,610,664,53,6.8,3.9,10.7,FALSE,"セーフハーバー内"
"ツルハドラッグ むつ店",41.2936547,141.2068196,3000,23,3,275,300,25,3.9,3.2,7.1,FALSE,"セーフハーバー内"
"ツルハドラッグ むつ小川店",41.2920318,141.2038057,3000,23,3,272,296,25,3.8,3.2,7,FALSE,"セーフハーバー内"
"ツルハドラッグ むつ旭町店",41.28654710000001,141.178976,3000,17,3,336,367,31,3.7,4.1,7.8,FALSE,"セーフハーバー内"
"調剤薬局ツルハドラッグ むつ店",41.2936724,141.2068248,3000,23,3,275,300,25,3.9,3.2,7.1,FALSE,"セーフハーバー内"
"ツルハドラッグ むつ柳町店",41.303766499999995,141.220189,3000,21,2,318,330,12,2.1,3,5,FALSE,"セーフハーバー内"
"ツルハドラッグ 松前店",41.4256871,140.0852852,3000,2,0,2135,2135,0,0,12.1,12.1,FALSE,"セーフハーバー内"
"調剤薬局ツルハドラッグ 松前店",41.425669,140.08527229999999,3000,2,0,2135,2135,0,0,12.1,12.1,FALSE,"セーフハーバー内"
"ツルハドラッグ 古河中央店",36.192177799999996,139.71129539999998,3000,22,8,464,484,21,15.9,0.6,16.5,FALSE,"セーフハーバー内"
"ツルハドラッグ 古河諸川店",36.202093999999995,139.8078464,3000,10,6,669,711,42,15.6,1.3,16.9,FALSE,"セーフハーバー内"
"ツルハドラッグ 関城店",36.2511651,139.91654409999998,3000,1,0,1696,1696,0,0,7.1,7.1,FALSE,"セーフハーバー内"
"ツルハドラッグ 黒子店",36.2534908,139.9758516,3000,8,0,837,837,0,0,2,2,FALSE,"セーフハーバー内"
"ツルハドラッグ 八郷店",36.2452465,140.1963535,3000,2,2,1992,2333,341,34.6,4.9,39.5,TRUE,"セーフハーバー超過(スーパー有=競争維持余地)"
"ツルハドラッグ 新栃木店",36.3924653,139.7369333,3000,25,3,207,212,5,4.3,0.5,4.8,FALSE,"セーフハーバー内"
"ツルハドラッグ 壬生店",36.425792,139.802764,3000,7,0,710,747,37,9.7,1.9,11.6,FALSE,"セーフハーバー内"
"ツルハドラッグ 西方店",36.4676165,139.7424225,3000,3,0,1581,1581,0,0,4.4,4.4,FALSE,"セーフハーバー内"
"ツルハドラッグ 亀山北店",36.463328600000004,139.9926229,3000,13,2,353,357,4,2,1,3,FALSE,"セーフハーバー内"
"ツルハドラッグ 鹿沼晃望台店",36.559339,139.7659098,3000,17,4,247,255,9,6.5,0.7,7.2,FALSE,"セーフハーバー内"
"ツルハドラッグ 宇都宮不動前店",36.5444203,139.8794611,3000,24,9,236,256,20,6.1,1.6,7.8,FALSE,"セーフハーバー内"
"ツルハドラッグ 宇都宮簗瀬店",36.553627299999995,139.891348,3000,25,9,229,261,32,6.2,2.6,8.8,FALSE,"セーフハーバー内"
"ツルハドラッグ 宇都宮東峰町店",36.540548699999995,139.9188315,3000,27,6,226,257,31,5,3.1,8.1,FALSE,"セーフハーバー内"
"ツルハドラッグ 宇都宮東宿郷店",36.556481399999996,139.9095489,3000,37,7,173,193,20,4.2,2.3,6.5,FALSE,"セーフハーバー内"
"ツルハドラッグ 宇都宮平松本町店",36.542743,139.90382,3000,28,7,205,239,34,5.1,3.3,8.4,FALSE,"セーフハーバー内"
"ツルハドラッグ 宇都宮陽東店",36.551052999999996,139.9275835,3000,29,5,209,228,19,3.9,2.5,6.4,FALSE,"セーフハーバー内"
"調剤薬局ツルハドラッグ 宇都宮陽東店",36.5510386,139.9275913,3000,29,5,209,228,19,3.9,2.5,6.4,FALSE,"セーフハーバー内"
"ツルハドラッグ 市貝店",36.536833,140.0862951,3000,4,1,1099,1119,20,3.1,3.1,6.3,FALSE,"セーフハーバー内"
"ツルハドラッグ 鹿沼日吉町店",36.5653216,139.73175419999998,3000,8,2,447,457,10,3.8,1.4,5.2,FALSE,"セーフハーバー内"
"ツルハドラッグ 宇都宮戸祭店",36.5764571,139.863796,3000,25,4,205,208,2,2.2,0.5,2.7,FALSE,"セーフハーバー内"
"ツルハドラッグ 宇都宮野沢店",36.606757,139.85702799999999,3000,16,1,332,336,5,0.9,2.6,3.5,FALSE,"セーフハーバー内"
"ツルハドラッグ 宇都宮岩曽店",36.5881696,139.91362189999998,3000,20,2,277,281,3,2.3,0.7,3,FALSE,"セーフハーバー内"
"ツルハドラッグ 宇都宮ゆいの杜店",36.5719298,139.9929669,3000,4,4,911,1005,94,20.6,2.3,22.9,FALSE,"セーフハーバー内"
"ツルハドラッグ 宇都宮宝木本町店",36.606063,139.845877,3000,15,1,340,345,5,0.9,2.7,3.6,FALSE,"セーフハーバー内"
"ツルハドラッグ 宇都宮徳次郎店",36.645794599999995,139.8458646,3000,2,0,2080,2080,0,0,6.2,6.2,FALSE,"セーフハーバー内"
"調剤薬局ツルハドラッグ 宇都宮野沢店",36.606808799999996,139.85751199999999,3000,16,1,328,332,4,0.9,2.6,3.4,FALSE,"セーフハーバー内"
"ツルハドラッグ 宇都宮白沢店",36.620759,139.932545,3000,8,0,519,523,3,1.1,1.5,2.7,FALSE,"セーフハーバー内"
"ツルハドラッグ 宇都宮下田原店",36.6354021,139.90334679999998,3000,2,0,1644,1644,0,0,5.3,5.3,FALSE,"セーフハーバー内"
"ツルハドラッグ 烏山店",36.6551166,140.1553334,3000,7,0,850,850,0,0,2.1,2.1,FALSE,"セーフハーバー内"
"ツルハドラッグ 日光板橋店",36.6853925,139.72386219999999,3000,4,2,765,799,34,6.8,2.5,9.3,FALSE,"セーフハーバー内"
"ツルハドラッグ 日光大沢店",36.6900665,139.7621896,3000,3,2,912,964,52,8.5,3.1,11.5,FALSE,"セーフハーバー内"
"ツルハドラッグ さくら氏家店",36.705781099999996,139.9690711,3000,8,0,425,425,0,0,2.7,2.7,FALSE,"セーフハーバー内"
"ツルハドラッグ さくら富野岡店",36.6911729,139.9457351,3000,12,0,407,407,0,0,2.2,2.2,FALSE,"セーフハーバー内"
"ツルハドラッグ 矢板片岡店",36.7492918,139.9507476,3000,1,0,1957,2049,92,5.9,7.8,13.7,FALSE,"セーフハーバー内"
"ツルハドラッグ 喜連川店",36.721824,140.022012,3000,4,2,1294,1340,47,6.8,3.4,10.3,FALSE,"セーフハーバー内"
"ツルハドラッグ 日光鬼怒川店",36.813393999999995,139.711656,3000,7,0,1083,1083,0,0,2.5,2.5,FALSE,"セーフハーバー内"
"ツルハドラッグ 大田原薄葉店",36.8310688,139.9754905,3000,2,0,1437,1437,0,0,4.9,4.9,FALSE,"セーフハーバー内"
"杏林堂",36.8607775,140.1148288,3000,2,0,1732,1732,0,0,5.5,5.5,FALSE,"セーフハーバー内"
"ツルハドラッグ 那須塩原島方店",36.936402699999995,140.0128154,3000,5,0,699,714,14,1.6,4.3,6,FALSE,"セーフハーバー内"
"調剤薬局ツルハドラッグ 那須塩原島方店",36.936365699999996,140.0128264,3000,5,0,699,714,14,1.6,4.3,6,FALSE,"セーフハーバー内"
"ツルハドラッグ 黒磯豊浦北町店",36.9779096,140.04094899999998,3000,18,3,307,316,9,6,0.8,6.8,FALSE,"セーフハーバー内"
"ツルハドラッグ 那須高原店",37.0440347,140.0164651,3000,5,0,1504,1504,0,0,3.4,3.4,FALSE,"セーフハーバー内"
"ツルハドラッグ 白河白坂店",37.100546099999995,140.1965959,3000,6,0,666,745,78,9.9,4,13.9,FALSE,"セーフハーバー内"
"ツルハドラッグ 白河西店",37.129055099999995,140.19217079999999,3000,17,2,300,318,19,6,1.5,7.5,FALSE,"セーフハーバー内"
"ツルハドラッグ 西郷店",37.1394342,140.152691,3000,2,0,1508,1546,38,3.8,5.1,8.9,FALSE,"セーフハーバー内"
"ツルハドラッグ 白河結城店",37.1194817,140.2284076,3000,12,0,367,374,7,1.6,2.1,3.7,FALSE,"セーフハーバー内"
"ツルハドラッグ 白河モール店",37.115321099999996,140.2002497,3000,21,2,262,287,24,4.6,2.6,7.3,FALSE,"セーフハーバー内"
"ツルハドラッグ 亀有店",35.759412499999996,139.8435728,3000,14,2,430,434,5,2.1,1.1,3.2,FALSE,"セーフハーバー内"
"くすりの福太郎松戸小山店",35.773854799999995,139.8918368,3000,9,3,597,611,14,4.6,1.5,6.2,FALSE,"セーフハーバー内"
"くすりの福太郎宮久保店",35.7370557,139.93049449999998,3000,7,3,1374,1606,231,28.2,4.1,32.3,FALSE,"セーフハーバー内"
"くすりの福太郎市川国分店",35.739653,139.9180298,3000,7,4,1014,1166,151,18.5,4.1,22.6,FALSE,"セーフハーバー内"
"くすりの福太郎鎌ケ谷店",35.7622363,140.0001203,3000,16,4,1014,1165,152,27.4,2.8,30.2,FALSE,"セーフハーバー内"
"くすりの福太郎西白井店",35.7982344,140.0307439,3000,11,2,704,841,137,19.7,3.5,23.2,FALSE,"セーフハーバー内"
"くすりの福太郎東鎌ケ谷店",35.7635947,140.0157592,3000,18,4,1146,1294,148,29.6,2.5,32.1,FALSE,"セーフハーバー内"
"くすりの福太郎初富本町店",35.774318,140.000174,3000,14,4,717,838,121,19.6,3.1,22.7,FALSE,"セーフハーバー内"
"くすりの福太郎白井駅前店",35.7825506,140.054332,3000,13,1,641,791,150,18.5,4.1,22.5,FALSE,"セーフハーバー内"
"くすりの福太郎印西内野店",35.797295999999996,140.12781809999998,3000,13,4,845,1032,187,24.4,3.8,28.2,FALSE,"セーフハーバー内"
"調剤薬局くすりの福太郎 豊富店",35.7634773,140.0736987,3000,5,0,826,1032,206,15.8,6.5,22.3,FALSE,"セーフハーバー内"
"調剤薬局くすりの福太郎 印西内野店",35.797285099999996,140.1278085,3000,13,4,845,1032,187,24.4,3.8,28.2,FALSE,"セーフハーバー内"
"くすりの福太郎酒々井店",35.732332,140.276129,3000,5,0,1373,1373,0,0,3.3,3.3,FALSE,"セーフハーバー内"
"調剤薬局くすりの福太郎 成田はなのき台店",35.778676000000004,140.28562,3000,12,2,366,386,20,11.2,0.9,12.1,FALSE,"セーフハーバー内"
"ツルハドラッグ 草加5丁目店",35.837382999999996,139.802899,3000,11,12,669,707,38,15.5,1.2,16.8,FALSE,"セーフハーバー内"
"くすりの福太郎逆井店",35.8237009,139.9843915,3000,15,6,456,474,18,9.4,1,10.3,FALSE,"セーフハーバー内"
"調剤薬局くすりの福太郎 白井駅前店",35.782523399999995,140.05434979999998,3000,13,1,641,791,150,18.5,4.1,22.5,FALSE,"セーフハーバー内"
"くすりの福太郎千葉ニュータウン店",35.80197,140.11556199999998,3000,13,4,691,849,158,20.1,3.9,24.1,FALSE,"セーフハーバー内"
"薬局くすりの福太郎ニュータウンメディカルモール店",35.8020176,140.115852,3000,13,4,691,849,158,20.1,3.9,24.1,FALSE,"セーフハーバー内"
"くすりの福太郎フォレストモール印西牧の原店",35.80658,140.178586,3000,10,0,689,820,131,15.3,4.3,19.6,FALSE,"セーフハーバー内"
"調剤薬局くすりの福太郎 本埜店",35.8067997,140.1799079,3000,11,0,834,1001,167,20.9,4,24.9,FALSE,"セーフハーバー内"
"調剤薬局くすりの福太郎 フォレストモール印西牧の原店",35.8067024,140.1784666,3000,10,0,689,820,131,15.3,4.3,19.6,FALSE,"セーフハーバー内"
"くすりの福太郎天王台北口店",35.8728931,140.0399736,3000,9,2,1105,1185,80,26.7,1.5,28.2,FALSE,"セーフハーバー内"
"くすりの福太郎野田山崎店",35.9259919,139.89227499999998,3000,10,2,665,709,44,18.1,1.2,19.3,FALSE,"セーフハーバー内"
"くすりの福太郎柏の葉店",35.887338,139.94699119999999,3000,22,4,583,608,25,19.6,0.6,20.3,FALSE,"セーフハーバー内"
"ツルハドラッグ 江戸崎店",35.9588536,140.31605589999998,3000,6,0,931,989,58,12,2.4,14.5,FALSE,"セーフハーバー内"
"ツルハドラッグ 水海道店",36.021203199999995,139.9904288,3000,11,2,536,583,47,9.1,2.6,11.7,FALSE,"セーフハーバー内"
"ツルハドラッグ 水海道栄町店",36.018657499999996,139.9886895,3000,11,2,536,583,47,9.1,2.6,11.7,FALSE,"セーフハーバー内"
"ツルハドラッグ 富士見ヶ丘店",36.0026003,140.0331467,3000,5,1,1357,1500,143,28,2.5,30.6,FALSE,"セーフハーバー内"
"ツルハドラッグ ひたち野うしく店",36.0067835,140.16418679999998,3000,11,5,806,909,103,20.6,2.5,23.1,FALSE,"セーフハーバー内"
"ツルハドラッグ 荒川本郷店",36.0225617,140.17739029999998,3000,14,2,729,813,85,19.8,2.1,21.9,FALSE,"セーフハーバー内"
"ツルハドラッグ イーアスつくば店",36.0865779,140.08478119999998,3000,24,8,500,520,21,17.7,0.6,18.3,FALSE,"セーフハーバー内"
"ツルハドラッグ 土浦小松店",36.072412299999996,140.2041721,3000,15,6,1045,1097,52,28.5,0.9,29.4,FALSE,"セーフハーバー内"
"ツルハドラッグ 千代田店",36.1349131,140.24109149999998,3000,13,2,657,695,38,18.8,1,19.8,FALSE,"セーフハーバー内"
"ツルハドラッグ 石岡店",36.1885221,140.2749282,3000,13,4,322,336,15,8.8,0.8,9.6,FALSE,"セーフハーバー内"
"ツルハドラッグ 茨城小川店",36.192563899999996,140.3814657,3000,9,0,862,862,0,0,1.9,1.9,FALSE,"セーフハーバー内"
"ツルハドラッグ 羽鳥店",36.249011599999996,140.302367,3000,3,3,879,933,54,9,3,12,FALSE,"セーフハーバー内"
"ツルハドラッグ 友部店",36.3270644,140.3239092,3000,9,3,602,643,41,17.2,1.2,18.3,FALSE,"セーフハーバー内"
"ツルハドラッグ 茨城桜の郷店",36.3266,140.41436299999998,3000,8,2,733,842,109,18.6,2.9,21.5,FALSE,"セーフハーバー内"
"ツルハドラッグ 水戸南店",36.3098342,140.4398525,3000,9,3,868,991,123,23.5,2.6,26.1,FALSE,"セーフハーバー内"
"ツルハドラッグ 水戸元吉田南店",36.341752,140.4679742,3000,21,9,380,445,66,13,2.5,15.5,FALSE,"セーフハーバー内"
"ツルハドラッグ 水戸東前店",36.338786999999996,140.529705,3000,4,2,1061,1098,37,6.1,3.1,9.2,FALSE,"セーフハーバー内"
"ツルハドラッグ 水戸千波店",36.3557662,140.45277439999998,3000,26,8,465,556,91,17,2.7,19.7,FALSE,"セーフハーバー内"
"ツルハドラッグ 上水戸店",36.3895524,140.44700580000003,3000,23,7,645,751,105,21.4,2.5,23.9,FALSE,"セーフハーバー内"
"ツルハドラッグ 水戸見川店",36.3753646,140.43713649999998,3000,25,7,552,639,87,19.5,2.2,21.7,FALSE,"セーフハーバー内"
"ツルハドラッグ 水戸元吉田店",36.3605196,140.47690409999998,3000,18,8,521,621,100,17.5,2.9,20.4,FALSE,"セーフハーバー内"
"ツルハドラッグ 水戸元吉田東店",36.3522259,140.482835,3000,18,10,546,649,104,18.3,2.8,21.1,FALSE,"セーフハーバー内"
"ツルハドラッグ ひたちなか市毛店",36.397446699999996,140.50822829999998,3000,13,5,538,592,54,12.8,2.1,14.9,FALSE,"セーフハーバー内"
"ツルハドラッグ 勝田店",36.3861219,140.5294677,3000,9,7,670,795,125,17.2,3.6,20.8,FALSE,"セーフハーバー内"
"ツルハドラッグ ひたちなか昭和通り店",36.3975436,140.5514906,3000,16,7,525,576,51,16.2,1.6,17.8,FALSE,"セーフハーバー内"
"ツルハドラッグ 水戸堀町店",36.4021462,140.43107,3000,17,7,570,656,86,18.1,2.4,20.4,FALSE,"セーフハーバー内"
"ツルハドラッグ 水戸赤塚店",36.3817538,140.41712909999998,3000,20,7,554,653,99,19,2.6,21.6,FALSE,"セーフハーバー内"
"ツルハドラッグ 城里店",36.4740622,140.3889395,3000,2,0,1212,1212,0,0,4.4,4.4,FALSE,"セーフハーバー内"
"ツルハドラッグ 那珂竹ノ内店",36.452027,140.501396,3000,10,2,608,647,39,15.8,1.2,17.1,FALSE,"セーフハーバー内"
"ツルハドラッグ 東海店",36.4677174,140.57484399999998,3000,8,6,1104,1258,154,28.9,2.7,31.6,FALSE,"セーフハーバー内"
"ツルハドラッグ 東海中央店",36.4580572,140.56582799999998,3000,10,6,942,1062,120,25.9,2.3,28.2,FALSE,"セーフハーバー内"
"ツルハドラッグ 常陸太田店",36.5329731,140.52916869999999,3000,12,4,459,502,42,9.8,2.2,11.9,FALSE,"セーフハーバー内"
"調剤薬局ツルハドラッグ 常陸太田店",36.5330148,140.529194,3000,12,4,459,502,42,9.8,2.2,11.9,FALSE,"セーフハーバー内"
"ツルハドラッグ 日立大みか店",36.5118925,140.62975100000003,3000,12,2,437,456,19,8.5,1.1,9.6,FALSE,"セーフハーバー内"
"ツルハドラッグ 御前山店",36.5488493,140.331918,3000,1,0,3893,3893,0,0,11.8,11.8,FALSE,"セーフハーバー内"
"ツルハドラッグ 日立会瀬店",36.578026,140.64808499999998,3000,19,0,353,390,37,8.5,2.2,10.7,FALSE,"セーフハーバー内"
"ツルハドラッグ 日立桜川店",36.5599086,140.6276842,3000,14,1,369,396,27,7.1,1.9,9,FALSE,"セーフハーバー内"
"ツルハドラッグ 日立平沢店",36.5987252,140.6460946,3000,16,2,350,372,22,6.1,1.8,7.9,FALSE,"セーフハーバー内"
"ツルハドラッグ 日立十王店",36.6816154,140.6830646,3000,7,0,743,782,39,9.9,2,11.9,FALSE,"セーフハーバー内"
"ツルハドラッグ 高萩手綱店",36.727513099999996,140.7137706,3000,8,3,710,764,54,18.7,1.4,20.1,FALSE,"セーフハーバー内"
"ツルハドラッグ 北茨城店",36.7757682,140.7319724,3000,9,4,494,528,34,6.4,2.7,9.1,FALSE,"セーフハーバー内"
"調剤薬局ツルハドラッグ 北茨城店",36.7757862,140.7320157,3000,9,4,494,528,34,6.4,2.7,9.1,FALSE,"セーフハーバー内"
"ツルハドラッグ 北茨城大津店",36.842182,140.781743,3000,8,0,717,717,0,0,3.6,3.6,FALSE,"セーフハーバー内"
"調剤薬局ツルハドラッグ 北茨城大津店",36.842182,140.781743,3000,8,0,717,717,0,0,3.6,3.6,FALSE,"セーフハーバー内"
"ツルハドラッグ 矢祭店",36.866392,140.425767,3000,1,0,4589,4589,0,0,12.9,12.9,FALSE,"セーフハーバー内"
"ツルハドラッグ いわき錦店",36.9058688,140.78916429999998,3000,15,1,325,333,8,1.5,2.6,4.2,FALSE,"セーフハーバー内"
"ツルハドラッグ いわき中岡店",36.920947,140.781394,3000,10,1,412,427,15,2.1,3.6,5.7,FALSE,"セーフハーバー内"
"ツルハドラッグ 勿来店",36.9083463,140.77192879999998,3000,10,1,409,424,15,2.1,3.6,5.6,FALSE,"セーフハーバー内"
"杏林堂薬局 浜岡店",34.6353915,138.1306429,3000,6,2,730,836,106,13.6,3.9,17.5,FALSE,"セーフハーバー内"
"杏林堂薬局 浜岡店 調剤",34.6353915,138.1306429,3000,6,2,730,836,106,13.6,3.9,17.5,FALSE,"セーフハーバー内"
"杏林堂薬局 新居店",34.7075757,137.5504097,3000,13,3,368,426,58,7.6,3.8,11.4,FALSE,"セーフハーバー内"
"杏林堂薬局 新居店 調剤",34.7075757,137.5504097,3000,13,3,368,426,58,7.6,3.8,11.4,FALSE,"セーフハーバー内"
"杏林堂ドラッグストア 舞阪店",34.6835375,137.6211007,3000,14,1,435,448,14,6.4,1.1,7.5,FALSE,"セーフハーバー内"
"杏林堂薬局 志都呂店",34.6988945,137.66450849999998,3000,22,2,402,504,102,12.5,4.1,16.6,FALSE,"セーフハーバー内"
"杏林堂 志都呂調剤センター",34.6992013,137.6642244,3000,22,2,402,504,102,12.5,4.1,16.6,FALSE,"セーフハーバー内"
"杏林堂薬局 高塚調剤センター",34.69374820000001,137.6783285,3000,16,1,652,915,263,19.2,6.8,26.1,FALSE,"セーフハーバー内"
"杏林堂薬局 西伊場店",34.697525899999995,137.7003877,3000,21,1,391,558,168,11.8,7.1,18.9,FALSE,"セーフハーバー内"
"杏林堂ドラッグストア 入野店",34.6971035,137.68423479999998,3000,17,1,416,574,158,9.9,8,17.9,FALSE,"セーフハーバー内"
"杏林堂ドラッグストア 白羽店",34.6786679,137.7362502,3000,13,3,428,521,93,9.4,4.9,14.3,FALSE,"セーフハーバー内"
"杏林堂ドラッグストア H＆B Special 南浅田店",34.6864792,137.73179729999998,3000,20,3,509,670,161,16.8,4.8,21.6,FALSE,"セーフハーバー内"
"杏林堂ドラッグストア 鴨江店",34.7055947,137.70787529999998,3000,23,1,501,754,253,16.6,7.6,24.2,FALSE,"セーフハーバー内"
"杏林堂ドラッグストア 入野店 調剤",34.6971035,137.68423479999998,3000,17,1,416,574,158,9.9,8,17.9,FALSE,"セーフハーバー内"
"杏林堂薬局 佐鳴湖南調剤センター",34.7021404,137.6834638,3000,17,1,441,631,190,9.9,9.5,19.5,FALSE,"セーフハーバー内"
"杏林堂薬局 西伊場店 調剤",34.697525899999995,137.7003877,3000,21,1,391,558,168,11.8,7.1,18.9,FALSE,"セーフハーバー内"
"杏林堂薬局 名塚店",34.702807299999996,137.75763469999998,3000,31,3,443,598,155,16.7,4.6,21.3,FALSE,"セーフハーバー内"
"杏林堂薬局 芳川店",34.6846855,137.7661475,3000,18,3,434,530,96,11.8,4.1,15.9,FALSE,"セーフハーバー内"
"杏林堂ドラッグストア 向宿店",34.7041391,137.7512363,3000,27,3,492,690,198,17.8,5.6,23.4,FALSE,"セーフハーバー内"
"杏林堂薬局 エキマチ店",34.7038909,137.73444139999998,3000,27,3,469,662,192,16.5,5.8,22.3,FALSE,"セーフハーバー内"
"杏林堂ドラッグストア 伝馬町店",34.7062642,137.7285302,3000,26,3,474,700,226,16.4,6.9,23.3,FALSE,"セーフハーバー内"
"杏林堂ドラッグストア 竜洋店",34.6733274,137.8155065,3000,5,0,908,908,0,0,5.1,5.1,FALSE,"セーフハーバー内"
"杏林堂ドラッグストア 竜洋店 調剤",34.6733274,137.8155065,3000,5,0,908,908,0,0,5.1,5.1,FALSE,"セーフハーバー内"
"杏林堂薬局 芳川店 調剤",34.6846855,137.7661475,3000,18,3,434,530,96,11.8,4.1,15.9,FALSE,"セーフハーバー内"
"杏林堂薬局 上岡田店",34.7047253,137.8499755,3000,15,0,527,667,140,14.8,4.7,19.5,FALSE,"セーフハーバー内"
"杏林堂薬局 上岡田店 調剤",34.7047253,137.8499755,3000,15,0,527,667,140,14.8,4.7,19.5,FALSE,"セーフハーバー内"
"杏林堂ドラッグストア 小笠店",34.7013406,138.0944016,3000,7,2,783,800,16,4.1,2,6.1,FALSE,"セーフハーバー内"
"杏林堂ドラッグストア 新所原駅南店",34.7207813,137.4849032,3000,5,4,774,864,90,10.3,4.3,14.7,FALSE,"セーフハーバー内"
"杏林堂ドラッグストア 新所原駅南店 調剤",34.7207813,137.4849032,3000,5,4,774,864,90,10.3,4.3,14.7,FALSE,"セーフハーバー内"
"杏林堂薬局 鷲津店",34.7135307,137.545186,3000,12,0,403,403,0,0,4.3,4.3,FALSE,"セーフハーバー内"
"杏林堂薬局 鷲津店 調剤",34.7135307,137.545186,3000,12,0,403,403,0,0,4.3,4.3,FALSE,"セーフハーバー内"
"杏林堂ドラッグストア 伊左地店",34.7442684,137.6592432,3000,6,1,900,939,38,4.1,4.7,8.8,FALSE,"セーフハーバー内"
"杏林堂ドラッグストア 伊左地店 調剤",34.7442684,137.6592432,3000,6,1,900,939,38,4.1,4.7,8.8,FALSE,"セーフハーバー内"
"杏林堂ドラッグストア 城北店",34.722369,137.7173067,3000,21,1,619,905,287,19.2,7.5,26.7,FALSE,"セーフハーバー内"
"杏林堂ドラッグストア 高町店",34.7084326,137.7238002,3000,26,2,479,694,216,16.4,6.6,23,FALSE,"セーフハーバー内"
"杏林堂薬局 和合店",34.7394248,137.70385,3000,12,1,551,699,147,8.9,8.3,17.2,FALSE,"セーフハーバー内"
"杏林堂薬局 富塚店",34.7205641,137.7016409,3000,17,0,538,797,259,14.3,9.1,23.3,FALSE,"セーフハーバー内"
"杏林堂ドラッグストア H＆B Special 泉店",34.7453461,137.7187146,3000,21,1,374,454,79,8.8,4.5,13.3,FALSE,"セーフハーバー内"
"杏林堂薬局 浜松医療センター前店",34.71562,137.70276940000002,3000,22,0,593,901,308,18.2,8.5,26.7,FALSE,"セーフハーバー内"
"杏林堂ドラッグストア 新大平台店",34.727140299999995,137.6886671,3000,11,1,563,604,41,2.3,9,11.3,FALSE,"セーフハーバー内"
"杏林堂ドラッグストア 新津店",34.7215531,137.742147,3000,23,2,540,794,254,18,7,25.1,FALSE,"セーフハーバー内"
"杏林堂薬局 和田店",34.7159766,137.7741613,3000,22,1,414,534,120,12.5,4.8,17.3,FALSE,"セーフハーバー内"
"杏林堂ドラッグストア 上島駅前店",34.7414293,137.7467278,3000,22,1,398,526,128,11.8,5.4,17.3,FALSE,"セーフハーバー内"
"杏林堂薬局 ピーワンプラザ天王店",34.735206,137.765529,3000,15,1,445,589,144,11.7,6.2,17.8,FALSE,"セーフハーバー内"
"杏林堂薬局 有玉南町店",34.7552745,137.7521272,3000,13,1,423,515,92,7.6,6.1,13.6,FALSE,"セーフハーバー内"
"杏林堂ドラッグストア 天王店",34.7337882,137.7708084,3000,13,0,470,628,158,11.4,6.9,18.3,FALSE,"セーフハーバー内"
"杏林堂薬局 小豆餅店",34.754478399999996,137.7316301,3000,18,3,417,553,136,10.8,6.3,17.1,FALSE,"セーフハーバー内"
"杏林堂薬局 上西店",34.7251435,137.7523136,3000,26,2,686,910,224,22.5,5,27.5,FALSE,"セーフハーバー内"
"杏林堂薬局 豊田小立野店",34.7259921,137.81904140000003,3000,6,1,866,992,126,14.6,4.3,18.9,FALSE,"セーフハーバー内"
"杏林堂ドラッグストア 豊田駅前店",34.7144562,137.8194332,3000,6,0,774,980,206,12.9,8,20.9,FALSE,"セーフハーバー内"
"杏林堂ドラッグストア 岩井店",34.7403838,137.8777475,3000,9,2,682,778,96,17,2.8,19.8,FALSE,"セーフハーバー内"
"杏林堂ドラッグストア 鳥之瀬店",34.711721499999996,137.8610316,3000,17,2,463,555,93,14.3,3.2,17.6,FALSE,"セーフハーバー内"
"杏林堂薬局 西貝塚店",34.719322399999996,137.8729137,3000,16,2,516,649,133,15.4,4.3,19.7,FALSE,"セーフハーバー内"
"杏林堂薬局 袋井旭町店",34.7532353,137.9210052,3000,14,1,352,423,70,6.6,5.3,11.9,FALSE,"セーフハーバー内"
"杏林堂ドラッグストア 袋井西田店",34.7416391,137.9127483,3000,14,2,367,423,56,7.7,3.6,11.4,FALSE,"セーフハーバー内"
"杏林堂ドラッグストア 袋井国本店",34.7562231,137.9339258,3000,13,1,369,447,78,7,5.6,12.6,FALSE,"セーフハーバー内"
"杏林堂薬局 袋井旭町店 調剤",34.7532353,137.9210052,3000,14,1,352,423,70,6.6,5.3,11.9,FALSE,"セーフハーバー内"
"杏林堂ドラッグストア 菊川店",34.7558289,138.09037619999998,3000,7,6,531,649,118,10.5,5.6,16.1,FALSE,"セーフハーバー内"
"杏林堂薬局菊川調剤センター",34.7557498,138.0903602,3000,7,6,531,649,118,10.5,5.6,16.1,FALSE,"セーフハーバー内"
"杏林堂薬局 菊川病院前店",34.7345931,138.0983437,3000,6,4,601,724,123,9.2,6.7,15.9,FALSE,"セーフハーバー内"
"杏林堂ドラッグストア 細江店",34.8065065,137.6527088,3000,7,0,940,1088,148,11.1,6.7,17.8,FALSE,"セーフハーバー内"
"杏林堂ドラッグストア根洗店",34.800284999999995,137.71329599999999,3000,7,1,485,529,43,4.9,4.5,9.3,FALSE,"セーフハーバー内"
"杏林堂薬局 高丘東店",34.7593993,137.7151673,3000,17,2,392,473,81,6.7,6,12.7,FALSE,"セーフハーバー内"
"杏林堂薬局 姫街道店",34.7719664,137.7087133,3000,14,2,404,485,81,8.7,4.7,13.3,FALSE,"セーフハーバー内"
"杏林堂ドラッグストア 新初生店",34.7725301,137.7243645,3000,16,3,408,501,93,8.9,5.2,14.2,FALSE,"セーフハーバー内"
"杏林堂薬局 三方原聖隷前店",34.7922077,137.68881149999999,3000,9,0,520,675,155,10.2,7.6,17.8,FALSE,"セーフハーバー内"
"杏林堂ドラッグストア 小松店",34.7901561,137.7779165,3000,15,1,361,434,72,5.9,6.1,12,FALSE,"セーフハーバー内"
"杏林堂ドラッグストア 内野店",34.7822805,137.75466849999998,3000,8,1,564,594,29,1.4,10.1,11.6,FALSE,"セーフハーバー内"
"杏林堂ドラッグストア 中郡店",34.7699849,137.7829971,3000,10,0,487,570,83,6.4,6.4,12.9,FALSE,"セーフハーバー内"
"杏林堂薬局 浜松医大調剤センター",34.770905899999995,137.7440373,3000,14,3,403,438,35,3,5.9,8.9,FALSE,"セーフハーバー内"
"杏林堂薬局 浜北店",34.8091943,137.8014432,3000,19,1,369,414,45,9.7,2.3,12,FALSE,"セーフハーバー内"
"杏林堂ドラッグストア 小松店 調剤",34.7901561,137.7779165,3000,15,1,361,434,72,5.9,6.1,12,FALSE,"セーフハーバー内"
"杏林堂ドラッグストア 中郡店 調剤",34.7699849,137.7829971,3000,10,0,487,570,83,6.4,6.4,12.9,FALSE,"セーフハーバー内"
"杏林堂薬局 磐田市立病院前店",34.766853,137.856279,3000,7,0,678,678,0,0,1.9,1.9,FALSE,"セーフハーバー内"
"杏林堂薬局 袋井下山梨店",34.775295199999995,137.9127044,3000,12,3,488,596,108,9.7,5.6,15.3,FALSE,"セーフハーバー内"
"杏林堂薬局 袋井下山梨店 調剤",34.775295199999995,137.9127044,3000,12,3,488,596,108,9.7,5.6,15.3,FALSE,"セーフハーバー内"
"杏林堂ドラッグストア 掛川下垂木店",34.7792568,137.980164,3000,7,0,552,561,8,2.5,1.7,4.2,FALSE,"セーフハーバー内"
"杏林堂薬局 掛川花鳥園前店",34.7623034,138.0171885,3000,16,2,328,341,12,3.6,1.7,5.3,FALSE,"セーフハーバー内"
"杏林堂薬局 掛川葛ヶ丘店",34.78786970000001,138.02822089999998,3000,14,3,376,385,9,4.4,1,5.4,FALSE,"セーフハーバー内"
"杏林堂薬局 掛川花鳥園前店 調剤",34.7623034,138.0171885,3000,16,2,328,341,12,3.6,1.7,5.3,FALSE,"セーフハーバー内"
"杏林堂ドラッグストア 菊川店 調剤",34.7558289,138.09037619999998,3000,7,6,531,649,118,10.5,5.6,16.1,FALSE,"セーフハーバー内"
"杏林堂ドラッグストア 吉田店",34.7886267,138.2477135,3000,8,4,722,819,97,15.4,3.2,18.6,FALSE,"セーフハーバー内"
"杏林堂ドラッグストア 吉田店 調剤",34.7886267,138.2477135,3000,8,4,722,819,97,15.4,3.2,18.6,FALSE,"セーフハーバー内"
"杏林堂薬局 引佐店",34.8164908,137.6788234,3000,11,0,473,541,68,7,4.9,11.9,FALSE,"セーフハーバー内"
"杏林堂薬局 引佐店 調剤",34.8164908,137.6788234,3000,11,0,473,541,68,7,4.9,11.9,FALSE,"セーフハーバー内"
"杏林堂ドラッグストア根洗店 調剤",34.800284999999995,137.71329599999999,3000,7,1,485,529,43,4.9,4.5,9.3,FALSE,"セーフハーバー内"
"杏林堂ドラッグストア 新原店",34.813908,137.7831917,3000,18,1,362,437,74,9.6,3.9,13.5,FALSE,"セーフハーバー内"
"杏林堂ドラッグストア 新原店 調剤",34.813908,137.7831917,3000,18,1,362,437,74,9.6,3.9,13.5,FALSE,"セーフハーバー内"
"杏林堂薬局 於呂店",34.8476418,137.80531349999998,3000,9,0,549,695,146,7.7,9.4,17.2,FALSE,"セーフハーバー内"
"杏林堂薬局 西鹿島駅前店",34.846586099999996,137.8108636,3000,8,1,566,750,184,9.4,9.8,19.2,FALSE,"セーフハーバー内"
"杏林堂薬局 弘済堂薬局",34.850192199999995,137.8117696,3000,6,0,651,682,31,1.3,12.1,13.4,FALSE,"セーフハーバー内"
"杏林堂薬局 西鹿島駅前店 調剤",34.846586099999996,137.8108636,3000,8,1,566,750,184,9.4,9.8,19.2,FALSE,"セーフハーバー内"
"杏林堂ドラッグストア 森町店",34.8241474,137.91959939999998,3000,6,2,879,922,42,4.6,4.6,9.2,FALSE,"セーフハーバー内"
"杏林堂ドラッグストア 森町店 調剤",34.824024099999995,137.91968520000003,3000,6,2,879,922,42,4.6,4.6,9.2,FALSE,"セーフハーバー内"
"杏林堂ドラッグストア 島田駅南店",34.829330299999995,138.17124719999998,3000,15,5,398,451,53,10.1,2.6,12.7,FALSE,"セーフハーバー内"
"杏林堂ドラッグストア 島田稲荷店",34.834828699999996,138.15720969999998,3000,16,5,302,326,24,5.1,2.4,7.5,FALSE,"セーフハーバー内"
"杏林堂ドラッグストア 島田駅南店 調剤",34.829330299999995,138.17124719999998,3000,15,5,398,451,53,10.1,2.6,12.7,FALSE,"セーフハーバー内"
"杏林堂ドラッグストア 藤枝青島店",34.8450001,138.2313451,3000,16,6,378,435,57,6.5,4.3,10.9,FALSE,"セーフハーバー内"
"杏林堂薬局 藤枝田沼店",34.841350399999996,138.25637039999998,3000,15,5,391,441,50,5.3,4.7,10,FALSE,"セーフハーバー内"
"杏林堂ドラッグストア 藤枝駅北店",34.8512158,138.24710199999998,3000,18,6,342,389,47,5.9,3.9,9.8,FALSE,"セーフハーバー内"
"杏林堂ドラッグストア藤枝駅北店",34.852199399999996,138.24668830000002,3000,18,6,342,389,47,5.9,3.9,9.8,FALSE,"セーフハーバー内"
"杏林堂薬局藤枝駅北店",34.852084399999995,138.24671970000003,3000,18,6,342,389,47,5.9,3.9,9.8,FALSE,"セーフハーバー内"
"杏林堂薬局 焼津与惣次店",34.846184199999996,138.3119776,3000,23,17,366,426,60,13.2,2.3,15.5,FALSE,"セーフハーバー内"
"杏林堂ドラッグストア 焼津大住店",34.8474242,138.2913752,3000,20,16,414,486,72,14.3,2.5,16.8,FALSE,"セーフハーバー内"
"杏林堂薬局 焼津与惣次店 調剤",34.8462631,138.3119779,3000,23,17,366,426,60,13.2,2.3,15.5,FALSE,"セーフハーバー内"
"杏林堂ドラッグストア 二俣店",34.860129199999996,137.8158059,3000,3,2,759,903,145,4.5,15.9,20.5,FALSE,"セーフハーバー内"
"杏林堂薬局 於呂店 調剤",34.8476418,137.80531349999998,3000,9,0,549,695,146,7.7,9.4,17.2,FALSE,"セーフハーバー内"
"杏林堂ドラッグストア 二俣店 調剤",34.860129199999996,137.8158059,3000,3,2,759,903,145,4.5,15.9,20.5,FALSE,"セーフハーバー内"
"杏林堂ドラッグストア 藤枝清里店",34.8932242,138.2638472,3000,12,6,603,667,64,13.3,2.4,15.7,FALSE,"セーフハーバー内"
"杏林堂ドラッグストア 西焼津駅北店",34.860949999999995,138.28485129999999,3000,19,13,334,387,53,9.8,2.7,12.5,FALSE,"セーフハーバー内"
"杏林堂ドラッグストア 藤枝清里店 調剤",34.8932242,138.2638472,3000,12,6,603,667,64,13.3,2.4,15.7,FALSE,"セーフハーバー内"
"杏林堂薬局 静岡山崎店",34.9763186,138.35207160000002,3000,15,8,429,450,20,11.5,0.9,12.4,FALSE,"セーフハーバー内"
"杏林堂ドラッグストア 静岡大坪店",34.9637633,138.39810939999998,3000,24,10,354,397,43,14.3,1.5,15.8,FALSE,"セーフハーバー内"
"杏林堂ドラッグストア 静岡小鹿店",34.9706511,138.42213909999998,3000,18,3,310,354,44,7.5,2.9,10.4,FALSE,"セーフハーバー内"
"杏林堂薬局 静岡千代田店",35.000459,138.4075291,3000,23,12,619,720,100,20.7,2.4,23.1,FALSE,"セーフハーバー内"
"杏林堂ドラッグストア テレビ静岡前店",34.9906856,138.4260933,3000,24,8,383,461,77,12.7,3,15.8,FALSE,"セーフハーバー内"
"杏林堂薬局 静岡登呂店",34.960410200000005,138.4122118,3000,20,6,391,444,53,14.8,1.8,16.5,FALSE,"セーフハーバー内"
"杏林堂ドラッグストア 静岡草薙店",35.0003394,138.4340779,3000,16,9,488,582,94,13.8,3.4,17.2,FALSE,"セーフハーバー内"
"杏林堂薬局 清水三保店",34.99864290000001,138.51580350000003,3000,15,2,608,676,68,17,2,19,FALSE,"セーフハーバー内"
"杏林堂薬局 清水三保店 調剤",34.99864290000001,138.51580350000003,3000,15,2,608,676,68,17,2,19,FALSE,"セーフハーバー内"
"杏林堂ドラッグストア 静岡松富店",35.0105104,138.3733144,3000,16,11,913,1001,88,26.1,1.7,27.8,FALSE,"セーフハーバー内"
"杏林堂ドラッグストア 静岡松富店 調剤",35.0105104,138.3733144,3000,16,11,913,1001,88,26.1,1.7,27.8,FALSE,"セーフハーバー内"
"杏林堂薬局 瀬名川店",35.0084848,138.4255344,3000,16,7,402,460,57,8.1,3.5,11.7,FALSE,"セーフハーバー内"
"杏林堂ドラッグストア ながいずみ中土狩店",35.1369486,138.90694019999998,3000,22,12,1483,1529,46,36.6,0.6,37.2,FALSE,"セーフハーバー内"
"（株）根本杏林堂",35.1416243,139.0752199,3000,8,2,654,666,12,3.5,1.7,5.2,FALSE,"セーフハーバー内"
"杏林堂ドラッグストア 富士永田店",35.1632131,138.6717342,3000,30,12,506,560,54,18.7,1.5,20.1,FALSE,"セーフハーバー内"
"杏林堂ドラッグストア 富士松岡店",35.162701399999996,138.6433789,3000,20,8,439,499,60,14.2,2.1,16.3,FALSE,"セーフハーバー内"
"杏林堂ドラッグストア 富士厚原店",35.189725800000005,138.66216169999998,3000,14,6,649,722,73,17.8,2,19.8,FALSE,"セーフハーバー内"
"杏林堂ドラッグストア アクロスプラザ厚原店",35.1834061,138.65674199999998,3000,18,7,621,743,122,18.6,3.3,21.9,FALSE,"セーフハーバー内"
"杏林堂ドラッグストア 富士宮浅間店",35.2185275,138.61063240000001,3000,16,7,891,936,45,25.3,0.9,26.2,FALSE,"セーフハーバー内"
"ツルハドラッグ 飯田川路店",35.447777599999995,137.8132292,3000,6,0,1185,1185,0,0,2.8,2.8,FALSE,"セーフハーバー内"
"ツルハドラッグ 飯田西鼎店",35.5072459,137.8372211,3000,18,1,247,265,19,7.2,1.3,8.5,FALSE,"セーフハーバー内"
"ツルハドラッグ 上吉田店",35.482552,138.8036534,3000,25,5,240,246,6,5.6,0.6,6.1,FALSE,"セーフハーバー内"
"ツルハドラッグ 飯田駅前店",35.5196555,137.8225987,3000,19,1,263,282,19,7.3,1.3,8.6,FALSE,"セーフハーバー内"
"ツルハドラッグ 都留文大駅前店",35.541747799999996,138.8952789,3000,12,2,476,482,6,2.4,1.2,3.6,FALSE,"セーフハーバー内"
"ツルハドラッグ 松川大島店",35.603016,137.89816340000002,3000,4,0,1012,1012,0,0,3,3,FALSE,"セーフハーバー内"
"ツルハドラッグ 峡西店",35.603929199999996,138.4675352,3000,13,3,378,390,12,3,2,5,FALSE,"セーフハーバー内"
"ツルハドラッグ 市川大門店",35.564099399999996,138.49473319999998,3000,11,3,534,560,26,10.1,1.3,11.4,FALSE,"セーフハーバー内"
"ツルハドラッグ 山梨中央店",35.6084332,138.5437201,3000,12,2,404,468,64,11.3,2.8,14.2,FALSE,"セーフハーバー内"
"調剤薬局ツルハドラッグ 山梨中央店",35.606946,138.541224,3000,14,2,380,435,55,10.5,2.6,13.1,FALSE,"セーフハーバー内"
"ツルハドラッグ 都留赤坂店",35.565146,138.917507,3000,12,0,489,489,0,0,1.2,1.2,FALSE,"セーフハーバー内"
"ツルハドラッグ 南アルプス桃園店",35.6273128,138.46451159999998,3000,11,2,421,431,10,2.2,2.2,4.5,FALSE,"セーフハーバー内"
"ツルハドラッグ 甲府昭和店",35.623834099999996,138.52443789999998,3000,14,2,456,523,68,11.7,2.9,14.6,FALSE,"セーフハーバー内"
"ツルハドラッグ 甲府高畑店",35.6530408,138.5620418,3000,12,2,452,473,21,2.3,4.6,6.9,FALSE,"セーフハーバー内"
"ツルハドラッグ 甲府国母店",35.6422631,138.55928989999998,3000,17,3,350,368,18,2.6,3.4,6,FALSE,"セーフハーバー内"
"ツルハドラッグ 甲府中小河原店",35.6350925,138.5701061,3000,15,3,360,380,20,2.7,3.7,6.4,FALSE,"セーフハーバー内"
"ツルハドラッグ 甲府朝気店",35.648396399999996,138.5813952,3000,11,2,452,475,23,2.4,4.8,7.2,FALSE,"セーフハーバー内"
"ツルハドラッグ 笛吹店",35.6414326,138.62701239999998,3000,15,5,593,625,32,18,0.9,18.9,FALSE,"セーフハーバー内"
"くすりのレデイ 東津山店",35.05834,134.03996,3000,11,0,461,513,52,11.4,2.3,13.6,FALSE,"セーフハーバー内"
"くすりのレデイ津山高野店",35.074542099999995,134.0438887,3000,12,0,440,486,46,10.7,2.1,12.9,FALSE,"セーフハーバー内"
"ウェルネス 西伯店",35.3562435,133.3300018,3000,1,0,2732,2732,0,0,9.5,9.5,FALSE,"セーフハーバー内"
"ウェルネス 溝口店",35.3464308,133.4340044,3000,1,0,3227,3227,0,0,10.5,10.5,FALSE,"セーフハーバー内"
"ウェルネス五千石店",35.4001321,133.3735041,3000,6,0,619,619,0,0,1.9,1.9,FALSE,"セーフハーバー内"
"ウェルネス 生田店",35.417245199999996,133.8056772,3000,11,0,546,546,0,0,2.7,2.7,FALSE,"セーフハーバー内"
"ウェルネス 郡家店",35.4193018,134.2594966,3000,4,0,1229,1229,0,0,3.4,3.4,FALSE,"セーフハーバー内"
"ウェルネス 東出雲店",35.4298754,133.1326951,3000,8,0,614,696,82,8.3,5,13.2,FALSE,"セーフハーバー内"
"ウェルネス 東出雲薬局",35.42984810000001,133.1327066,3000,8,0,614,696,82,8.3,5,13.2,FALSE,"セーフハーバー内"
"ウェルネス 安来店",35.433561399999995,133.24002819999998,3000,16,0,564,564,0,0,6.8,6.8,FALSE,"セーフハーバー内"
"ウェルネス 安来薬局",35.4337218,133.2400297,3000,16,0,564,564,0,0,6.8,6.8,FALSE,"セーフハーバー内"
"ウェルネス 角盤店",35.435262699999996,133.3301688,3000,18,1,253,299,46,3.9,5.9,9.8,FALSE,"セーフハーバー内"
"ウェルネス 旗ヶ崎店",35.4374719,133.3100582,3000,16,0,321,394,74,7.8,4.7,12.5,FALSE,"セーフハーバー内"
"ウェルネス 米原６丁目店",35.4429406,133.3351807,3000,25,1,219,271,52,5.6,4.6,10.2,FALSE,"セーフハーバー内"
"ウェルネス 夜見店",35.4673642,133.3072226,3000,14,0,348,366,18,4.8,1.9,6.7,FALSE,"セーフハーバー内"
"ウェルネス 米原店",35.4459776,133.3270552,3000,21,1,265,344,79,6.6,6,12.6,FALSE,"セーフハーバー内"
"ウェルネス 東福原店",35.434878999999995,133.34784,3000,19,1,266,317,50,3.9,6.5,10.4,FALSE,"セーフハーバー内"
"ウェルネス 上福原店",35.44873750000001,133.3551258,3000,20,3,572,798,226,18.8,6,24.8,FALSE,"セーフハーバー内"
"ウェルネス 両三柳店",35.4506762,133.3358824,3000,24,1,242,307,65,6,5.4,11.4,FALSE,"セーフハーバー内"
"ウェルネス 昭和町店",35.426274,133.34358229999998,3000,18,1,320,375,55,4.5,6,10.6,FALSE,"セーフハーバー内"
"ウェルネス 皆生店",35.4526807,133.36632989999998,3000,16,3,597,781,184,18.8,4.9,23.7,FALSE,"セーフハーバー内"
"ウェルネス みのかや店",35.430908699999996,133.3842048,3000,10,2,1375,1626,252,33.6,3.7,37.4,TRUE,"セーフハーバー超過(スーパー有=競争維持余地)"
"ウェルネス 淀江店",35.4509981,133.4130194,3000,10,2,1817,2042,225,39,2.9,41.9,FALSE,"セーフハーバー内"
"ウェルネス 淀江薬局",35.4510101,133.4129958,3000,10,2,1817,2042,225,39,2.9,41.9,FALSE,"セーフハーバー内"
"ウェルネス 上井店",35.4498448,133.8475271,3000,20,2,275,281,6,1.4,2.1,3.6,FALSE,"セーフハーバー内"
"ウェルネス 倉吉東店",35.4324021,133.8437841,3000,17,2,311,321,10,1.6,3.2,4.9,FALSE,"セーフハーバー内"
"ウェルネス 倉吉南店",35.4345187,133.8188084,3000,15,0,354,354,0,0,3.7,3.7,FALSE,"セーフハーバー内"
"ウェルネス 八屋店",35.4443031,133.8486087,3000,19,2,287,296,9,1.5,3,4.4,FALSE,"セーフハーバー内"
"ウェルネス 河原店",35.426738199999996,134.206448,3000,3,0,1787,1787,0,0,4.7,4.7,FALSE,"セーフハーバー内"
"ウェルネス 境港マリーナ店",35.5156671,133.2489575,3000,7,0,757,757,0,0,2,2,FALSE,"セーフハーバー内"
"ウェルネス 皆生薬局",35.4526466,133.3663398,3000,16,3,597,781,184,18.8,4.9,23.7,FALSE,"セーフハーバー内"
"ウェルネス 東伯店",35.5042352,133.6873714,3000,6,0,951,951,0,0,4.7,4.7,FALSE,"セーフハーバー内"
"ウェルネス 琴浦店",35.503212,133.68009899999998,3000,6,0,951,951,0,0,4.7,4.7,FALSE,"セーフハーバー内"
"ウェルネス 北栄店",35.4904228,133.7605556,3000,4,0,1534,1534,0,0,3.8,3.8,FALSE,"セーフハーバー内"
"ウェルネス ハワイ店",35.486239499999996,133.8592889,3000,7,0,754,754,0,0,2,2,FALSE,"セーフハーバー内"
"ウェルネス 青谷店",35.516340299999996,133.99826009999998,3000,2,0,2833,2833,0,0,7.3,7.3,FALSE,"セーフハーバー内"
"ウェルネス 気高店",35.513827,134.0467769,3000,1,0,2232,2232,0,0,8.5,8.5,FALSE,"セーフハーバー内"
"ウェルネス 湖山店",35.5145219,134.1895242,3000,15,1,401,464,63,13,2.4,15.4,FALSE,"セーフハーバー内"
"ウェルネス 片原店",35.5048944,134.22822349999998,3000,18,0,242,269,27,3.4,4,7.4,FALSE,"セーフハーバー内"
"ウェルネス 南吉方店",35.4860983,134.2338342,3000,20,0,261,295,34,3.3,5.2,8.5,FALSE,"セーフハーバー内"
"ウェルネス 徳尾店",35.5001497,134.2060247,3000,22,1,305,394,89,11.6,3.9,15.4,FALSE,"セーフハーバー内"
"ウェルネス 叶店",35.4746885,134.2177079,3000,12,0,373,423,51,5,5,10.1,FALSE,"セーフハーバー内"
"ウェルネス 吉成店",35.481482,134.2273519,3000,18,0,290,331,41,3.6,5.7,9.3,FALSE,"セーフハーバー内"
"ウェルネス 国府店",35.4824165,134.2542748,3000,15,0,347,347,0,0,4.5,4.5,FALSE,"セーフハーバー内"
"ウェルネス 立川店",35.4895943,134.2408256,3000,18,0,287,324,37,3.6,5.1,8.7,FALSE,"セーフハーバー内"
"ウェルネス 桜谷店",35.4688437,134.24526889999999,3000,12,0,461,535,75,5.6,6.7,12.3,FALSE,"セーフハーバー内"
"ウェルネス 境港渡店",35.5226354,133.2123551,3000,11,0,416,455,39,5.7,3.4,9.2,FALSE,"セーフハーバー内"
"ウェルネス 境港店",35.5415403,133.2225624,3000,11,0,423,464,41,5.8,3.5,9.4,FALSE,"セーフハーバー内"
"ウェルネス 境港薬局",35.5415169,133.2225732,3000,11,0,423,464,41,5.8,3.5,9.4,FALSE,"セーフハーバー内"
"ウェルネス 大山店",35.5217952,133.5684629,3000,1,0,3731,3731,0,0,11.4,11.4,FALSE,"セーフハーバー内"
"ウェルネス 湖山東店",35.516756099999995,134.18593909999998,3000,16,1,409,471,62,12.9,2.4,15.3,FALSE,"セーフハーバー内"
"ウェルネス 丸山店",35.520352599999995,134.2264463,3000,16,1,410,472,63,13,2.4,15.4,FALSE,"セーフハーバー内"
"ウェルネス 岩美店",35.567433799999996,134.3244676,3000,2,0,1508,1508,0,0,5.1,5.1,FALSE,"セーフハーバー内"
"ウェルネス 六日市店",34.3518781,131.9386495,3000,3,0,2040,2040,0,0,5.1,5.1,FALSE,"セーフハーバー内"
"ウォンツ 鷹の巣店",34.3606111,132.2304045,3000,3,0,2081,2344,263,25.6,5.1,30.8,TRUE,"セーフハーバー超過(スーパー有=競争維持余地)"
"ウォンツ 大野早時店",34.3018102,132.2911475,3000,10,0,493,493,0,0,4,4,FALSE,"セーフハーバー内"
"ウォンツ 大野店",34.2910365,132.2736279,3000,7,0,813,813,0,0,6.1,6.1,FALSE,"セーフハーバー内"
"ウォンツ 宮内店",34.3450038,132.30665199999999,3000,17,0,344,420,76,8,4.8,12.7,FALSE,"セーフハーバー内"
"ウォンツ ハローズ宮内店",34.3454882,132.3052097,3000,16,0,366,452,85,8.4,5.1,13.5,FALSE,"セーフハーバー内"
"ウォンツ 大野薬局",34.291047299999995,132.2736395,3000,7,0,813,813,0,0,6.1,6.1,FALSE,"セーフハーバー内"
"ウォンツ 宮内薬局",34.3450911,132.3068142,3000,18,0,333,403,70,7.6,4.6,12.2,FALSE,"セーフハーバー内"
"ウォンツ JA広島総合病院前店",34.342696,132.3230602,3000,18,0,388,493,104,11.4,4.6,16,FALSE,"セーフハーバー内"
"ウォンツ 廿日市新宮店",34.3499912,132.33037919999998,3000,18,0,421,581,160,11.6,6.9,18.5,FALSE,"セーフハーバー内"
"ウォンツ ファーマーズみやうち店",34.3497631,132.3138505,3000,17,0,359,438,80,8.1,4.9,13,FALSE,"セーフハーバー内"
"ウォンツ 坂店",34.3426446,132.5122268,3000,8,0,520,520,0,0,5.9,5.9,FALSE,"セーフハーバー内"
"ウォンツ 熊野平谷店",34.3322386,132.5641331,3000,7,0,624,716,92,8.7,5.2,14,FALSE,"セーフハーバー内"
"くすりのレデイ 矢野駅前店",34.352033,132.53304699999998,3000,19,0,325,399,75,7.3,5.1,12.4,FALSE,"セーフハーバー内"
"レデイ薬局 矢野駅前店",34.352033,132.53304699999998,3000,19,0,325,399,75,7.3,5.1,12.4,FALSE,"セーフハーバー内"
"ウォンツ 熊野店",34.3464982,132.5915022,3000,8,0,638,723,85,8.4,5.1,13.5,FALSE,"セーフハーバー内"
"ウォンツ ハローズ熊野モール店",34.3319815,132.5760044,3000,7,0,644,740,97,9,5.4,14.3,FALSE,"セーフハーバー内"
"ウォンツ 黒瀬店",34.3256738,132.6648903,3000,4,0,845,845,0,0,5.4,5.4,FALSE,"セーフハーバー内"
"くすりのレデイ 黒瀬店",34.320737,132.66807799999998,3000,4,0,788,788,0,0,5.2,5.2,FALSE,"セーフハーバー内"
"ウォンツ 竹原店",34.345780399999995,132.9059564,3000,11,0,542,604,62,12.4,2.5,14.9,FALSE,"セーフハーバー内"
"くすりのレデイ フジ竹原店",34.347652,132.90263769999999,3000,11,0,542,604,62,12.4,2.5,14.9,FALSE,"セーフハーバー内"
"ウォンツ 徳佐店",34.3942876,131.7185638,3000,3,0,2081,2081,0,0,5.1,5.1,FALSE,"セーフハーバー内"
"ウォンツ 五日市コイン通り店",34.3671551,132.35502119999998,3000,18,0,465,670,205,11.8,8.7,20.5,FALSE,"セーフハーバー内"
"ウォンツ 佐方店",34.366728099999996,132.34417159999998,3000,17,0,408,536,127,8.4,7.6,16,FALSE,"セーフハーバー内"
"ウォンツ 皆賀店",34.3756773,132.36747889999998,3000,17,0,473,700,227,11.9,9.5,21.4,FALSE,"セーフハーバー内"
"くすりのレデイ 五日市店",34.379037,132.360751,3000,15,0,450,630,180,8.7,10.4,19,FALSE,"セーフハーバー内"
"ウォンツ 海老園店",34.3604367,132.3586142,3000,18,0,461,651,190,11.9,8,19.9,FALSE,"セーフハーバー内"
"ウォンツ 波出石店",34.382104999999996,132.3557525,3000,15,0,463,642,179,9,9.9,19,FALSE,"セーフハーバー内"
"ウォンツ 八幡西店",34.3862101,132.3632437,3000,17,0,507,763,256,12.1,10.5,22.7,FALSE,"セーフハーバー内"
"ウォンツ 八幡３号店",34.3926304,132.35756609999999,3000,14,0,501,652,150,10.4,7.3,17.6,FALSE,"セーフハーバー内"
"ウォンツ 海老山店",34.3653914,132.36571469999998,3000,15,0,547,815,268,13.5,9.9,23.4,FALSE,"セーフハーバー内"
"ウォンツ 井口明神店",34.3733729,132.3896642,3000,14,0,603,892,290,14.7,9.8,24.6,FALSE,"セーフハーバー内"
"ウォンツ 庚午中店",34.3827079,132.4104655,3000,15,0,756,1167,411,19.3,10.6,30,FALSE,"セーフハーバー内"
"くすりのレデイ 庚午南店",34.378479000000006,132.410003,3000,15,0,762,1148,386,19.7,9.8,29.5,FALSE,"セーフハーバー内"
"くすりのレデイ 井口店",34.366802,132.380329,3000,15,0,568,830,262,14,9.3,23.4,FALSE,"セーフハーバー内"
"（株）ツルハグループ ドラッグ＆ファーマシー西日本",34.3732773,132.389583,3000,14,0,603,892,290,14.7,9.8,24.6,FALSE,"セーフハーバー内"
"ウォンツ薬局 庚午中店",34.3833266,132.4113538,3000,15,0,767,1184,417,19.5,10.7,30.2,FALSE,"セーフハーバー内"
"ウォンツ 舟入町店",34.389715699999996,132.4448531,3000,26,1,707,1110,403,22,9.1,31.2,FALSE,"セーフハーバー内"
"ウォンツ 小町店",34.3883416,132.4587812,3000,25,1,831,1331,500,24.6,10.2,34.8,FALSE,"セーフハーバー内"
"ウォンツ 吉島店",34.372907399999995,132.44518739999998,3000,18,0,505,753,248,15,8.3,23.3,FALSE,"セーフハーバー内"
"ウォンツ 西観音店",34.3928838,132.4356374,3000,23,1,594,975,382,18.1,10.5,28.7,FALSE,"セーフハーバー内"
"ウォンツ 舟入市民病院前店",34.3863882,132.4401191,3000,23,1,720,1194,473,21.2,11.2,32.4,FALSE,"セーフハーバー内"
"ウォンツ 観音店",34.3824548,132.4294592,3000,20,1,641,1044,403,18.1,11.1,29.2,FALSE,"セーフハーバー内"
"ウォンツ 本通店",34.392869,132.4591171,3000,26,1,792,1282,490,23.7,10.3,34.1,FALSE,"セーフハーバー内"
"ウォンツ 己斐本町店",34.3928899,132.4251505,3000,17,1,550,852,302,13.1,11.5,24.6,FALSE,"セーフハーバー内"
"くすりのレデイ 南観音店",34.38164,132.43204599999999,3000,19,1,541,862,321,15,10.7,25.7,FALSE,"セーフハーバー内"
"ウォンツ 中広町1丁目店",34.4003562,132.443397,3000,24,1,553,890,337,17.5,9.6,27.2,FALSE,"セーフハーバー内"
"ウォンツ 幟町店",34.396627699999996,132.46838309999998,3000,25,1,678,1067,389,21.7,9,30.6,FALSE,"セーフハーバー内"
"ウォンツ 愛宕店",34.3966086,132.48177529999998,3000,26,0,519,823,304,17.7,8.6,26.3,FALSE,"セーフハーバー内"
"ウォンツ 東雲本町店",34.3833538,132.4852764,3000,21,0,484,753,269,15.5,8.7,24.2,FALSE,"セーフハーバー内"
"ウォンツ 光町店",34.4004666,132.4790545,3000,30,1,437,680,242,16,7.6,23.6,FALSE,"セーフハーバー内"
"ウォンツ銀山店",34.3935773,132.46663329999998,3000,26,1,758,1192,433,23.5,9.2,32.7,FALSE,"セーフハーバー内"
"ウォンツ 段原店",34.385526399999996,132.4769284,3000,22,0,789,1261,472,23.6,10,33.6,FALSE,"セーフハーバー内"
"ウォンツ 府中浜田店",34.387698199999996,132.508508,3000,21,0,381,542,161,10,8,18.1,FALSE,"セーフハーバー内"
"ウォンツ 海田栄町店",34.3624108,132.53442619999998,3000,21,0,307,372,65,6.8,4.8,11.6,FALSE,"セーフハーバー内"
"ウォンツ 府中本町店",34.397545,132.5054926,3000,19,0,389,564,174,10.4,8.3,18.8,FALSE,"セーフハーバー内"
"ウォンツ 東本浦店",34.3751649,132.4918047,3000,19,0,630,892,262,19.1,6.9,26,FALSE,"セーフハーバー内"
"ウォンツ 船越店",34.3743818,132.5286226,3000,21,0,300,372,71,6.7,5.3,12,FALSE,"セーフハーバー内"
"ウォンツ 大州店",34.387552,132.4937201,3000,19,0,450,688,238,13.5,8.8,22.3,FALSE,"セーフハーバー内"
"ウォンツ 府中新地店",34.3832094,132.500551,3000,18,0,557,847,291,15.6,9.3,24.9,FALSE,"セーフハーバー内"
"くすりのレデイ 海田店",34.363852,132.53888,3000,19,0,326,391,66,7.4,4.4,11.8,FALSE,"セーフハーバー内"
"ウォンツ 海田栄町薬局",34.3624326,132.5344524,3000,21,0,305,362,57,6.9,4.1,11,FALSE,"セーフハーバー内"
"ウォンツ 西条御薗宇店",34.399121199999996,132.7386224,3000,8,0,490,490,0,0,4.2,4.2,FALSE,"セーフハーバー内"
"くすりのレデイ 下見店",34.407095999999996,132.70675400000002,3000,1,0,1065,1065,0,0,5.3,5.3,FALSE,"セーフハーバー内"
"ウォンツ 三原宮浦店",34.395142,133.064539,3000,20,1,330,373,43,7.7,2.8,10.5,FALSE,"セーフハーバー内"
"ウォンツ 三原古浜店",34.397766,133.08955269999998,3000,22,1,300,336,36,7.1,2.6,9.6,FALSE,"セーフハーバー内"
"ウォンツ アクロスプラザ三原店",34.395688,133.0798534,3000,22,1,294,330,36,7,2.5,9.5,FALSE,"セーフハーバー内"
"くすりのレデイ 三原店",34.3925777,133.07837949999998,3000,22,1,294,330,36,7,2.5,9.5,FALSE,"セーフハーバー内"
"ウォンツ 向島店",34.3941302,133.1938528,3000,28,1,219,222,3,3.2,0.5,3.8,FALSE,"セーフハーバー内"
"ウォンツ 下河内店",34.4060874,132.3542156,3000,8,0,759,893,135,9.2,7.3,16.5,FALSE,"セーフハーバー内"
"ウォンツ フレスポ西風新都店",34.446010199999996,132.3789237,3000,5,0,744,894,150,11.2,6.7,17.9,FALSE,"セーフハーバー内"
"ウォンツ フレスポ西風新都薬局",34.4459911,132.37895229999998,3000,5,0,744,894,150,11.2,6.7,17.9,FALSE,"セーフハーバー内"
"ウォンツ 三篠店",34.418436199999995,132.45612260000001,3000,26,1,767,1119,352,23.6,7.5,31,FALSE,"セーフハーバー内"
"ウォンツ 祇園店",34.4414611,132.4600591,3000,23,1,681,986,304,20.7,7.3,28,FALSE,"セーフハーバー内"
"ウォンツ 白島店",34.4058541,132.4598675,3000,21,1,604,989,385,18.7,10.3,29,FALSE,"セーフハーバー内"
"ウォンツ 中広通り店",34.3992895,132.4410097,3000,23,1,499,816,316,15.1,10.5,25.6,FALSE,"セーフハーバー内"
"ウォンツ 長束店",34.431781099999995,132.4608165,3000,23,1,958,1351,393,27.1,7.3,34.3,FALSE,"セーフハーバー内"
"ウォンツ 楠木店",34.412718999999996,132.4596306,3000,22,1,480,744,263,15.6,8.4,24.1,FALSE,"セーフハーバー内"
"ウォンツ 十日市店",34.3973979,132.44908379999998,3000,27,1,660,1078,418,20.7,10.1,30.8,FALSE,"セーフハーバー内"
"ウォンツ 己斐上店",34.4075997,132.4202036,3000,15,1,519,725,205,10.6,9.7,20.3,FALSE,"セーフハーバー内"
"ウォンツ 伴中央店",34.4525989,132.4051881,3000,6,0,509,654,144,7.8,9.3,17.1,FALSE,"セーフハーバー内"
"ウォンツ 中須店",34.459725,132.4739432,3000,25,1,516,841,325,14.9,10.9,25.8,FALSE,"セーフハーバー内"
"ウォンツ 戸坂店",34.436715,132.4858931,3000,22,1,579,804,225,18,6.2,24.3,FALSE,"セーフハーバー内"
"ウォンツ福田店",34.4550048,132.5458098,3000,5,0,1139,1139,0,0,8.6,8.6,FALSE,"セーフハーバー内"
"ウォンツ 馬木店",34.4405231,132.5321339,3000,4,0,1540,1540,0,0,11.1,11.1,FALSE,"セーフハーバー内"
"ウォンツ 下温品店",34.4143562,132.5087925,3000,12,0,475,594,119,10.9,5.4,16.3,FALSE,"セーフハーバー内"
"ウォンツ フォレオ広島東店",34.4080067,132.50348449999998,3000,16,0,456,642,186,12.4,7.5,19.9,FALSE,"セーフハーバー内"
"ウォンツ 戸坂薬局",34.436712899999996,132.4859022,3000,22,1,579,804,225,18,6.2,24.3,FALSE,"セーフハーバー内"
"ウォンツ 府中本町薬局",34.3975221,132.50551009999998,3000,19,0,389,564,174,10.4,8.3,18.8,FALSE,"セーフハーバー内"
"ウォンツ 八本松店",34.447406099999995,132.69962750000002,3000,7,2,507,564,57,10,2.9,12.9,FALSE,"セーフハーバー内"
"ウォンツ 西条御条店",34.4220214,132.7454357,3000,15,0,334,377,43,4.2,5.1,9.3,FALSE,"セーフハーバー内"
"ウォンツ 西条西店",34.438635100000006,132.7202675,3000,10,2,384,447,62,7.4,4.2,11.6,FALSE,"セーフハーバー内"
"ウォンツ 西条助実店",34.423437299999996,132.7537244,3000,12,0,386,386,0,0,4.1,4.1,FALSE,"セーフハーバー内"
"くすりのレデイ 広島西条店",34.42849,132.729701,3000,14,0,304,331,27,4.1,3.3,7.5,FALSE,"セーフハーバー内"
"くすりのレデイ 東広島店",34.406756,132.749967,3000,15,0,341,341,0,0,3.5,3.5,FALSE,"セーフハーバー内"
"ウォンツ 高屋店",34.4494781,132.7845882,3000,6,0,681,761,79,10,4,13.9,FALSE,"セーフハーバー内"
"くすりのウェルネス 広島空港店",34.4401705,132.9183473,3000,1,0,5830,5830,0,0,14.8,14.8,FALSE,"セーフハーバー内"
"ウォンツ 三成店",34.449429099999996,133.1971686,3000,7,0,865,865,0,0,2.2,2.2,FALSE,"セーフハーバー内"
"ウォンツ 福山松永店",34.445762099999996,133.252917,3000,12,0,299,299,0,0,1.9,1.9,FALSE,"セーフハーバー内"
"ウォンツ 福山松永薬局",34.445762099999996,133.252917,3000,12,0,299,299,0,0,1.9,1.9,FALSE,"セーフハーバー内"
"ウォンツ 沼田伴店",34.4636213,132.4119703,3000,8,0,649,932,284,14.2,10,24.2,FALSE,"セーフハーバー内"
"ウォンツ 沼田伴薬局",34.4636701,132.4119601,3000,8,0,649,932,284,14.2,10,24.2,FALSE,"セーフハーバー内"
"くすりのレデイ 上安店",34.4738565,132.4487368,3000,15,0,576,878,302,13.7,11,24.7,FALSE,"セーフハーバー内"
"ウォンツ 長楽寺店",34.4731711,132.4305341,3000,12,0,527,762,235,10.3,11.4,21.7,FALSE,"セーフハーバー内"
"ウォンツ 安古市店",34.4690279,132.4592249,3000,19,0,525,819,294,14.5,10.1,24.6,FALSE,"セーフハーバー内"
"ウォンツ 大町西店",34.466786,132.46077599999998,3000,20,1,629,1005,376,18.1,10.4,28.5,FALSE,"セーフハーバー内"
"くすりのレデイ 長楽寺店",34.470844,132.431952,3000,13,0,501,713,212,9.8,10.8,20.6,FALSE,"セーフハーバー内"
"ウォンツ 伴東店",34.4651187,132.42012309999998,3000,7,0,579,757,178,7.5,11.9,19.4,FALSE,"セーフハーバー内"
"くすりのレデイ 毘沙門店",34.476547,132.46147,3000,17,0,509,767,258,12.2,10.6,22.8,FALSE,"セーフハーバー内"
"ウォンツ薬局 相田店",34.4701423,132.4570627,3000,18,0,482,719,237,11.7,10.1,21.8,FALSE,"セーフハーバー内"
"レデイ薬局 長楽寺店",34.470844,132.431952,3000,13,0,501,713,212,9.8,10.8,20.6,FALSE,"セーフハーバー内"
"ウォンツ 八木店",34.4819507,132.4968209,3000,12,0,551,770,219,11,9.9,20.9,FALSE,"セーフハーバー内"
"ウォンツ 緑井店",34.4688547,132.46849170000002,3000,21,1,410,599,189,10.8,8.8,19.5,FALSE,"セーフハーバー内"
"ウォンツ 東原店",34.4432678,132.48236509999998,3000,21,1,579,829,250,18,6.9,25,FALSE,"セーフハーバー内"
"ウォンツ 西原６丁目店",34.4405256,132.46881639999998,3000,22,1,580,826,246,17.9,6.9,24.8,FALSE,"セーフハーバー内"
"くすりのレデイ 川内店",34.471779,132.48769400000003,3000,22,0,414,603,189,10.1,9.4,19.4,FALSE,"セーフハーバー内"
"ウォンツ 西原店",34.4454085,132.4689584,3000,26,1,564,838,274,18.1,7.6,25.7,FALSE,"セーフハーバー内"
"ウォンツ 口田店",34.464876499999995,132.5026735,3000,15,0,477,626,149,9.7,7.7,17.4,FALSE,"セーフハーバー内"
"ウォンツ 高陽落合店",34.472807599999996,132.5128061,3000,12,0,576,790,214,11.6,9.2,20.8,FALSE,"セーフハーバー内"
"ウォンツ 高陽矢口店",34.464198100000004,132.49590630000003,3000,17,0,447,605,159,8.5,9.3,17.8,FALSE,"セーフハーバー内"
"ウォンツ フジ古市店",34.452821799999995,132.4672755,3000,27,1,524,830,305,16.7,9.2,25.8,FALSE,"セーフハーバー内"
"ウォンツ 八木城南店",34.4760832,132.4898368,3000,21,0,385,510,125,7.2,8.6,15.9,FALSE,"セーフハーバー内"
"ウォンツ アクロスプラザ高陽店",34.4815937,132.52929749999998,3000,8,0,778,949,171,16.9,5.1,21.9,FALSE,"セーフハーバー内"
"ウォンツ 口田薬局",34.4649029,132.5026624,3000,15,0,477,626,149,9.7,7.7,17.4,FALSE,"セーフハーバー内"
"ウォンツ 福田薬局",34.4548887,132.54574209999998,3000,5,0,1139,1139,0,0,8.6,8.6,FALSE,"セーフハーバー内"
"ウォンツ 高屋薬局",34.449464,132.7846389,3000,6,0,681,761,79,10,4,13.9,FALSE,"セーフハーバー内"
"ウォンツ 福山野上店",34.4747048,133.3670362,3000,22,0,235,247,12,3.1,1.9,5,FALSE,"セーフハーバー内"
"ウォンツ 福山野上薬局",34.4747048,133.3670362,3000,22,0,235,247,12,3.1,1.9,5,FALSE,"セーフハーバー内"
"ウォンツ 福山御船店",34.4882697,133.36949339999998,3000,24,1,226,239,12,3.5,1.8,5.3,FALSE,"セーフハーバー内"
"ウォンツ 福山伊勢丘店",34.503021499999996,133.4224341,3000,20,0,287,287,0,0,1.5,1.5,FALSE,"セーフハーバー内"
"ウォンツ 亀山店",34.5244243,132.4995772,3000,13,1,436,521,85,10.8,3.9,14.7,FALSE,"セーフハーバー内"
"ウォンツ 可部店",34.5217209,132.5133208,3000,13,1,415,513,98,10.4,4.7,15.1,FALSE,"セーフハーバー内"
"ウォンツ薬局 安佐市民病院店",34.5169637,132.4962468,3000,13,1,436,501,65,10.9,3,13.9,FALSE,"セーフハーバー内"
"ウォンツ 三入店",34.5374397,132.5246304,3000,14,0,437,516,79,9.9,4,13.9,FALSE,"セーフハーバー内"
"ウォンツ フジ三入店",34.5407577,132.5268475,3000,13,0,560,644,84,11.8,3.6,15.4,FALSE,"セーフハーバー内"
"ウォンツ 白木店",34.5522516,132.6630352,3000,1,0,2425,2425,0,0,8.9,8.9,FALSE,"セーフハーバー内"
"ウォンツ 御調店",34.512475699999996,133.14402769999998,3000,2,0,1584,1584,0,0,5.2,5.2,FALSE,"セーフハーバー内"
"ウォンツ 福山駅家店",34.544408,133.3289666,3000,17,0,357,436,79,8.1,4.9,13,FALSE,"セーフハーバー内"
"ウォンツ ハピアス駅家店",34.5374407,133.33230799999998,3000,18,0,325,392,67,7.5,4.5,12,FALSE,"セーフハーバー内"
"くすりのレデイ 神辺店",34.546161999999995,133.357011,3000,22,0,270,324,54,6.2,4.4,10.6,FALSE,"セーフハーバー内"
"ウォンツ アクロスプラザ神辺店",34.5476429,133.3818789,3000,12,0,506,559,53,11.5,2.3,13.8,FALSE,"セーフハーバー内"
"ウォンツ 福山幕山店",34.5135594,133.43439519999998,3000,10,0,524,524,0,0,2.8,2.8,FALSE,"セーフハーバー内"
"ウォンツ 飯室店",34.559501499999996,132.44832340000002,3000,3,0,1581,1581,0,0,4.4,4.4,FALSE,"セーフハーバー内"
"ウォンツ 世羅店",34.5853597,133.0384655,3000,7,0,843,888,45,10.6,2.1,12.8,FALSE,"セーフハーバー内"
"ウォンツ 府中店",34.5659001,133.2494644,3000,18,0,305,305,0,0,1.6,1.6,FALSE,"セーフハーバー内"
"ウォンツ 府中高木店",34.5640984,133.2438467,3000,18,0,315,315,0,0,1.6,1.6,FALSE,"セーフハーバー内"
"ウォンツ 福山加茂店",34.5570786,133.3457716,3000,22,0,278,326,49,6.4,3.8,10.2,FALSE,"セーフハーバー内"
"ウォンツ 福山駅家薬局",34.544446,133.328982,3000,17,0,357,436,79,8.1,4.9,13,FALSE,"セーフハーバー内"
"ウォンツ 福山加茂薬局",34.5572531,133.34565700000002,3000,22,0,278,326,49,6.4,3.8,10.2,FALSE,"セーフハーバー内"
"ウェルネス 益田中吉田店",34.6878849,131.84116029999998,3000,27,3,271,296,25,7.4,1.7,9.1,FALSE,"セーフハーバー内"
"ウェルネス 益田高津店",34.6898407,131.82218319999998,3000,22,3,330,366,36,8.8,2,10.9,FALSE,"セーフハーバー内"
"ウェルネス薬局 益田日赤病院前店",34.682665799999995,131.8421597,3000,22,3,313,347,34,8.6,2,10.6,FALSE,"セーフハーバー内"
"ウォンツ 千代田店",34.6759984,132.5391467,3000,6,0,981,981,0,0,4.9,4.9,FALSE,"セーフハーバー内"
"ウォンツ 千代田薬局",34.675976399999996,132.5391425,3000,6,0,981,981,0,0,4.9,4.9,FALSE,"セーフハーバー内"
"ウォンツ 吉田店",34.6655516,132.7054483,3000,3,0,1215,1215,0,0,3.7,3.7,FALSE,"セーフハーバー内"
"ウォンツ 上下店",34.7042717,133.1086384,3000,5,0,1251,1251,0,0,3.1,3.1,FALSE,"セーフハーバー内"
"ウォンツ 三次十日市店",34.8026164,132.85262,3000,14,0,337,337,0,0,6.2,6.2,FALSE,"セーフハーバー内"
"ウォンツ フレスポ三次プラザ店",34.8032379,132.8506371,3000,13,0,356,356,0,0,6.6,6.6,FALSE,"セーフハーバー内"
"ウォンツ フレスポ三次プラザ薬局",34.8032379,132.8506371,3000,13,0,356,356,0,0,6.6,6.6,FALSE,"セーフハーバー内"
"ウォンツ 三次東店",34.8054949,132.8757223,3000,15,0,330,330,0,0,6,6,FALSE,"セーフハーバー内"
"ウォンツ 三次店",34.8050047,132.871296,3000,15,0,322,322,0,0,5.9,5.9,FALSE,"セーフハーバー内"
"ウォンツ 三次東薬局",34.8054948,132.8757041,3000,15,0,330,330,0,0,6,6,FALSE,"セーフハーバー内"
"ウォンツ 三次薬局",34.8049879,132.8712833,3000,15,0,322,322,0,0,5.9,5.9,FALSE,"セーフハーバー内"
"ウォンツ 庄原板橋店",34.8487486,133.01662059999998,3000,6,0,835,835,0,0,4.5,4.5,FALSE,"セーフハーバー内"
"ウォンツ 庄原店",34.8569646,133.00847729999998,3000,6,0,780,780,0,0,4.3,4.3,FALSE,"セーフハーバー内"
"ウェルネス 浜田西店",34.865696299999996,132.02672379999998,3000,4,0,1195,1195,0,0,3.2,3.2,FALSE,"セーフハーバー内"
"ウェルネス 片庭店",34.8986794,132.07269879999998,3000,21,2,296,301,4,1.5,1.5,2.9,FALSE,"セーフハーバー内"
"ウェルネス 浜田医療センター前店",34.9035448,132.0861007,3000,19,2,322,327,5,1.6,1.6,3.2,FALSE,"セーフハーバー内"
"ウォンツ 東城店",34.8939406,133.2760677,3000,4,0,1133,1133,0,0,3.2,3.2,FALSE,"セーフハーバー内"
"ウェルネス 江津店",35.0015821,132.2011914,3000,7,0,715,715,0,0,3.8,3.8,FALSE,"セーフハーバー内"
"ウェルネス 嘉久志店",35.0070694,132.2126219,3000,6,0,784,784,0,0,4.3,4.3,FALSE,"セーフハーバー内"
"ウェルネス 川本店",34.9637983,132.4726719,3000,2,1,2833,2939,106,7.3,7.3,14.5,FALSE,"セーフハーバー内"
"ウェルネス 大田中央店",35.1969706,132.5009577,3000,7,0,606,722,116,8.5,6.8,15.3,FALSE,"セーフハーバー内"
"ウェルネス 大田店",35.1986317,132.4904949,3000,10,0,513,585,72,6.7,5.4,12.1,FALSE,"セーフハーバー内"
"ウェルネス 大田薬局",35.1986649,132.4905841,3000,10,0,513,585,72,6.7,5.4,12.1,FALSE,"セーフハーバー内"
"ウェルネス薬局 大田中央店",35.1969706,132.5009577,3000,7,0,606,722,116,8.5,6.8,15.3,FALSE,"セーフハーバー内"
"ウェルネス 掛合店",35.2023432,132.814857,3000,3,0,2462,2462,0,0,5.6,5.6,FALSE,"セーフハーバー内"
"ウェルネス 横田店",35.1774139,133.0876905,3000,15,0,600,600,0,0,1.3,1.3,FALSE,"セーフハーバー内"
"ウェルネス 三刀屋中央店",35.2962189,132.88521230000003,3000,10,1,617,626,9,1.5,3,4.6,FALSE,"セーフハーバー内"
"ウェルネス 三刀屋店",35.30141,132.8918837,3000,13,1,515,521,6,1.2,2.5,3.7,FALSE,"セーフハーバー内"
"ウェルネス 神門店",35.3391625,132.7117437,3000,5,0,664,664,0,0,4.2,4.2,FALSE,"セーフハーバー内"
"ウェルネス 下古志店",35.3410368,132.73680819999998,3000,16,2,385,509,124,9.6,6.4,16.1,FALSE,"セーフハーバー内"
"ウェルネス 上塩冶店",35.3546694,132.76159579999998,3000,18,2,415,589,175,12.2,7.2,19.4,FALSE,"セーフハーバー内"
"ウェルネス薬局 医大北店",35.355686999999996,132.7582514,3000,19,2,397,559,162,11.7,6.9,18.7,FALSE,"セーフハーバー内"
"ウェルネス 大東店",35.32215,132.96246879999998,3000,6,0,1008,1008,0,0,5,5,FALSE,"セーフハーバー内"
"ウェルネス 大東薬局",35.32214,132.9624901,3000,6,0,1008,1008,0,0,5,5,FALSE,"セーフハーバー内"
"ウェルネス 出雲大社店",35.3876608,132.69501990000003,3000,11,0,619,619,0,0,2.9,2.9,FALSE,"セーフハーバー内"
"ウェルネス 出雲大社薬局",35.387636799999996,132.6948823,3000,11,0,619,619,0,0,2.9,2.9,FALSE,"セーフハーバー内"
"ウェルネス 出雲駅南店",35.358614599999996,132.7575439,3000,20,2,382,534,152,11.4,6.7,18,FALSE,"セーフハーバー内"
"ウェルネス 出雲駅北店",35.3607709,132.753573,3000,21,2,361,509,149,10.7,6.9,17.7,FALSE,"セーフハーバー内"
"ウェルネス 白枝店",35.366162599999996,132.7336656,3000,22,2,352,483,132,10.6,6.2,16.8,FALSE,"セーフハーバー内"
"ウェルネス 北本町店",35.36895,132.763612,3000,20,2,447,638,190,14.5,6.6,21.1,FALSE,"セーフハーバー内"
"ウェルネス 塩冶店",35.358408,132.746052,3000,20,2,359,500,142,11,6.5,17.4,FALSE,"セーフハーバー内"
"ウェルネス 出雲ドーム北店",35.3850963,132.7412103,3000,13,0,645,892,247,16.3,7.6,23.8,FALSE,"セーフハーバー内"
"ウェルネス 大塚店",35.3787583,132.7509369,3000,19,0,483,694,211,14.5,7.3,21.8,FALSE,"セーフハーバー内"
"ウェルネス 斐川店",35.3865215,132.8082121,3000,3,0,888,888,0,0,5.9,5.9,FALSE,"セーフハーバー内"
"ウェルネス 出雲中野店",35.3806064,132.7688499,3000,15,0,519,720,201,13.7,7.3,21.1,FALSE,"セーフハーバー内"
"ウェルネス 斐川薬局",35.3865336,132.80821749999998,3000,3,0,888,888,0,0,5.9,5.9,FALSE,"セーフハーバー内"
"ウェルネス 平田西店",35.4284916,132.8128788,3000,9,0,569,569,0,0,3,3,FALSE,"セーフハーバー内"
"ウェルネス 平田中ノ島店",35.4407196,132.8249655,3000,10,0,528,528,0,0,2.8,2.8,FALSE,"セーフハーバー内"
"ウェルネス宍道昭和店",35.4096682,132.9074133,3000,2,0,1829,1829,0,0,11.1,11.1,FALSE,"セーフハーバー内"
"ウェルネス 宍道店",35.4048762,132.9000447,3000,2,0,1829,1829,0,0,11.1,11.1,FALSE,"セーフハーバー内"
"ウェルネス 玉湯店",35.433628999999996,133.0131793,3000,5,0,1244,1244,0,0,3.1,3.1,FALSE,"セーフハーバー内"
"ウェルネス 乃白店",35.4358255,133.04954,3000,12,0,428,516,88,5.2,8.4,13.6,FALSE,"セーフハーバー内"
"ウェルネス 乃白薬局",35.435838,133.0495604,3000,12,0,428,516,88,5.2,8.4,13.6,FALSE,"セーフハーバー内"
"ウェルネス薬局 メディカルモール田和山店",35.4305732,133.05016369999998,3000,12,0,425,486,61,5.5,5.5,11,FALSE,"セーフハーバー内"
"ウェルネス 乃白南店",35.435007399999996,133.05310649999998,3000,13,0,410,501,91,4.8,9.5,14.3,FALSE,"セーフハーバー内"
"ウェルネス 橋南店",35.4565365,133.06716340000003,3000,13,0,396,489,94,4.4,10.6,15,FALSE,"セーフハーバー内"
"ウェルネス 東津田店",35.4574017,133.0841623,3000,12,0,467,577,109,5.2,10.4,15.7,FALSE,"セーフハーバー内"
"ウェルネス 上乃木店",35.4467131,133.06139969999998,3000,15,0,374,459,85,3.9,10.9,14.8,FALSE,"セーフハーバー内"
"ウェルネス 古志原店",35.4504495,133.0837991,3000,13,0,405,498,93,4.6,10.1,14.7,FALSE,"セーフハーバー内"
"ウェルネス 大庭店",35.4354294,133.0846829,3000,16,0,371,448,77,4,9.6,13.6,FALSE,"セーフハーバー内"
"ウェルネス 古志原5丁目店",35.44369040000001,133.0802002,3000,15,0,386,474,89,4,11.1,15.1,FALSE,"セーフハーバー内"
"ウェルネス 古志原５丁目店",35.4438161,133.079411,3000,15,0,364,445,81,3.9,10.3,14.2,FALSE,"セーフハーバー内"
"ウェルネス東津田店",35.4574363,133.0841864,3000,12,0,467,577,109,5.2,10.4,15.7,FALSE,"セーフハーバー内"
"ウェルネス 馬潟店",35.4442896,133.11325109999999,3000,8,0,558,558,0,0,11.1,11.1,FALSE,"セーフハーバー内"
"ウェルネス薬局 メディカルモール大庭店",35.4311144,133.0865193,3000,14,0,445,445,0,0,9.7,9.7,FALSE,"セーフハーバー内"
"ウェルネス 大庭薬局",35.4354221,133.0846837,3000,16,0,371,448,77,4,9.6,13.6,FALSE,"セーフハーバー内"
"ウェルネス イオン米子駅前店",35.422720999999996,133.332936,3000,15,0,343,395,52,4.3,6,10.4,FALSE,"セーフハーバー内"
"くすりのレデイ 愛南店",32.9594902,132.5717365,3000,15,0,471,483,12,5.4,1.1,6.5,FALSE,"セーフハーバー内"
"くすりのレデイ 宿毛店",32.928822,132.70772499999998,3000,12,0,555,590,35,6.6,2.6,9.3,FALSE,"セーフハーバー内"
"くすりのレデイ 宿毛長田店",32.935894999999995,132.719199,3000,14,0,501,529,27,5.8,2.3,8.2,FALSE,"セーフハーバー内"
"くすりのレデイ 中村店",32.989008,132.93861400000003,3000,19,0,316,350,33,7.5,2.2,9.7,FALSE,"セーフハーバー内"
"ツルハドラッグ 四万十店",32.9798036,132.9217691,3000,19,0,324,358,34,7.6,2.3,9.8,FALSE,"セーフハーバー内"
"くすりのレデイ 四万十店",32.98005,132.92036299999998,3000,18,0,339,377,38,7.9,2.4,10.3,FALSE,"セーフハーバー内"
"くすりのレデイ 寄松店",33.204022,132.55487399999998,3000,18,0,894,1015,121,26.6,2.3,28.9,FALSE,"セーフハーバー内"
"くすりのレデイ宇和島新町店",33.2220382,132.5670591,3000,19,0,647,767,120,21.2,2.8,24.1,FALSE,"セーフハーバー内"
"くすりのレデイ 宇和島中央店",33.221863899999995,132.56006349999998,3000,19,0,647,767,120,21.2,2.8,24.1,FALSE,"セーフハーバー内"
"くすりのレデイ グラン北宇和島店",33.237269999999995,132.568285,3000,14,0,805,940,135,23.7,2.8,26.5,FALSE,"セーフハーバー内"
"くすりのレデイ 鬼北店",33.251222999999996,132.681718,3000,2,0,1504,1992,488,24.7,9.9,34.6,TRUE,"セーフハーバー超過(スーパー有=競争維持余地)"
"くすりのレデイ 広見店",33.256372999999996,132.672427,3000,2,0,1504,1992,488,24.7,9.9,34.6,TRUE,"セーフハーバー超過(スーパー有=競争維持余地)"
"くすりのレデイ 吉田店",33.279388000000004,132.538432,3000,4,1,1901,2101,200,24.5,4.1,28.6,FALSE,"セーフハーバー内"
"くすりのレデイ 宇和インター店",33.358362,132.523538,3000,6,0,793,931,139,10.8,6.5,17.2,FALSE,"セーフハーバー内"
"レデイ薬局 宇和インター店",33.358362,132.523538,3000,6,0,793,931,139,10.8,6.5,17.2,FALSE,"セーフハーバー内"
"ツルハドラッグ 中土佐久礼店",33.3348508,133.22422889999999,3000,5,0,1484,1599,115,16.9,3.4,20.3,FALSE,"セーフハーバー内"
"くすりのレデイ れんげ店",33.384235,132.501868,3000,5,0,711,853,142,10.9,6.5,17.4,FALSE,"セーフハーバー内"
"レデイ薬局 れんげ店",33.384235,132.501868,3000,5,0,711,853,142,10.9,6.5,17.4,FALSE,"セーフハーバー内"
"くすりのレデイ 宇和店",33.361001,132.515454,3000,8,0,625,754,129,8,8,16.1,FALSE,"セーフハーバー内"
"ツルハドラッグ 須崎西店",33.3886815,133.2792065,3000,14,0,454,475,21,10.3,1,11.4,FALSE,"セーフハーバー内"
"くすりのレデイ 松柏店",33.46095,132.440616,3000,12,0,426,471,44,10.5,2.1,12.6,FALSE,"セーフハーバー内"
"くすりのレデイ 北浜店",33.462157,132.420709,3000,15,0,356,387,31,8.8,1.8,10.5,FALSE,"セーフハーバー内"
"くすりのレデイ 西大洲店",33.504301,132.527698,3000,7,0,575,575,0,0,5,5,FALSE,"セーフハーバー内"
"ツルハドラッグ 佐川中央店",33.5015236,133.2958768,3000,7,0,786,869,82,10.2,4.1,14.2,FALSE,"セーフハーバー内"
"ツルハドラッグ 高岡東店",33.494715299999996,133.4378415,3000,14,0,423,435,11,5.3,1.1,6.4,FALSE,"セーフハーバー内"
"ツルハドラッグ 高知長浜店",33.4963652,133.5453533,3000,7,0,653,687,34,9.2,1.8,11.1,FALSE,"セーフハーバー内"
"くすりのレデイ 大洲店",33.517247999999995,132.548827,3000,12,0,379,422,43,5.2,4.1,9.3,FALSE,"セーフハーバー内"
"くすりのレデイ 東大洲店",33.5279125,132.5641745,3000,15,0,363,389,26,4.7,2.8,7.5,FALSE,"セーフハーバー内"
"レデイ薬局 とみす店",33.5164973,132.5559413,3000,13,0,371,410,39,5,4,8.9,FALSE,"セーフハーバー内"
"くすりのレデイ 内子店",33.548656,132.651152,3000,7,0,763,803,40,10.1,2,12.1,FALSE,"セーフハーバー内"
"ツルハドラッグ 佐川店",33.51124,133.276061,3000,8,0,752,821,70,9.3,3.7,13.1,FALSE,"セーフハーバー内"
"ツルハドラッグ 日高店",33.5339923,133.3686526,3000,2,0,2644,2644,0,0,7,7,FALSE,"セーフハーバー内"
"ツルハドラッグ いの店",33.550745,133.44244,3000,7,1,631,638,6,1.8,1.8,3.6,FALSE,"セーフハーバー内"
"ツルハドラッグ 高知西店",33.542110099999995,133.49957799999999,3000,22,0,247,263,15,6.2,1.2,7.4,FALSE,"セーフハーバー内"
"ツルハドラッグ 朝倉店",33.5438158,133.4858625,3000,22,0,268,284,17,6.5,1.3,7.7,FALSE,"セーフハーバー内"
"ツルハドラッグ 桟橋店",33.5514484,133.5459415,3000,20,0,281,339,58,9.3,3.1,12.4,FALSE,"セーフハーバー内"
"くすりのレデイ 葛島店",33.5582701,133.56549350000003,3000,24,0,319,385,66,11.5,2.9,14.4,FALSE,"セーフハーバー内"
"ツルハドラッグ 高知和泉店",33.5708615,133.53897849999998,3000,23,0,307,371,64,11.3,2.8,14.2,FALSE,"セーフハーバー内"
"ツルハドラッグ 高知比島店",33.5697949,133.5494132,3000,21,0,359,440,80,12.7,3.2,15.8,FALSE,"セーフハーバー内"
"くすりのレデイ 高知駅前店",33.56808,133.544823,3000,23,0,316,383,67,11.5,2.9,14.4,FALSE,"セーフハーバー内"
"ツルハドラッグ 南国中央店",33.5750926,133.6402937,3000,10,0,482,517,35,6.6,2.6,9.3,FALSE,"セーフハーバー内"
"ツルハドラッグ 南国岡豊店",33.5977076,133.6136238,3000,0,0,851,851,0,0,9.8,9.8,FALSE,"セーフハーバー内"
"ツルハドラッグ 南国店",33.5672013,133.6481958,3000,8,0,535,583,48,7.7,3.1,10.8,FALSE,"セーフハーバー内"
"くすりのレデイ 土佐山田店",33.602720999999995,133.686661,3000,9,0,525,546,21,7.3,1.5,8.7,FALSE,"セーフハーバー内"
"くすりのレデイ 野市店",33.560952,133.696634,3000,5,0,1049,1127,78,14,2.8,16.8,FALSE,"セーフハーバー内"
"レデイいよ米湊調剤薬局",33.7491079,132.70259199999998,3000,13,0,425,450,24,5.5,2.2,7.7,FALSE,"セーフハーバー内"
"くすりのレデイ 砥部宮内店",33.754954,132.78971099999998,3000,11,0,681,705,24,7.8,1.6,9.3,FALSE,"セーフハーバー内"
"くすりのレデイ フジ伊予店",33.756582699999996,132.7039969,3000,14,0,409,431,22,5.2,2.1,7.3,FALSE,"セーフハーバー内"
"くすりのレデイ 松前筒井店",33.78949,132.70598999999999,3000,14,3,706,863,158,21.3,3.7,25,FALSE,"セーフハーバー内"
"くすりのレデイ 松前店",33.79102290000001,132.7174066,3000,14,3,744,911,167,21.9,3.8,25.7,FALSE,"セーフハーバー内"
"くすりのレデイ 椿店",33.808411,132.766598,3000,20,1,1288,1578,290,33.3,4.3,37.7,TRUE,"セーフハーバー超過(スーパー有=競争維持余地)"
"くすりのレデイ 砥部店",33.785047999999996,132.785712,3000,13,1,467,515,48,11.5,2.1,13.6,FALSE,"セーフハーバー内"
"レデイ薬局森松店",33.795727,132.79601,3000,19,0,572,810,238,18.2,6.5,24.7,FALSE,"セーフハーバー内"
"レデイ薬局 椿店",33.808411,132.766598,3000,20,1,1288,1578,290,33.3,4.3,37.7,TRUE,"セーフハーバー超過(スーパー有=競争維持余地)"
"くすりのレデイ 鷹子店",33.809062,132.81367000000003,3000,21,1,557,818,261,17.6,7.4,25,FALSE,"セーフハーバー内"
"くすりのレデイ グラン重信店",33.796032,132.83551,3000,13,1,612,789,177,16.8,5.3,22.1,FALSE,"セーフハーバー内"
"レデイ薬局 鷹子店",33.809062,132.81367000000003,3000,21,1,557,818,261,17.6,7.4,25,FALSE,"セーフハーバー内"
"レデイ薬局 グラン重信店",33.796126,132.835455,3000,13,1,612,789,177,16.8,5.3,22.1,FALSE,"セーフハーバー内"
"くすりのレデイ 志津川店",33.798015,132.87533,3000,11,1,482,539,56,12.4,2.3,14.7,FALSE,"セーフハーバー内"
"くすりのレデイ 見奈良店",33.791581799999996,132.8798682,3000,12,1,626,705,79,17.7,2.2,19.9,FALSE,"セーフハーバー内"
"くすりのレデイ 垣生店",33.809208,132.70318799999998,3000,16,3,663,803,140,20.1,3.5,23.6,FALSE,"セーフハーバー内"
"レデイ薬局 垣生店",33.809208,132.70318799999998,3000,16,3,663,803,140,20.1,3.5,23.6,FALSE,"セーフハーバー内"
"くすりのレデイ 藤原店",33.833025,132.759784,3000,27,0,1180,1684,504,32,7.9,39.9,TRUE,"セーフハーバー超過(スーパー有=競争維持余地)"
"くすりのレデイ 宮西店",33.845227,132.755271,3000,21,0,1338,1925,588,34.3,8.6,42.9,TRUE,"セーフハーバー超過(スーパー有=競争維持余地)"
"くすりのレデイ 美沢店",33.850574,132.7478117,3000,20,0,1251,1871,620,32.6,9.5,42.1,TRUE,"セーフハーバー超過(スーパー有=競争維持余地)"
"くすりのレデイ 竹原店",33.835041,132.75300099999998,3000,20,0,1487,2024,537,36.6,7.3,44,TRUE,"セーフハーバー超過(スーパー有=競争維持余地)"
"くすりのレデイ 新空港通り店",33.837568,132.73975199999998,3000,18,0,1017,1399,382,29.3,6.5,35.8,FALSE,"セーフハーバー内"
"くすりのレデイ 味酒店",33.8509437,132.7543042,3000,19,0,1567,2305,738,37.2,9.9,47.1,TRUE,"セーフハーバー超過(スーパー有=競争維持余地)"
"くすりのレデイ 道後緑台店",33.852595,132.78004099999998,3000,20,2,854,1340,486,25.3,9.6,34.9,FALSE,"セーフハーバー内"
"くすりのレデイ 道後樋又店",33.853014,132.77236299999998,3000,22,2,863,1321,458,25.9,8.8,34.8,FALSE,"セーフハーバー内"
"くすりのレデイ 束本店",33.836192000000004,132.78737500000003,3000,22,1,680,1020,340,21.7,7.8,29.5,FALSE,"セーフハーバー内"
"くすりのレデイ平和通り店",33.8473562,132.7639321,3000,24,0,1054,1535,481,29.7,8.1,37.8,TRUE,"セーフハーバー超過(スーパー有=競争維持余地)"
"くすりのレデイ 桑原店",33.832282,132.792415,3000,21,1,494,741,247,16.4,7.5,23.9,FALSE,"セーフハーバー内"
"くすりのレデイ 久米店",33.8096203,132.8063822,3000,20,1,606,875,269,18.7,7.2,25.9,FALSE,"セーフハーバー内"
"くすりのレデイ 平井店",33.811561999999995,132.822236,3000,17,1,596,880,283,17.2,8.2,25.5,FALSE,"セーフハーバー内"
"くすりのレデイ 道後石手店",33.843807,132.798054,3000,14,2,493,696,204,14.7,6.9,21.6,FALSE,"セーフハーバー内"
"くすりのレデイ 松末店",33.82700500000001,132.789561,3000,27,1,524,800,275,18.2,7.6,25.8,FALSE,"セーフハーバー内"
"くすりのレデイ 南久米店",33.812309,132.7956184,3000,25,1,566,847,281,18.3,7.7,26,FALSE,"セーフハーバー内"
"くすりのレデイ 久米駅前店",33.817226,132.804235,3000,20,1,612,906,294,18.6,7.9,26.5,FALSE,"セーフハーバー内"
"レデイ薬局南久米店",33.8123224,132.7956184,3000,25,1,566,847,281,18.3,7.7,26,FALSE,"セーフハーバー内"
"くすりのレデイ 問屋町店",33.8632509,132.7513459,3000,15,0,1382,2014,632,33.9,9.3,43.2,TRUE,"セーフハーバー超過(スーパー有=競争維持余地)"
"くすりのレデイ 別府店",33.84827,132.722412,3000,15,0,690,943,252,21.2,5.9,27.2,FALSE,"セーフハーバー内"
"くすりのレデイ 北斎院店",33.840477,132.728008,3000,17,0,709,1006,296,22.2,6.7,28.9,FALSE,"セーフハーバー内"
"くすりのレデイ 松江店",33.856578,132.715168,3000,12,0,922,1099,176,24.2,3.6,27.9,FALSE,"セーフハーバー内"
"くすりのレデイ 姫原店",33.867188999999996,132.758521,3000,14,1,1669,2432,763,37.7,10.1,47.8,TRUE,"セーフハーバー超過(スーパー有=競争維持余地)"
"レデイ薬局 日赤前店",33.847649700000005,132.7734602,3000,24,1,1040,1562,522,29.3,8.9,38.2,TRUE,"セーフハーバー超過(スーパー有=競争維持余地)"
"レデイ薬局 道後樋又店",33.853014,132.77236299999998,3000,22,2,863,1321,458,25.9,8.8,34.8,FALSE,"セーフハーバー内"
"くすりのレデイ 松山店",33.844924,132.753133,3000,22,0,1261,1844,583,33.1,8.8,41.9,TRUE,"セーフハーバー超過(スーパー有=競争維持余地)"
"くすりのレデイ 丹原店",33.9058288,133.0597649,3000,9,0,1224,1409,185,27.6,3.3,31,FALSE,"セーフハーバー内"
"くすりのレデイ氷見店",33.896636799999996,133.1258475,3000,7,0,947,998,52,11.4,2.3,13.6,FALSE,"セーフハーバー内"
"ウォンツ 平生店",33.9401224,132.06828959999999,3000,7,1,924,1001,78,20.7,1.9,22.5,FALSE,"セーフハーバー内"
"ウォンツ 周防大島店",33.94693,132.20762539999998,3000,3,0,1787,1787,0,0,4.7,4.7,FALSE,"セーフハーバー内"
"くすりのレデイ 和気店",33.897043,132.736839,3000,9,0,1184,1367,183,26.2,3.5,29.7,FALSE,"セーフハーバー内"
"レデイ薬局 和気店",33.897043,132.736839,3000,9,0,1184,1367,183,26.2,3.5,29.7,FALSE,"セーフハーバー内"
"くすりのレデイ 夏目店",33.9453582,132.7750351,3000,6,1,862,987,125,14.5,4.3,18.8,FALSE,"セーフハーバー内"
"くすりのレデイ 東予店",33.932843,133.091941,3000,12,0,913,1028,114,24.8,2.3,27.1,FALSE,"セーフハーバー内"
"くすりのレデイ 東予インター店",33.920750999999996,133.07782899999998,3000,16,0,617,717,100,18.9,2.6,21.5,FALSE,"セーフハーバー内"
"くすりのレデイ神拝店",33.9159047,133.1767441,3000,12,0,364,401,37,9.6,1.9,11.6,FALSE,"セーフハーバー内"
"くすりのレデイ 西条店",33.925205999999996,133.18276,3000,13,0,344,377,33,9.1,1.8,10.9,FALSE,"セーフハーバー内"
"くすりのレデイ 庄内店",33.950567,133.29071,3000,31,5,692,864,172,23.5,3.7,27.2,FALSE,"セーフハーバー内"
"くすりのレデイ 新居浜松木店",33.9411185,133.2944776,3000,23,4,732,927,195,23.8,4.1,27.9,FALSE,"セーフハーバー内"
"くすりのレデイ 新居浜前田店",33.95823,133.267002,3000,19,3,1394,1562,167,34.6,2.4,37,FALSE,"セーフハーバー内"
"くすりのレデイ 新居浜中央店",33.941612,133.29962,3000,19,3,622,819,197,20.4,4.8,25.2,FALSE,"セーフハーバー内"
"くすりのレデイ 中萩店",33.9317136,133.2828079,3000,17,3,1277,1600,324,32.6,5,37.6,TRUE,"セーフハーバー超過(スーパー有=競争維持余地)"
"レデイ薬局新居浜松木店",33.941119,133.294478,3000,23,4,732,927,195,23.8,4.1,27.9,FALSE,"セーフハーバー内"
"くすりのレデイ 船木店",33.939318799999995,133.3233357,3000,10,1,706,928,222,16.7,6.7,23.3,FALSE,"セーフハーバー内"
"レデイ薬局 新居浜中央店",33.941612,133.29962,3000,19,3,622,819,197,20.4,4.8,25.2,FALSE,"セーフハーバー内"
"ウォンツ 柳井店",33.9658004,132.0998979,3000,9,1,737,840,103,20.3,2.5,22.9,FALSE,"セーフハーバー内"
"ウォンツ フジ柳井店",33.976952499999996,132.1021807,3000,9,1,800,915,115,21.4,2.7,24.1,FALSE,"セーフハーバー内"
"くすりのレデイ 北条店",33.968441999999996,132.773386,3000,10,1,908,1037,129,22.7,2.8,25.5,FALSE,"セーフハーバー内"
"くすりのレデイ 新居浜店",33.967563,133.283423,3000,24,4,735,821,86,23.7,1.8,25.5,FALSE,"セーフハーバー内"
"くすりのレデイ 三島店",33.982676999999995,133.540852,3000,10,4,499,581,82,11.6,3.6,15.1,FALSE,"セーフハーバー内"
"レデイ薬局 三島金子店",33.98041,133.536765,3000,9,3,529,615,86,10.7,4,14.7,FALSE,"セーフハーバー内"
"くすりのレデイ 四国中央店",33.988405,133.5653,3000,24,5,378,440,63,13,2.4,15.4,FALSE,"セーフハーバー内"
"くすりのレデイ川之江店",34.0055088,133.5718957,3000,20,6,415,452,37,12.7,1.5,14.2,FALSE,"セーフハーバー内"
"ウォンツ 由宇店",34.04548700000001,132.212484,3000,3,0,1724,1936,211,23,4.6,27.6,FALSE,"セーフハーバー内"
"くすりのレデイ 馬越店",34.053557999999995,132.984138,3000,23,2,607,820,213,20.9,5.1,26,FALSE,"セーフハーバー内"
"くすりのレデイ 高橋店",34.038475,132.974248,3000,14,2,953,1210,257,26.3,4.9,31.2,FALSE,"セーフハーバー内"
"くすりのレデイ 今治国分店",34.019999,133.017121,3000,11,0,584,769,185,12.4,7.5,19.9,FALSE,"セーフハーバー内"
"くすりのレデイ 松木店",34.0301937,133.0040244,3000,19,0,376,512,136,10.7,6.4,17.1,FALSE,"セーフハーバー内"
"レデイ薬局 馬越店",34.053683,132.983568,3000,23,2,612,827,214,21,5.1,26.1,FALSE,"セーフハーバー内"
"くすりのレデイ 今治衣干店",34.045621000000004,133.013579,3000,20,0,388,575,188,12.5,7.5,20,FALSE,"セーフハーバー内"
"くすりのレデイ 南鳥生店",34.05027,133.00788,3000,26,1,425,602,177,15.8,5.6,21.4,FALSE,"セーフハーバー内"
"くすりのレデイ 喜田村店",34.0454056,133.02039299999998,3000,18,0,395,555,160,11,7.3,18.3,FALSE,"セーフハーバー内"
"レデイ薬局 喜田村店",34.0454056,133.02039299999998,3000,18,0,395,555,160,11,7.3,18.3,FALSE,"セーフハーバー内"
"レデイ薬局 今治東店",34.037898999999996,133.0215595,3000,17,0,407,551,144,11.6,6.2,17.8,FALSE,"セーフハーバー内"
"レデイ薬局 北高下店",34.0525455,133.0111141,3000,23,1,492,707,215,17.4,6.2,23.6,FALSE,"セーフハーバー内"
"ウォンツ 周東店",34.0901566,132.06195820000002,3000,6,1,954,1042,88,22,2,24,FALSE,"セーフハーバー内"
"ウォンツ 岩国保津店",34.081851,132.20776,3000,2,0,1905,2241,336,29,5.8,34.8,TRUE,"セーフハーバー超過(スーパー有=競争維持余地)"
"くすりのレデイ 大西店",34.0659791,132.93471359999998,3000,6,0,984,1106,122,12.3,4.9,17.3,FALSE,"セーフハーバー内"
"くすりのレデイ 南宝来店",34.060794,132.99821,3000,21,1,360,520,160,12.4,6.5,18.8,FALSE,"セーフハーバー内"
"くすりのレデイ 今治中央店",34.061173,133.00160499999998,3000,21,1,363,524,161,12.4,6.5,18.9,FALSE,"セーフハーバー内"
"くすりのレデイ 大新田店",34.081997,132.991231,3000,9,0,561,704,143,13.4,5.4,18.7,FALSE,"セーフハーバー内"
"くすりのレデイ 阿方店",34.062005,132.965566,3000,13,2,1000,1275,275,27.3,5.1,32.3,FALSE,"セーフハーバー内"
"くすりのレデイ 波止浜店",34.103128,132.967523,3000,8,0,829,907,78,9.9,4,13.9,FALSE,"セーフハーバー内"
"レデイ薬局 大新田店",34.081997,132.991231,3000,9,0,561,704,143,13.4,5.4,18.7,FALSE,"セーフハーバー内"
"ウォンツ 南岩国店",34.1354664,132.20279539999999,3000,13,0,387,458,72,9.5,3.8,13.2,FALSE,"セーフハーバー内"
"ウォンツ フジ南岩国店",34.1314628,132.1992831,3000,12,0,429,514,85,10.3,4.1,14.4,FALSE,"セーフハーバー内"
"ウォンツ 岩国中津店",34.1540099,132.2160485,3000,24,0,257,327,71,8.1,4.3,12.5,FALSE,"セーフハーバー内"
"ウォンツ 岩国中津薬局",34.1540201,132.21601529999998,3000,24,0,257,327,71,8.1,4.3,12.5,FALSE,"セーフハーバー内"
"レデイ薬局 波止浜店",34.103128,132.967523,3000,8,0,829,907,78,9.9,4,13.9,FALSE,"セーフハーバー内"
"くすりのレデイ 大島店",34.142238,133.04173699999998,3000,3,0,2283,2283,0,0,5.4,5.4,FALSE,"セーフハーバー内"
"くすりのレデイ 観音寺店",34.127949,133.671126,3000,12,1,590,627,37,17.9,1,18.9,FALSE,"セーフハーバー内"
"ウォンツ 岩国多田店",34.1729316,132.1585009,3000,5,0,945,945,0,0,2.6,2.6,FALSE,"セーフハーバー内"
"ウォンツ 西岩国店",34.1640744,132.19539509999998,3000,18,0,249,276,28,3.4,4.1,7.5,FALSE,"セーフハーバー内"
"ウォンツ 岩国室の木店",34.1700973,132.21313419999998,3000,18,0,300,361,62,7.2,4.3,11.5,FALSE,"セーフハーバー内"
"ウォンツ 西岩国薬局",34.1640744,132.19539509999998,3000,18,0,249,276,28,3.4,4.1,7.5,FALSE,"セーフハーバー内"
"ウォンツ 岩国まりふ店",34.1690209,132.2232754,3000,16,0,339,416,77,8,4.8,12.8,FALSE,"セーフハーバー内"
"ウォンツ 大柿店",34.1728199,132.4655048,3000,3,0,1348,1348,0,0,4,4,FALSE,"セーフハーバー内"
"ウォンツ 江田島店",34.205053,132.4748371,3000,3,0,1907,1907,0,0,4.9,4.9,FALSE,"セーフハーバー内"
"ウォンツ 音戸波多見店",34.1794669,132.5501396,3000,8,0,962,962,0,0,2.2,2.2,FALSE,"セーフハーバー内"
"ウォンツ 大竹店",34.220924,132.2215584,3000,9,0,465,465,0,0,4,4,FALSE,"セーフハーバー内"
"ウォンツ 大竹新町店",34.2144305,132.2215539,3000,9,0,508,508,0,0,4.2,4.2,FALSE,"セーフハーバー内"
"ウォンツ 大竹薬局",34.220954299999995,132.2215674,3000,9,0,465,465,0,0,4,4,FALSE,"セーフハーバー内"
"ウォンツ呉光町店",34.2458279,132.538568,3000,24,0,242,242,0,0,3,3,FALSE,"セーフハーバー内"
"ウォンツ 警固屋店",34.2096446,132.54471949999999,3000,10,0,673,673,0,0,1.6,1.6,FALSE,"セーフハーバー内"
"ウォンツ 呉四ツ道路店",34.2428824,132.56494100000003,3000,27,0,227,227,0,0,2.8,2.8,FALSE,"セーフハーバー内"
"ウォンツ 呉中通店",34.246499199999995,132.565294,3000,25,0,236,236,0,0,2.9,2.9,FALSE,"セーフハーバー内"
"くすりのレデイ 広古新開店",34.237142,132.614115,3000,17,0,347,413,66,8.1,4,12.1,FALSE,"セーフハーバー内"
"ウォンツ 呉片山店",34.2542452,132.56517979999998,3000,24,0,253,253,0,0,3.1,3.1,FALSE,"セーフハーバー内"
"ウォンツ 呉四ツ道路薬局",34.2428542,132.5648881,3000,27,0,227,227,0,0,2.8,2.8,FALSE,"セーフハーバー内"
"ウォンツ 広白石店",34.228542499999996,132.63346239999998,3000,21,0,315,365,50,7.1,3.5,10.6,FALSE,"セーフハーバー内"
"ウォンツ 広本町店",34.238120599999995,132.6229357,3000,19,0,321,376,55,7.4,3.7,11.2,FALSE,"セーフハーバー内"
"ウォンツ 藤三広店",34.235777899999995,132.623203,3000,20,0,311,362,51,7.2,3.6,10.8,FALSE,"セーフハーバー内"
"ウォンツ 川尻店",34.238149,132.70037059999999,3000,5,0,1153,1153,0,0,2.9,2.9,FALSE,"セーフハーバー内"
"ウォンツ 広白石薬局",34.2285633,132.6334861,3000,21,0,315,365,50,7.1,3.5,10.6,FALSE,"セーフハーバー内"
"ウォンツ 大崎上島店",34.2435465,132.89125780000003,3000,3,0,2123,2123,0,0,5.2,5.2,FALSE,"セーフハーバー内"
"くすりのレデイ 詫間店",34.218334999999996,133.686107,3000,4,0,711,711,0,0,4.8,4.8,FALSE,"セーフハーバー内"
"レデイ薬局 詫間店",34.218334999999996,133.686107,3000,4,0,711,711,0,0,4.8,4.8,FALSE,"セーフハーバー内"
"ウォンツ 焼山店",34.2809871,132.55122749999998,3000,10,0,545,565,20,7.1,1.4,8.5,FALSE,"セーフハーバー内"
"スマート ウエルネス株式会社",35.415263599999996,133.241499,5000,18,0,465,465,0,0,5.9,5.9,FALSE,"セーフハーバー内"
"ツルハドラッグ 向能代店",40.2229339,140.03121629999998,5000,17,3,404,459,54,10.9,2.5,13.4,FALSE,"セーフハーバー内"
"ツルハドラッグ 能代花園店",40.19969220000001,140.02320469999998,5000,17,3,400,453,54,10.8,2.5,13.3,FALSE,"セーフハーバー内"
"ツルハドラッグ 能代北店",40.227235,140.02452499999998,5000,17,3,414,470,56,11,2.5,13.6,FALSE,"セーフハーバー内"
"ツルハドラッグ 能代二ツ井店",40.207982799999996,140.23443079999998,5000,4,0,1349,1349,0,0,3.5,3.5,FALSE,"セーフハーバー内"
"ツルハドラッグ 鷹巣店",40.23047510000001,140.3765901,5000,8,1,546,551,5,1.6,1.6,3.1,FALSE,"セーフハーバー内"
"ツルハドラッグ 大館南店",40.2467064,140.5716124,5000,22,2,233,258,25,4.2,3,7.2,FALSE,"セーフハーバー内"
"ツルハドラッグ 鹿角店",40.2009577,140.7933308,5000,2,0,965,965,0,0,3.8,3.8,FALSE,"セーフハーバー内"
"ツルハドラッグ 大館中道店",40.282455999999996,140.554949,5000,17,1,283,322,40,4.5,4.5,8.9,FALSE,"セーフハーバー内"
"ツルハドラッグ 大館店",40.2741354,140.53812449999998,5000,18,1,275,313,37,4.3,4.3,8.6,FALSE,"セーフハーバー内"
"ツルハドラッグ 大館北店",40.295767,140.559629,5000,17,1,289,324,35,4.6,3.8,8.4,FALSE,"セーフハーバー内"
"調剤薬局ツルハドラッグ 大館中道店",40.282455999999996,140.554949,5000,17,1,283,322,40,4.5,4.5,8.9,FALSE,"セーフハーバー内"
"ツルハドラッグ 大館東店",40.2872918,140.5833175,5000,17,1,295,337,42,4.6,4.6,9.2,FALSE,"セーフハーバー内"
"ツルハドラッグ 毛馬内店",40.262744,140.7689352,5000,2,1,1413,1460,48,4.9,4.9,9.8,FALSE,"セーフハーバー内"
"ツルハドラッグ 三戸店",40.3976377,141.2633645,5000,11,1,633,660,28,9.7,1.4,11.1,FALSE,"セーフハーバー内"
"ツルハドラッグ 福地南部店",40.4676824,141.3880222,5000,6,2,896,918,22,4.7,2.3,7,FALSE,"セーフハーバー内"
"ツルハドラッグ 八戸売市店",40.51088920000001,141.4741499,5000,48,11,202,263,61,9.9,3.1,13,FALSE,"セーフハーバー内"
"ツルハドラッグ 八戸大杉平店",40.500828,141.48153399999998,5000,51,12,192,253,61,9.6,3.2,12.8,FALSE,"セーフハーバー内"
"ツルハドラッグ 八戸田向店",40.4883285,141.5090927,5000,43,13,250,329,80,11.6,3.4,15.1,FALSE,"セーフハーバー内"
"ツルハドラッグ 八戸諏訪店",40.5080009,141.512327,5000,54,14,191,255,64,9.5,3.3,12.9,FALSE,"セーフハーバー内"
"ツルハドラッグ 湊高台店",40.5076274,141.5437109,5000,41,11,195,244,50,8.1,3.1,11.2,FALSE,"セーフハーバー内"
"ツルハドラッグ 八戸市民病院前店",40.4949737,141.5144053,5000,48,13,220,286,67,10.6,3.2,13.7,FALSE,"セーフハーバー内"
"ツルハドラッグ 十八日町店",40.5117681,141.4952374,5000,58,15,177,234,57,9.3,3.1,12.4,FALSE,"セーフハーバー内"
"ツルハドラッグ 本八戸駅前店",40.517224999999996,141.48737699999998,5000,55,15,181,241,60,9.5,3.1,12.7,FALSE,"セーフハーバー内"
"ツルハドラッグ 八戸小中野店",40.5190816,141.5128082,5000,51,14,207,278,71,10.2,3.5,13.7,FALSE,"セーフハーバー内"
"ツルハドラッグ 河原木店",40.534297699999996,141.477399,5000,47,9,179,222,43,7.9,2.7,10.7,FALSE,"セーフハーバー内"
"ツルハドラッグ 八戸江陽店",40.523388,141.502139,5000,59,14,175,231,56,8.9,3.1,12,FALSE,"セーフハーバー内"
"ツルハドラッグ みなと店",40.5141918,141.5355313,5000,43,11,251,332,81,11.3,3.6,14.9,FALSE,"セーフハーバー内"
"ツルハドラッグ 八戸八太郎店",40.537205,141.4893023,5000,43,9,210,269,60,9,3.3,12.3,FALSE,"セーフハーバー内"
"ツルハドラッグ 弘前樹木店",40.589449599999995,140.45595649999998,5000,42,13,234,322,88,10.8,4.1,14.9,FALSE,"セーフハーバー内"
"ツルハドラッグ 弘前駅前店",40.600974099999995,140.4794351,5000,42,13,234,328,94,10.8,4.4,15.1,FALSE,"セーフハーバー内"
"ツルハドラッグ 弘前豊原店",40.582235399999995,140.4757201,5000,38,12,199,262,63,8.2,3.8,12,FALSE,"セーフハーバー内"
"ツルハドラッグ 弘前外崎店",40.596418899999996,140.49864639999998,5000,39,12,188,256,67,7.8,4.3,12.1,FALSE,"セーフハーバー内"
"ツルハドラッグ 安原店",40.5758502,140.4931915,5000,33,10,187,238,50,6.4,3.9,10.3,FALSE,"セーフハーバー内"
"ツルハドラッグ 城東店",40.602583599999996,140.50640819999998,5000,37,9,171,218,47,5.5,4.3,9.8,FALSE,"セーフハーバー内"
"ツルハドラッグ 弘前アルカディア店",40.5849572,140.5002005,5000,36,10,174,222,47,6,4,9.9,FALSE,"セーフハーバー内"
"ツルハドラッグ 平賀店",40.5915694,140.56699079999999,5000,11,3,447,468,21,9.2,1.1,10.3,FALSE,"セーフハーバー内"
"ツルハドラッグ 十和田南店",40.6076264,141.22121420000002,5000,15,5,404,505,101,13.2,3.8,17,FALSE,"セーフハーバー内"
"ツルハドラッグ 弘前浜の町店",40.619869699999995,140.45878589999998,5000,36,13,233,319,86,10.3,4.2,14.5,FALSE,"セーフハーバー内"
"ツルハドラッグ 弘前岩木店",40.6142839,140.424319,5000,16,9,478,617,139,17,4.1,21.1,FALSE,"セーフハーバー内"
"ツルハドラッグ 弘前石渡店",40.629467,140.458713,5000,32,11,344,459,115,14.7,3.9,18.6,FALSE,"セーフハーバー内"
"ツルハドラッグ 弘前西城北店",40.615524,140.47145899999998,5000,42,13,264,371,106,12.2,4.3,16.6,FALSE,"セーフハーバー内"
"ツルハドラッグ 弘前堅田店",40.6154386,140.4899135,5000,40,12,274,379,106,12.5,4.2,16.7,FALSE,"セーフハーバー内"
"ツルハドラッグ 弘前境関店",40.6118168,140.5045591,5000,38,9,208,287,78,8.8,4.5,13.2,FALSE,"セーフハーバー内"
"ツルハドラッグ 弘前神田店",40.626081,140.4920209,5000,34,12,279,370,92,12.4,3.7,16.1,FALSE,"セーフハーバー内"
"ツルハドラッグ 黒石一番町店",40.6488675,140.59356119999998,5000,12,3,372,433,61,7.8,3.9,11.7,FALSE,"セーフハーバー内"
"ツルハドラッグ 黒石店",40.6462789,140.6020001,5000,12,3,378,441,62,7.9,4,11.9,FALSE,"セーフハーバー内"
"調剤薬局ツルハドラッグ 黒石店",40.64628,140.6020039,5000,12,3,378,441,62,7.9,4,11.9,FALSE,"セーフハーバー内"
"調剤薬局ツルハドラッグ 黒石一番町店",40.649202599999995,140.5933177,5000,12,3,372,433,61,7.8,3.9,11.7,FALSE,"セーフハーバー内"
"ツルハドラッグ 十和田中央店",40.6159004,141.2114715,5000,15,5,404,505,101,13.2,3.8,17,FALSE,"セーフハーバー内"
"ツルハドラッグ 十和田店",40.6126467,141.200557,5000,16,5,397,492,95,12.8,3.7,16.5,FALSE,"セーフハーバー内"
"調剤薬局ツルハドラッグ 十和田中央店",40.615911600000004,141.2114728,5000,15,5,404,505,101,13.2,3.8,17,FALSE,"セーフハーバー内"
"調剤薬局ツルハドラッグ 十和田店",40.612639300000005,141.2005351,5000,16,5,397,492,95,12.8,3.7,16.5,FALSE,"セーフハーバー内"
"ツルハドラッグ 板柳福野田店",40.69562680000001,140.46167119999998,5000,13,0,539,570,32,6.3,2.5,8.8,FALSE,"セーフハーバー内"
"ツルハドラッグ 板柳店",40.706113,140.45539499999998,5000,13,0,548,580,32,6.3,2.5,8.9,FALSE,"セーフハーバー内"
"ツルハドラッグ 七戸店",40.6969642,141.1624569,5000,7,1,863,916,53,12.6,2.1,14.7,FALSE,"セーフハーバー内"
"ツルハドラッグ 三沢南町店",40.6743285,141.3725872,5000,10,5,320,353,34,9.2,1.8,11,FALSE,"セーフハーバー内"
"ツルハドラッグ 三沢南山店",40.6884343,141.3888169,5000,11,5,320,352,32,8.9,1.8,10.7,FALSE,"セーフハーバー内"
"ツルハドラッグ 浪岡店",40.720480599999995,140.5894195,5000,8,2,723,734,11,3.3,1.6,4.9,FALSE,"セーフハーバー内"
"ツルハドラッグ 鯵ヶ沢店",40.775832,140.22577410000002,5000,7,2,1060,1132,72,15.9,2.3,18.2,FALSE,"セーフハーバー内"
"ツルハドラッグ つがる柏店",40.8019544,140.40047479999998,5000,35,4,208,219,11,6.2,0.9,7,FALSE,"セーフハーバー内"
"ツルハドラッグ 五所川原広田店",40.7839326,140.4622431,5000,34,4,214,242,27,6.4,2.2,8.5,FALSE,"セーフハーバー内"
"ツルハドラッグ 五所川原店",40.802045199999995,140.46126120000002,5000,31,3,236,267,31,6.5,2.4,8.9,FALSE,"セーフハーバー内"
"ツルハドラッグ アクロス五所川原店",40.8020815,140.46127719999998,5000,31,3,236,267,31,6.5,2.4,8.9,FALSE,"セーフハーバー内"
"ツルハドラッグ 大野店",40.8086979,140.7346762,5000,47,17,177,229,52,8.2,3.2,11.4,FALSE,"セーフハーバー内"
"ツルハドラッグ 青森浜田店",40.7971122,140.76222149999998,5000,41,19,213,258,45,9.8,2.3,12.1,FALSE,"セーフハーバー内"
"調剤薬局ツルハドラッグ 大野店",40.8087046,140.7346857,5000,47,17,177,229,52,8.2,3.2,11.4,FALSE,"セーフハーバー内"
"ツルハドラッグ 青森桜川店",40.8088962,140.7706982,5000,42,19,212,262,50,9.7,2.6,12.2,FALSE,"セーフハーバー内"
"ツルハドラッグ 五所川原本町店",40.808862999999995,140.44247099999998,5000,38,5,202,232,30,6.2,2.4,8.6,FALSE,"セーフハーバー内"
"ツルハドラッグ 五所川原松島店",40.809552,140.4596652,5000,29,3,249,284,34,6.9,2.5,9.4,FALSE,"セーフハーバー内"
"ツルハドラッグ 青森富田店",40.8325718,140.7117528,5000,36,16,217,275,58,8.5,3.4,11.9,FALSE,"セーフハーバー内"
"ツルハドラッグ 青森新田店",40.8406127,140.715733,5000,32,14,230,293,63,8.3,3.8,12.1,FALSE,"セーフハーバー内"
"ツルハドラッグ 青森三内店",40.821856499999996,140.7112109,5000,38,16,231,294,64,9.9,3.2,13.1,FALSE,"セーフハーバー内"
"ツルハドラッグ 青森新城店",40.8283735,140.6760117,5000,20,9,292,335,44,6.5,3.4,9.9,FALSE,"セーフハーバー内"
"ツルハドラッグ 青森本町店",40.828801899999995,140.7537168,5000,46,20,199,264,65,9.3,3.5,12.8,FALSE,"セーフハーバー内"
"ツルハドラッグ 青森港町店",40.8303899,140.7692391,5000,43,17,200,267,67,8.8,3.8,12.6,FALSE,"セーフハーバー内"
"ツルハドラッグ 青森南佃店",40.812571399999996,140.78234989999999,5000,39,17,215,267,52,9.5,2.7,12.3,FALSE,"セーフハーバー内"
"ツルハドラッグ 青森原別店",40.836638199999996,140.7979665,5000,22,9,270,306,35,5.7,3.1,8.8,FALSE,"セーフハーバー内"
"調剤薬局ツルハドラッグ 青森新田店",40.8406148,140.7157181,5000,32,14,230,293,63,8.3,3.8,12.1,FALSE,"セーフハーバー内"
"ツルハドラッグ 野辺地店",40.8635819,141.12659879999998,5000,12,1,597,619,22,8.2,1.4,9.5,FALSE,"セーフハーバー内"
"ツルハドラッグ 平内店",40.9251302,140.95968009999999,5000,4,0,1229,1342,113,16.8,3.4,20.2,FALSE,"セーフハーバー内"
"ツルハドラッグ むつ大平店",41.2825779,141.16845279999998,5000,23,3,246,272,26,3.6,3.6,7.2,FALSE,"セーフハーバー内"
"ツルハドラッグ むつ店",41.2936547,141.2068196,5000,26,3,238,260,23,3.4,3.4,6.7,FALSE,"セーフハーバー内"
"ツルハドラッグ むつ小川店",41.2920318,141.2038057,5000,27,3,232,254,21,3.3,3.3,6.5,FALSE,"セーフハーバー内"
"ツルハドラッグ むつ旭町店",41.28654710000001,141.178976,5000,27,3,230,252,21,3.3,3.3,6.5,FALSE,"セーフハーバー内"
"調剤薬局ツルハドラッグ むつ店",41.2936724,141.2068248,5000,26,3,238,260,23,3.4,3.4,6.7,FALSE,"セーフハーバー内"
"ツルハドラッグ むつ柳町店",41.303766499999995,141.220189,5000,26,3,249,272,24,3.5,3.5,6.9,FALSE,"セーフハーバー内"
"ツルハドラッグ 松前店",41.4256871,140.0852852,5000,2,0,1829,1829,0,0,11.1,11.1,FALSE,"セーフハーバー内"
"調剤薬局ツルハドラッグ 松前店",41.425669,140.08527229999999,5000,2,0,1829,1829,0,0,11.1,11.1,FALSE,"セーフハーバー内"
"ツルハドラッグ 古河中央店",36.192177799999996,139.71129539999998,5000,32,8,253,262,9,10.6,0.4,11,FALSE,"セーフハーバー内"
"ツルハドラッグ 古河諸川店",36.202093999999995,139.8078464,5000,17,6,392,408,16,9.8,0.8,10.6,FALSE,"セーフハーバー内"
"ツルハドラッグ 関城店",36.2511651,139.91654409999998,5000,15,0,346,346,0,0,0.9,0.9,FALSE,"セーフハーバー内"
"ツルハドラッグ 黒子店",36.2534908,139.9758516,5000,12,2,380,384,5,2.1,1.1,3.2,FALSE,"セーフハーバー内"
"ツルハドラッグ 八郷店",36.2452465,140.1963535,5000,2,2,1467,1710,243,29.2,4.2,33.3,FALSE,"セーフハーバー内"
"ツルハドラッグ 新栃木店",36.3924653,139.7369333,5000,30,4,170,174,4,4.3,0.4,4.7,FALSE,"セーフハーバー内"
"ツルハドラッグ 壬生店",36.425792,139.802764,5000,16,0,316,323,7,4.3,0.9,5.1,FALSE,"セーフハーバー内"
"ツルハドラッグ 西方店",36.4676165,139.7424225,5000,9,0,708,708,0,0,1.7,1.7,FALSE,"セーフハーバー内"
"ツルハドラッグ 亀山北店",36.463328600000004,139.9926229,5000,21,8,213,218,5,4.6,0.6,5.2,FALSE,"セーフハーバー内"
"ツルハドラッグ 鹿沼晃望台店",36.559339,139.7659098,5000,25,4,187,197,10,5.1,1,6.1,FALSE,"セーフハーバー内"
"ツルハドラッグ 宇都宮不動前店",36.5444203,139.8794611,5000,60,18,108,125,17,4.8,1.8,6.6,FALSE,"セーフハーバー内"
"ツルハドラッグ 宇都宮簗瀬店",36.553627299999995,139.891348,5000,67,17,99,114,16,4.3,1.8,6.1,FALSE,"セーフハーバー内"
"ツルハドラッグ 宇都宮東峰町店",36.540548699999995,139.9188315,5000,49,10,124,140,16,4.1,2,6,FALSE,"セーフハーバー内"
"ツルハドラッグ 宇都宮東宿郷店",36.556481399999996,139.9095489,5000,55,11,113,129,17,3.8,2.2,6,FALSE,"セーフハーバー内"
"ツルハドラッグ 宇都宮平松本町店",36.542743,139.90382,5000,58,14,112,127,15,4.4,1.7,6.1,FALSE,"セーフハーバー内"
"ツルハドラッグ 宇都宮陽東店",36.551052999999996,139.9275835,5000,50,10,124,141,17,3.9,2.2,6.1,FALSE,"セーフハーバー内"
"調剤薬局ツルハドラッグ 宇都宮陽東店",36.5510386,139.9275913,5000,50,10,124,141,17,3.9,2.2,6.1,FALSE,"セーフハーバー内"
"ツルハドラッグ 市貝店",36.536833,140.0862951,5000,6,1,784,793,10,2.2,2.2,4.4,FALSE,"セーフハーバー内"
"ツルハドラッグ 鹿沼日吉町店",36.5653216,139.73175419999998,5000,20,4,227,242,15,6.2,1.2,7.4,FALSE,"セーフハーバー内"
"ツルハドラッグ 宇都宮戸祭店",36.5764571,139.863796,5000,46,9,113,124,11,2.5,2.2,4.7,FALSE,"セーフハーバー内"
"ツルハドラッグ 宇都宮野沢店",36.606757,139.85702799999999,5000,28,4,178,187,9,1.9,2.3,4.2,FALSE,"セーフハーバー内"
"ツルハドラッグ 宇都宮岩曽店",36.5881696,139.91362189999998,5000,49,5,112,121,9,2.4,1.9,4.2,FALSE,"セーフハーバー内"
"ツルハドラッグ 宇都宮ゆいの杜店",36.5719298,139.9929669,5000,7,4,432,461,29,11.5,1.3,12.7,FALSE,"セーフハーバー内"
"ツルハドラッグ 宇都宮宝木本町店",36.606063,139.845877,5000,28,3,183,190,7,1.4,2.4,3.8,FALSE,"セーフハーバー内"
"ツルハドラッグ 宇都宮徳次郎店",36.645794599999995,139.8458646,5000,7,0,673,673,0,0,7.2,7.2,FALSE,"セーフハーバー内"
"調剤薬局ツルハドラッグ 宇都宮野沢店",36.606808799999996,139.85751199999999,5000,28,4,178,187,9,1.9,2.3,4.2,FALSE,"セーフハーバー内"
"ツルハドラッグ 宇都宮白沢店",36.620759,139.932545,5000,20,0,203,206,3,0.9,1.8,2.7,FALSE,"セーフハーバー内"
"ツルハドラッグ 宇都宮下田原店",36.6354021,139.90334679999998,5000,10,0,340,343,3,0.8,2.2,3,FALSE,"セーフハーバー内"
"ツルハドラッグ 烏山店",36.6551166,140.1553334,5000,8,0,767,767,0,0,1.9,1.9,FALSE,"セーフハーバー内"
"ツルハドラッグ 日光板橋店",36.6853925,139.72386219999999,5000,9,3,377,397,21,4.4,2.3,6.7,FALSE,"セーフハーバー内"
"ツルハドラッグ 日光大沢店",36.6900665,139.7621896,5000,5,2,576,616,40,5.3,3.8,9.1,FALSE,"セーフハーバー内"
"ツルハドラッグ さくら氏家店",36.705781099999996,139.9690711,5000,13,0,329,329,0,0,1.9,1.9,FALSE,"セーフハーバー内"
"ツルハドラッグ さくら富野岡店",36.6911729,139.9457351,5000,14,0,298,298,0,0,1.7,1.7,FALSE,"セーフハーバー内"
"ツルハドラッグ 矢板片岡店",36.7492918,139.9507476,5000,4,0,1006,1019,14,2.3,3,5.3,FALSE,"セーフハーバー内"
"ツルハドラッグ 喜連川店",36.721824,140.022012,5000,6,2,817,837,20,4.4,2.2,6.7,FALSE,"セーフハーバー内"
"ツルハドラッグ 日光鬼怒川店",36.813393999999995,139.711656,5000,7,0,973,973,0,0,2.3,2.3,FALSE,"セーフハーバー内"
"ツルハドラッグ 大田原薄葉店",36.8310688,139.9754905,5000,12,0,317,320,3,1.4,1,2.4,FALSE,"セーフハーバー内"
"杏林堂",36.8607775,140.1148288,5000,9,0,761,761,0,0,1.8,1.8,FALSE,"セーフハーバー内"
"ツルハドラッグ 那須塩原島方店",36.936402699999995,140.0128154,5000,18,2,248,255,7,2.4,1.4,3.8,FALSE,"セーフハーバー内"
"調剤薬局ツルハドラッグ 那須塩原島方店",36.936365699999996,140.0128264,5000,18,2,248,255,7,2.4,1.4,3.8,FALSE,"セーフハーバー内"
"ツルハドラッグ 黒磯豊浦北町店",36.9779096,140.04094899999998,5000,25,3,231,236,5,4.9,0.6,5.4,FALSE,"セーフハーバー内"
"ツルハドラッグ 那須高原店",37.0440347,140.0164651,5000,6,0,1166,1166,0,0,2.7,2.7,FALSE,"セーフハーバー内"
"ツルハドラッグ 白河白坂店",37.100546099999995,140.1965959,5000,21,2,230,253,23,4.7,2.4,7.1,FALSE,"セーフハーバー内"
"ツルハドラッグ 白河西店",37.129055099999995,140.19217079999999,5000,21,2,225,259,33,5.8,2.9,8.6,FALSE,"セーフハーバー内"
"ツルハドラッグ 西郷店",37.1394342,140.152691,5000,11,2,423,484,60,9.2,3.3,12.5,FALSE,"セーフハーバー内"
"ツルハドラッグ 白河結城店",37.1194817,140.2284076,5000,23,2,228,251,23,4.9,2.3,7.2,FALSE,"セーフハーバー内"
"ツルハドラッグ 白河モール店",37.115321099999996,140.2002497,5000,21,2,224,257,33,5.7,2.9,8.6,FALSE,"セーフハーバー内"
"ツルハドラッグ 亀有店",35.759412499999996,139.8435728,5000,26,6,227,235,7,3.3,1.1,4.5,FALSE,"セーフハーバー内"
"くすりの福太郎松戸小山店",35.773854799999995,139.8918368,5000,29,9,241,263,22,7.3,1.5,8.8,FALSE,"セーフハーバー内"
"くすりの福太郎宮久保店",35.7370557,139.93049449999998,5000,13,4,583,648,65,15.5,2.1,17.6,FALSE,"セーフハーバー内"
"くすりの福太郎市川国分店",35.739653,139.9180298,5000,14,5,559,648,89,15.3,2.9,18.2,FALSE,"セーフハーバー内"
"くすりの福太郎鎌ケ谷店",35.7622363,140.0001203,5000,32,12,832,925,93,26.2,1.8,28,FALSE,"セーフハーバー内"
"くすりの福太郎西白井店",35.7982344,140.0307439,5000,35,8,468,557,89,18.3,2.4,20.7,FALSE,"セーフハーバー内"
"くすりの福太郎東鎌ケ谷店",35.7635947,140.0157592,5000,31,11,792,927,134,25.5,2.6,28.2,FALSE,"セーフハーバー内"
"くすりの福太郎初富本町店",35.774318,140.000174,5000,35,15,660,769,109,22.9,2.4,25.2,FALSE,"セーフハーバー内"
"くすりの福太郎白井駅前店",35.7825506,140.054332,5000,28,6,617,742,124,21.5,2.9,24.4,FALSE,"セーフハーバー内"
"くすりの福太郎印西内野店",35.797295999999996,140.12781809999998,5000,31,4,424,526,102,16.4,3.1,19.5,FALSE,"セーフハーバー内"
"調剤薬局くすりの福太郎 豊富店",35.7634773,140.0736987,5000,30,3,385,426,41,14.8,1.4,16.2,FALSE,"セーフハーバー内"
"調剤薬局くすりの福太郎 印西内野店",35.797285099999996,140.1278085,5000,31,4,424,526,102,16.4,3.1,19.5,FALSE,"セーフハーバー内"
"くすりの福太郎酒々井店",35.732332,140.276129,5000,14,1,376,378,2,1,1,2,FALSE,"セーフハーバー内"
"調剤薬局くすりの福太郎 成田はなのき台店",35.778676000000004,140.28562,5000,29,3,403,418,15,16.3,0.5,16.8,FALSE,"セーフハーバー内"
"ツルハドラッグ 草加5丁目店",35.837382999999996,139.802899,5000,30,15,645,667,21,22.3,0.5,22.8,FALSE,"セーフハーバー内"
"くすりの福太郎逆井店",35.8237009,139.9843915,5000,30,13,435,449,15,16.6,0.4,17.1,FALSE,"セーフハーバー内"
"調剤薬局くすりの福太郎 白井駅前店",35.782523399999995,140.05434979999998,5000,28,6,617,742,124,21.5,2.9,24.4,FALSE,"セーフハーバー内"
"くすりの福太郎千葉ニュータウン店",35.80197,140.11556199999998,5000,30,4,381,436,55,14.7,1.9,16.6,FALSE,"セーフハーバー内"
"薬局くすりの福太郎ニュータウンメディカルモール店",35.8020176,140.115852,5000,30,4,381,436,55,14.7,1.9,16.6,FALSE,"セーフハーバー内"
"くすりの福太郎フォレストモール印西牧の原店",35.80658,140.178586,5000,19,0,534,659,125,18.5,3.4,21.9,FALSE,"セーフハーバー内"
"調剤薬局くすりの福太郎 本埜店",35.8067997,140.1799079,5000,19,0,534,659,125,18.5,3.4,21.9,FALSE,"セーフハーバー内"
"調剤薬局くすりの福太郎 フォレストモール印西牧の原店",35.8067024,140.1784666,5000,19,0,534,659,125,18.5,3.4,21.9,FALSE,"セーフハーバー内"
"くすりの福太郎天王台北口店",35.8728931,140.0399736,5000,34,7,489,504,16,18.9,0.4,19.3,FALSE,"セーフハーバー内"
"くすりの福太郎野田山崎店",35.9259919,139.89227499999998,5000,21,2,306,319,13,10.6,0.6,11.2,FALSE,"セーフハーバー内"
"くすりの福太郎柏の葉店",35.887338,139.94699119999999,5000,38,9,489,502,14,19.5,0.4,19.8,FALSE,"セーフハーバー内"
"ツルハドラッグ 江戸崎店",35.9588536,140.31605589999998,5000,10,0,597,634,37,13.7,1.4,15,FALSE,"セーフハーバー内"
"ツルハドラッグ 水海道店",36.021203199999995,139.9904288,5000,23,2,370,417,47,12,1.9,13.9,FALSE,"セーフハーバー内"
"ツルハドラッグ 水海道栄町店",36.018657499999996,139.9886895,5000,23,2,363,408,46,11.9,1.9,13.8,FALSE,"セーフハーバー内"
"ツルハドラッグ 富士見ヶ丘店",36.0026003,140.0331467,5000,22,4,552,623,71,19,1.9,20.9,FALSE,"セーフハーバー内"
"ツルハドラッグ ひたち野うしく店",36.0067835,140.16418679999998,5000,32,10,471,502,31,18.3,0.8,19.2,FALSE,"セーフハーバー内"
"ツルハドラッグ 荒川本郷店",36.0225617,140.17739029999998,5000,27,12,746,794,49,24.7,1,25.7,FALSE,"セーフハーバー内"
"ツルハドラッグ イーアスつくば店",36.0865779,140.08478119999998,5000,34,15,542,558,16,20.7,0.4,21.1,FALSE,"セーフハーバー内"
"ツルハドラッグ 土浦小松店",36.072412299999996,140.2041721,5000,32,11,603,621,19,22,0.4,22.4,FALSE,"セーフハーバー内"
"ツルハドラッグ 千代田店",36.1349131,140.24109149999998,5000,16,4,518,545,27,16.8,0.8,17.6,FALSE,"セーフハーバー内"
"ツルハドラッグ 石岡店",36.1885221,140.2749282,5000,17,4,257,266,9,7,0.7,7.7,FALSE,"セーフハーバー内"
"ツルハドラッグ 茨城小川店",36.192563899999996,140.3814657,5000,16,2,440,454,14,7,1,8,FALSE,"セーフハーバー内"
"ツルハドラッグ 羽鳥店",36.249011599999996,140.302367,5000,7,3,436,451,15,5.2,1.4,6.6,FALSE,"セーフハーバー内"
"ツルハドラッグ 友部店",36.3270644,140.3239092,5000,12,3,440,465,25,14.2,0.9,15,FALSE,"セーフハーバー内"
"ツルハドラッグ 茨城桜の郷店",36.3266,140.41436299999998,5000,25,5,298,334,36,11.3,1.6,12.9,FALSE,"セーフハーバー内"
"ツルハドラッグ 水戸南店",36.3098342,140.4398525,5000,24,4,356,401,45,13.6,1.7,15.3,FALSE,"セーフハーバー内"
"ツルハドラッグ 水戸元吉田南店",36.341752,140.4679742,5000,44,14,425,493,68,18.1,1.9,20,FALSE,"セーフハーバー内"
"ツルハドラッグ 水戸東前店",36.338786999999996,140.529705,5000,30,8,296,317,22,11.2,1,12.2,FALSE,"セーフハーバー内"
"ツルハドラッグ 水戸千波店",36.3557662,140.45277439999998,5000,53,18,381,452,71,17.3,2,19.3,FALSE,"セーフハーバー内"
"ツルハドラッグ 上水戸店",36.3895524,140.44700580000003,5000,40,11,445,520,75,18.5,2,20.5,FALSE,"セーフハーバー内"
"ツルハドラッグ 水戸見川店",36.3753646,140.43713649999998,5000,50,15,355,426,71,16.3,2.2,18.5,FALSE,"セーフハーバー内"
"ツルハドラッグ 水戸元吉田店",36.3605196,140.47690409999998,5000,43,17,408,486,77,17.5,2.2,19.7,FALSE,"セーフハーバー内"
"ツルハドラッグ 水戸元吉田東店",36.3522259,140.482835,5000,40,14,373,440,66,16.2,2,18.3,FALSE,"セーフハーバー内"
"ツルハドラッグ ひたちなか市毛店",36.397446699999996,140.50822829999998,5000,30,12,426,482,56,17.1,1.6,18.7,FALSE,"セーフハーバー内"
"ツルハドラッグ 勝田店",36.3861219,140.5294677,5000,29,11,414,457,43,16,1.3,17.3,FALSE,"セーフハーバー内"
"ツルハドラッグ ひたちなか昭和通り店",36.3975436,140.5514906,5000,33,11,393,432,39,15.2,1.3,16.5,FALSE,"セーフハーバー内"
"ツルハドラッグ 水戸堀町店",36.4021462,140.43107,5000,33,7,402,456,55,16.5,1.7,18.2,FALSE,"セーフハーバー内"
"ツルハドラッグ 水戸赤塚店",36.3817538,140.41712909999998,5000,37,9,360,417,57,15.6,1.8,17.4,FALSE,"セーフハーバー内"
"ツルハドラッグ 城里店",36.4740622,140.3889395,5000,5,0,726,726,0,0,2.3,2.3,FALSE,"セーフハーバー内"
"ツルハドラッグ 那珂竹ノ内店",36.452027,140.501396,5000,19,5,396,414,18,14.3,0.6,14.9,FALSE,"セーフハーバー内"
"ツルハドラッグ 東海店",36.4677174,140.57484399999998,5000,16,8,560,617,57,18.7,1.5,20.2,FALSE,"セーフハーバー内"
"ツルハドラッグ 東海中央店",36.4580572,140.56582799999998,5000,15,8,780,855,75,24.1,1.6,25.6,FALSE,"セーフハーバー内"
"ツルハドラッグ 常陸太田店",36.5329731,140.52916869999999,5000,15,6,396,430,34,9.6,1.8,11.4,FALSE,"セーフハーバー内"
"調剤薬局ツルハドラッグ 常陸太田店",36.5330148,140.529194,5000,15,6,396,430,34,9.6,1.8,11.4,FALSE,"セーフハーバー内"
"ツルハドラッグ 日立大みか店",36.5118925,140.62975100000003,5000,21,3,259,267,8,6.1,0.6,6.7,FALSE,"セーフハーバー内"
"ツルハドラッグ 御前山店",36.5488493,140.331918,5000,5,0,1355,1355,0,0,3.2,3.2,FALSE,"セーフハーバー内"
"ツルハドラッグ 日立会瀬店",36.578026,140.64808499999998,5000,28,3,234,255,21,7.1,1.5,8.6,FALSE,"セーフハーバー内"
"ツルハドラッグ 日立桜川店",36.5599086,140.6276842,5000,29,1,258,284,26,8.9,1.5,10.3,FALSE,"セーフハーバー内"
"ツルハドラッグ 日立平沢店",36.5987252,140.6460946,5000,26,5,269,296,27,8.7,1.6,10.2,FALSE,"セーフハーバー内"
"ツルハドラッグ 日立十王店",36.6816154,140.6830646,5000,13,3,492,520,29,16.1,0.9,17,FALSE,"セーフハーバー内"
"ツルハドラッグ 高萩手綱店",36.727513099999996,140.7137706,5000,9,3,586,627,41,16.3,1.3,17.6,FALSE,"セーフハーバー内"
"ツルハドラッグ 北茨城店",36.7757682,140.7319724,5000,14,4,389,410,21,5.4,2,7.3,FALSE,"セーフハーバー内"
"調剤薬局ツルハドラッグ 北茨城店",36.7757862,140.7320157,5000,14,4,389,410,21,5.4,2,7.3,FALSE,"セーフハーバー内"
"ツルハドラッグ 北茨城大津店",36.842182,140.781743,5000,12,0,506,506,0,0,2.5,2.5,FALSE,"セーフハーバー内"
"調剤薬局ツルハドラッグ 北茨城大津店",36.842182,140.781743,5000,12,0,506,506,0,0,2.5,2.5,FALSE,"セーフハーバー内"
"ツルハドラッグ 矢祭店",36.866392,140.425767,5000,1,0,3893,3893,0,0,11.8,11.8,FALSE,"セーフハーバー内"
"ツルハドラッグ いわき錦店",36.9058688,140.78916429999998,5000,17,1,286,295,9,1.9,2.3,4.2,FALSE,"セーフハーバー内"
"ツルハドラッグ いわき中岡店",36.920947,140.781394,5000,18,1,282,291,8,1.9,2.2,4.1,FALSE,"セーフハーバー内"
"ツルハドラッグ 勿来店",36.9083463,140.77192879999998,5000,18,1,284,290,6,1.3,2.3,3.6,FALSE,"セーフハーバー内"
"杏林堂薬局 浜岡店",34.6353915,138.1306429,5000,7,2,664,749,85,12.2,3.5,15.7,FALSE,"セーフハーバー内"
"杏林堂薬局 浜岡店 調剤",34.6353915,138.1306429,5000,7,2,664,749,85,12.2,3.5,15.7,FALSE,"セーフハーバー内"
"杏林堂薬局 新居店",34.7075757,137.5504097,5000,15,3,316,363,46,7.1,3.3,10.4,FALSE,"セーフハーバー内"
"杏林堂薬局 新居店 調剤",34.7075757,137.5504097,5000,15,3,316,363,46,7.1,3.3,10.4,FALSE,"セーフハーバー内"
"杏林堂ドラッグストア 舞阪店",34.6835375,137.6211007,5000,18,3,347,391,44,9.8,2.3,12.1,FALSE,"セーフハーバー内"
"杏林堂薬局 志都呂店",34.6988945,137.66450849999998,5000,37,4,299,421,122,12.1,5,17.1,FALSE,"セーフハーバー内"
"杏林堂 志都呂調剤センター",34.6992013,137.6642244,5000,37,4,297,418,121,12.1,5,17.1,FALSE,"セーフハーバー内"
"杏林堂薬局 高塚調剤センター",34.69374820000001,137.6783285,5000,39,3,275,404,129,11.2,5.8,16.9,FALSE,"セーフハーバー内"
"杏林堂薬局 西伊場店",34.697525899999995,137.7003877,5000,43,4,447,685,237,17.5,6.8,24.3,FALSE,"セーフハーバー内"
"杏林堂ドラッグストア 入野店",34.6971035,137.68423479999998,5000,42,4,339,500,162,14.3,5.7,19.9,FALSE,"セーフハーバー内"
"杏林堂ドラッグストア 白羽店",34.6786679,137.7362502,5000,38,5,449,619,170,17.8,4.8,22.6,FALSE,"セーフハーバー内"
"杏林堂ドラッグストア H＆B Special 南浅田店",34.6864792,137.73179729999998,5000,43,5,433,664,230,17.2,6.7,23.9,FALSE,"セーフハーバー内"
"杏林堂ドラッグストア 鴨江店",34.7055947,137.70787529999998,5000,46,5,341,544,202,13.9,7.3,21.2,FALSE,"セーフハーバー内"
"杏林堂ドラッグストア 入野店 調剤",34.6971035,137.68423479999998,5000,42,4,339,500,162,14.3,5.7,19.9,FALSE,"セーフハーバー内"
"杏林堂薬局 佐鳴湖南調剤センター",34.7021404,137.6834638,5000,43,4,369,549,179,15.4,5.8,21.2,FALSE,"セーフハーバー内"
"杏林堂薬局 西伊場店 調剤",34.697525899999995,137.7003877,5000,43,4,447,685,237,17.5,6.8,24.3,FALSE,"セーフハーバー内"
"杏林堂薬局 名塚店",34.702807299999996,137.75763469999998,5000,50,5,358,509,151,15.8,4.8,20.5,FALSE,"セーフハーバー内"
"杏林堂薬局 芳川店",34.6846855,137.7661475,5000,39,4,305,434,129,13.1,4.9,18,FALSE,"セーフハーバー内"
"杏林堂ドラッグストア 向宿店",34.7041391,137.7512363,5000,53,5,379,562,183,16.3,5.6,21.9,FALSE,"セーフハーバー内"
"杏林堂薬局 エキマチ店",34.7038909,137.73444139999998,5000,59,5,365,570,205,15.8,6.5,22.3,FALSE,"セーフハーバー内"
"杏林堂ドラッグストア 伝馬町店",34.7062642,137.7285302,5000,55,4,387,615,229,16.2,7.1,23.3,FALSE,"セーフハーバー内"
"杏林堂ドラッグストア 竜洋店",34.6733274,137.8155065,5000,18,1,329,416,87,8.5,5.1,13.6,FALSE,"セーフハーバー内"
"杏林堂ドラッグストア 竜洋店 調剤",34.6733274,137.8155065,5000,18,1,329,416,87,8.5,5.1,13.6,FALSE,"セーフハーバー内"
"杏林堂薬局 芳川店 調剤",34.6846855,137.7661475,5000,39,4,305,434,129,13.1,4.9,18,FALSE,"セーフハーバー内"
"杏林堂薬局 上岡田店",34.7047253,137.8499755,5000,31,2,291,385,93,12,3.9,15.9,FALSE,"セーフハーバー内"
"杏林堂薬局 上岡田店 調剤",34.7047253,137.8499755,5000,31,2,291,385,93,12,3.9,15.9,FALSE,"セーフハーバー内"
"杏林堂ドラッグストア 小笠店",34.7013406,138.0944016,5000,12,8,410,446,35,8.8,2,10.8,FALSE,"セーフハーバー内"
"杏林堂ドラッグストア 新所原駅南店",34.7207813,137.4849032,5000,13,4,457,500,43,10.2,2.1,12.3,FALSE,"セーフハーバー内"
"杏林堂ドラッグストア 新所原駅南店 調剤",34.7207813,137.4849032,5000,13,4,457,500,43,10.2,2.1,12.3,FALSE,"セーフハーバー内"
"杏林堂薬局 鷲津店",34.7135307,137.545186,5000,19,3,277,310,33,6,2.8,8.8,FALSE,"セーフハーバー内"
"杏林堂薬局 鷲津店 調剤",34.7135307,137.545186,5000,19,3,277,310,33,6,2.8,8.8,FALSE,"セーフハーバー内"
"杏林堂ドラッグストア 伊左地店",34.7442684,137.6592432,5000,15,1,334,358,25,2.8,4.4,7.2,FALSE,"セーフハーバー内"
"杏林堂ドラッグストア 伊左地店 調剤",34.7442684,137.6592432,5000,15,1,334,358,25,2.8,4.4,7.2,FALSE,"セーフハーバー内"
"杏林堂ドラッグストア 城北店",34.722369,137.7173067,5000,58,5,287,452,165,12.8,6.4,19.3,FALSE,"セーフハーバー内"
"杏林堂ドラッグストア 高町店",34.7084326,137.7238002,5000,53,4,341,546,205,14.5,7,21.6,FALSE,"セーフハーバー内"
"杏林堂薬局 和合店",34.7394248,137.70385,5000,48,4,305,480,174,12.8,6.8,19.6,FALSE,"セーフハーバー内"
"杏林堂薬局 富塚店",34.7205641,137.7016409,5000,53,4,279,450,171,11.8,7.2,19.1,FALSE,"セーフハーバー内"
"杏林堂ドラッグストア H＆B Special 泉店",34.7453461,137.7187146,5000,41,5,330,517,187,13.4,7,20.3,FALSE,"セーフハーバー内"
"杏林堂薬局 浜松医療センター前店",34.71562,137.70276940000002,5000,51,4,293,461,168,12.6,6.7,19.3,FALSE,"セーフハーバー内"
"杏林堂ドラッグストア 新大平台店",34.727140299999995,137.6886671,5000,47,2,389,609,219,15.8,6.9,22.7,FALSE,"セーフハーバー内"
"杏林堂ドラッグストア 新津店",34.7215531,137.742147,5000,56,3,306,489,182,13.5,6.8,20.3,FALSE,"セーフハーバー内"
"杏林堂薬局 和田店",34.7159766,137.7741613,5000,49,4,354,497,143,15.7,4.6,20.3,FALSE,"セーフハーバー内"
"杏林堂ドラッグストア 上島駅前店",34.7414293,137.7467278,5000,46,5,356,571,215,14.6,7.4,22,FALSE,"セーフハーバー内"
"杏林堂薬局 ピーワンプラザ天王店",34.735206,137.765529,5000,46,4,303,455,152,13.3,5.7,19,FALSE,"セーフハーバー内"
"杏林堂薬局 有玉南町店",34.7552745,137.7521272,5000,40,4,265,408,143,10.7,6.7,17.4,FALSE,"セーフハーバー内"
"杏林堂ドラッグストア 天王店",34.7337882,137.7708084,5000,43,4,328,489,161,14.1,5.7,19.8,FALSE,"セーフハーバー内"
"杏林堂薬局 小豆餅店",34.754478399999996,137.7316301,5000,40,5,305,467,162,12.4,6.5,18.9,FALSE,"セーフハーバー内"
"杏林堂薬局 上西店",34.7251435,137.7523136,5000,55,3,273,416,143,12.6,5.7,18.3,FALSE,"セーフハーバー内"
"杏林堂薬局 豊田小立野店",34.7259921,137.81904140000003,5000,37,1,257,332,75,11,3.4,14.4,FALSE,"セーフハーバー内"
"杏林堂ドラッグストア 豊田駅前店",34.7144562,137.8194332,5000,35,1,259,345,86,11,3.9,14.9,FALSE,"セーフハーバー内"
"杏林堂ドラッグストア 岩井店",34.7403838,137.8777475,5000,38,4,188,237,49,7.6,3.2,10.8,FALSE,"セーフハーバー内"
"杏林堂ドラッグストア 鳥之瀬店",34.711721499999996,137.8610316,5000,30,2,299,376,77,12.4,3.1,15.5,FALSE,"セーフハーバー内"
"杏林堂薬局 西貝塚店",34.719322399999996,137.8729137,5000,34,3,269,343,74,11.6,3.2,14.8,FALSE,"セーフハーバー内"
"杏林堂薬局 袋井旭町店",34.7532353,137.9210052,5000,23,5,319,410,91,11.8,3.8,15.6,FALSE,"セーフハーバー内"
"杏林堂ドラッグストア 袋井西田店",34.7416391,137.9127483,5000,20,3,314,420,106,11.4,4.7,16,FALSE,"セーフハーバー内"
"杏林堂ドラッグストア 袋井国本店",34.7562231,137.9339258,5000,18,4,310,402,91,10.1,4.5,14.6,FALSE,"セーフハーバー内"
"杏林堂薬局 袋井旭町店 調剤",34.7532353,137.9210052,5000,23,5,319,410,91,11.8,3.8,15.6,FALSE,"セーフハーバー内"
"杏林堂ドラッグストア 菊川店",34.7558289,138.09037619999998,5000,14,6,363,415,52,7.3,3.5,10.9,FALSE,"セーフハーバー内"
"杏林堂薬局菊川調剤センター",34.7557498,138.0903602,5000,14,6,363,415,52,7.3,3.5,10.9,FALSE,"セーフハーバー内"
"杏林堂薬局 菊川病院前店",34.7345931,138.0983437,5000,18,10,315,372,57,8.1,3.5,11.6,FALSE,"セーフハーバー内"
"杏林堂ドラッグストア 細江店",34.8065065,137.6527088,5000,13,0,375,425,50,6.4,3.9,10.3,FALSE,"セーフハーバー内"
"杏林堂ドラッグストア根洗店",34.800284999999995,137.71329599999999,5000,21,3,276,375,100,8.9,5.6,14.5,FALSE,"セーフハーバー内"
"杏林堂薬局 高丘東店",34.7593993,137.7151673,5000,32,4,309,477,168,11.7,7.2,18.9,FALSE,"セーフハーバー内"
"杏林堂薬局 姫街道店",34.7719664,137.7087133,5000,29,4,211,278,67,5.9,5.7,11.6,FALSE,"セーフハーバー内"
"杏林堂ドラッグストア 新初生店",34.7725301,137.7243645,5000,29,3,251,355,105,9.4,5.6,15,FALSE,"セーフハーバー内"
"杏林堂薬局 三方原聖隷前店",34.7922077,137.68881149999999,5000,27,2,236,301,65,7.4,4.4,11.8,FALSE,"セーフハーバー内"
"杏林堂ドラッグストア 小松店",34.7901561,137.7779165,5000,26,2,205,262,57,6,4.7,10.7,FALSE,"セーフハーバー内"
"杏林堂ドラッグストア 内野店",34.7822805,137.75466849999998,5000,33,4,220,316,97,7.9,6.1,14,FALSE,"セーフハーバー内"
"杏林堂ドラッグストア 中郡店",34.7699849,137.7829971,5000,32,2,209,278,69,5.9,5.8,11.8,FALSE,"セーフハーバー内"
"杏林堂薬局 浜松医大調剤センター",34.770905899999995,137.7440373,5000,40,3,226,330,104,9.1,5.8,14.8,FALSE,"セーフハーバー内"
"杏林堂薬局 浜北店",34.8091943,137.8014432,5000,29,2,229,302,73,6.6,5.5,12.1,FALSE,"セーフハーバー内"
"杏林堂ドラッグストア 小松店 調剤",34.7901561,137.7779165,5000,26,2,205,262,57,6,4.7,10.7,FALSE,"セーフハーバー内"
"杏林堂ドラッグストア 中郡店 調剤",34.7699849,137.7829971,5000,32,2,209,278,69,5.9,5.8,11.8,FALSE,"セーフハーバー内"
"杏林堂薬局 磐田市立病院前店",34.766853,137.856279,5000,20,4,383,419,35,13.2,1.3,14.5,FALSE,"セーフハーバー内"
"杏林堂薬局 袋井下山梨店",34.775295199999995,137.9127044,5000,21,3,257,301,44,5.9,3.7,9.6,FALSE,"セーフハーバー内"
"杏林堂薬局 袋井下山梨店 調剤",34.775295199999995,137.9127044,5000,21,3,257,301,44,5.9,3.7,9.6,FALSE,"セーフハーバー内"
"杏林堂ドラッグストア 掛川下垂木店",34.7792568,137.980164,5000,18,3,242,265,23,3.5,3.3,6.8,FALSE,"セーフハーバー内"
"杏林堂薬局 掛川花鳥園前店",34.7623034,138.0171885,5000,21,3,242,259,17,3.3,2.5,5.8,FALSE,"セーフハーバー内"
"杏林堂薬局 掛川葛ヶ丘店",34.78786970000001,138.02822089999998,5000,21,3,248,265,17,3.4,2.6,5.9,FALSE,"セーフハーバー内"
"杏林堂薬局 掛川花鳥園前店 調剤",34.7623034,138.0171885,5000,21,3,242,259,17,3.3,2.5,5.8,FALSE,"セーフハーバー内"
"杏林堂ドラッグストア 菊川店 調剤",34.7558289,138.09037619999998,5000,14,6,363,415,52,7.3,3.5,10.9,FALSE,"セーフハーバー内"
"杏林堂ドラッグストア 吉田店",34.7886267,138.2477135,5000,26,7,291,313,22,10.3,1.1,11.3,FALSE,"セーフハーバー内"
"杏林堂ドラッグストア 吉田店 調剤",34.7886267,138.2477135,5000,26,7,291,313,22,10.3,1.1,11.3,FALSE,"セーフハーバー内"
"杏林堂薬局 引佐店",34.8164908,137.6788234,5000,16,0,328,386,58,5.9,4.9,10.8,FALSE,"セーフハーバー内"
"杏林堂薬局 引佐店 調剤",34.8164908,137.6788234,5000,16,0,328,386,58,5.9,4.9,10.8,FALSE,"セーフハーバー内"
"杏林堂ドラッグストア根洗店 調剤",34.800284999999995,137.71329599999999,5000,21,3,276,375,100,8.9,5.6,14.5,FALSE,"セーフハーバー内"
"杏林堂ドラッグストア 新原店",34.813908,137.7831917,5000,31,1,207,273,66,6,5.5,11.5,FALSE,"セーフハーバー内"
"杏林堂ドラッグストア 新原店 調剤",34.813908,137.7831917,5000,31,1,207,273,66,6,5.5,11.5,FALSE,"セーフハーバー内"
"杏林堂薬局 於呂店",34.8476418,137.80531349999998,5000,14,3,332,445,113,7.3,7.7,15.1,FALSE,"セーフハーバー内"
"杏林堂薬局 西鹿島駅前店",34.846586099999996,137.8108636,5000,16,3,305,395,90,6.3,7.2,13.4,FALSE,"セーフハーバー内"
"杏林堂薬局 弘済堂薬局",34.850192199999995,137.8117696,5000,16,3,328,425,97,6.5,7.5,14,FALSE,"セーフハーバー内"
"杏林堂薬局 西鹿島駅前店 調剤",34.846586099999996,137.8108636,5000,16,3,305,395,90,6.3,7.2,13.4,FALSE,"セーフハーバー内"
"杏林堂ドラッグストア 森町店",34.8241474,137.91959939999998,5000,11,4,529,583,54,11,2.4,13.5,FALSE,"セーフハーバー内"
"杏林堂ドラッグストア 森町店 調剤",34.824024099999995,137.91968520000003,5000,11,4,529,583,54,11,2.4,13.5,FALSE,"セーフハーバー内"
"杏林堂ドラッグストア 島田駅南店",34.829330299999995,138.17124719999998,5000,22,8,271,302,31,8.8,1.7,10.5,FALSE,"セーフハーバー内"
"杏林堂ドラッグストア 島田稲荷店",34.834828699999996,138.15720969999998,5000,20,7,290,324,34,9,1.9,10.9,FALSE,"セーフハーバー内"
"杏林堂ドラッグストア 島田駅南店 調剤",34.829330299999995,138.17124719999998,5000,22,8,271,302,31,8.8,1.7,10.5,FALSE,"セーフハーバー内"
"杏林堂ドラッグストア 藤枝青島店",34.8450001,138.2313451,5000,29,12,250,292,42,9,2.3,11.4,FALSE,"セーフハーバー内"
"杏林堂薬局 藤枝田沼店",34.841350399999996,138.25637039999998,5000,31,17,308,384,75,12.7,3,15.7,FALSE,"セーフハーバー内"
"杏林堂ドラッグストア 藤枝駅北店",34.8512158,138.24710199999998,5000,31,13,276,360,84,10.7,3.9,14.6,FALSE,"セーフハーバー内"
"杏林堂ドラッグストア藤枝駅北店",34.852199399999996,138.24668830000002,5000,31,13,276,360,84,10.7,3.9,14.6,FALSE,"セーフハーバー内"
"杏林堂薬局藤枝駅北店",34.852084399999995,138.24671970000003,5000,31,13,276,360,84,10.7,3.9,14.6,FALSE,"セーフハーバー内"
"杏林堂薬局 焼津与惣次店",34.846184199999996,138.3119776,5000,37,23,240,270,31,10.6,1.4,12.1,FALSE,"セーフハーバー内"
"杏林堂ドラッグストア 焼津大住店",34.8474242,138.2913752,5000,48,24,211,259,47,10.3,2.3,12.6,FALSE,"セーフハーバー内"
"杏林堂薬局 焼津与惣次店 調剤",34.8462631,138.3119779,5000,37,23,240,270,31,10.6,1.4,12.1,FALSE,"セーフハーバー内"
"杏林堂ドラッグストア 二俣店",34.860129199999996,137.8158059,5000,11,3,426,555,129,9,7.2,16.2,FALSE,"セーフハーバー内"
"杏林堂薬局 於呂店 調剤",34.8476418,137.80531349999998,5000,14,3,332,445,113,7.3,7.7,15.1,FALSE,"セーフハーバー内"
"杏林堂ドラッグストア 二俣店 調剤",34.860129199999996,137.8158059,5000,11,3,426,555,129,9,7.2,16.2,FALSE,"セーフハーバー内"
"杏林堂ドラッグストア 藤枝清里店",34.8932242,138.2638472,5000,28,15,275,333,58,10.2,2.9,13.1,FALSE,"セーフハーバー内"
"杏林堂ドラッグストア 西焼津駅北店",34.860949999999995,138.28485129999999,5000,53,30,209,264,55,10.7,2.5,13.3,FALSE,"セーフハーバー内"
"杏林堂ドラッグストア 藤枝清里店 調剤",34.8932242,138.2638472,5000,28,15,275,333,58,10.2,2.9,13.1,FALSE,"セーフハーバー内"
"杏林堂薬局 静岡山崎店",34.9763186,138.35207160000002,5000,44,27,458,504,46,19.2,1.2,20.4,FALSE,"セーフハーバー内"
"杏林堂ドラッグストア 静岡大坪店",34.9637633,138.39810939999998,5000,61,27,361,406,45,17,1.3,18.3,FALSE,"セーフハーバー内"
"杏林堂ドラッグストア 静岡小鹿店",34.9706511,138.42213909999998,5000,47,19,336,398,62,15.6,2,17.6,FALSE,"セーフハーバー内"
"杏林堂薬局 静岡千代田店",35.000459,138.4075291,5000,47,28,383,468,85,17.1,2.5,19.6,FALSE,"セーフハーバー内"
"杏林堂ドラッグストア テレビ静岡前店",34.9906856,138.4260933,5000,42,19,299,360,61,14,2.2,16.2,FALSE,"セーフハーバー内"
"杏林堂薬局 静岡登呂店",34.960410200000005,138.4122118,5000,54,24,338,386,48,16,1.5,17.5,FALSE,"セーフハーバー内"
"杏林堂ドラッグストア 静岡草薙店",35.0003394,138.4340779,5000,49,22,390,451,60,17,1.8,18.8,FALSE,"セーフハーバー内"
"杏林堂薬局 清水三保店",34.99864290000001,138.51580350000003,5000,27,12,689,738,49,23,1.1,24.1,FALSE,"セーフハーバー内"
"杏林堂薬局 清水三保店 調剤",34.99864290000001,138.51580350000003,5000,27,12,689,738,49,23,1.1,24.1,FALSE,"セーフハーバー内"
"杏林堂ドラッグストア 静岡松富店",35.0105104,138.3733144,5000,36,23,357,412,55,15.7,1.8,17.4,FALSE,"セーフハーバー内"
"杏林堂ドラッグストア 静岡松富店 調剤",35.0105104,138.3733144,5000,36,23,357,412,55,15.7,1.8,17.4,FALSE,"セーフハーバー内"
"杏林堂薬局 瀬名川店",35.0084848,138.4255344,5000,39,22,464,557,92,18.6,2.5,21.1,FALSE,"セーフハーバー内"
"杏林堂ドラッグストア ながいずみ中土狩店",35.1369486,138.90694019999998,5000,48,20,904,921,17,28.8,0.3,29.1,FALSE,"セーフハーバー内"
"（株）根本杏林堂",35.1416243,139.0752199,5000,26,4,287,297,10,8.6,0.6,9.1,FALSE,"セーフハーバー内"
"杏林堂ドラッグストア 富士永田店",35.1632131,138.6717342,5000,48,23,506,552,46,20.6,1.1,21.7,FALSE,"セーフハーバー内"
"杏林堂ドラッグストア 富士松岡店",35.162701399999996,138.6433789,5000,51,20,419,460,41,18.1,1.1,19.2,FALSE,"セーフハーバー内"
"杏林堂ドラッグストア 富士厚原店",35.189725800000005,138.66216169999998,5000,45,12,380,423,43,16.5,1.3,17.8,FALSE,"セーフハーバー内"
"杏林堂ドラッグストア アクロスプラザ厚原店",35.1834061,138.65674199999998,5000,53,14,358,394,36,16.2,1.1,17.3,FALSE,"セーフハーバー内"
"杏林堂ドラッグストア 富士宮浅間店",35.2185275,138.61063240000001,5000,36,12,386,398,13,16,0.4,16.4,FALSE,"セーフハーバー内"
"ツルハドラッグ 飯田川路店",35.447777599999995,137.8132292,5000,10,0,678,678,0,0,1.6,1.6,FALSE,"セーフハーバー内"
"ツルハドラッグ 飯田西鼎店",35.5072459,137.8372211,5000,27,1,173,181,9,5,0.9,5.9,FALSE,"セーフハーバー内"
"ツルハドラッグ 上吉田店",35.482552,138.8036534,5000,39,7,152,155,3,4.3,0.4,4.6,FALSE,"セーフハーバー内"
"ツルハドラッグ 飯田駅前店",35.5196555,137.8225987,5000,25,1,181,191,10,5.3,1,6.2,FALSE,"セーフハーバー内"
"ツルハドラッグ 都留文大駅前店",35.541747799999996,138.8952789,5000,14,2,361,368,8,1.9,1.9,3.9,FALSE,"セーフハーバー内"
"ツルハドラッグ 松川大島店",35.603016,137.89816340000002,5000,8,0,633,633,0,0,1.7,1.7,FALSE,"セーフハーバー内"
"ツルハドラッグ 峡西店",35.603929199999996,138.4675352,5000,26,3,211,219,8,4.1,1,5.1,FALSE,"セーフハーバー内"
"ツルハドラッグ 市川大門店",35.564099399999996,138.49473319999998,5000,22,3,225,231,6,4.7,0.6,5.3,FALSE,"セーフハーバー内"
"ツルハドラッグ 山梨中央店",35.6084332,138.5437201,5000,33,4,199,230,31,7.7,2,9.7,FALSE,"セーフハーバー内"
"調剤薬局ツルハドラッグ 山梨中央店",35.606946,138.541224,5000,34,4,195,225,30,7.5,2,9.5,FALSE,"セーフハーバー内"
"ツルハドラッグ 都留赤坂店",35.565146,138.917507,5000,21,4,279,287,8,2.8,1.4,4.2,FALSE,"セーフハーバー内"
"ツルハドラッグ 南アルプス桃園店",35.6273128,138.46451159999998,5000,17,4,288,296,8,2.9,1.4,4.3,FALSE,"セーフハーバー内"
"ツルハドラッグ 甲府昭和店",35.623834099999996,138.52443789999998,5000,35,4,185,218,33,7.2,2.3,9.5,FALSE,"セーフハーバー内"
"ツルハドラッグ 甲府高畑店",35.6530408,138.5620418,5000,30,7,284,335,51,10.6,2.4,13,FALSE,"セーフハーバー内"
"ツルハドラッグ 甲府国母店",35.6422631,138.55928989999998,5000,31,8,226,276,49,8,3.1,11.1,FALSE,"セーフハーバー内"
"ツルハドラッグ 甲府中小河原店",35.6350925,138.5701061,5000,34,8,236,289,54,9.4,2.9,12.2,FALSE,"セーフハーバー内"
"ツルハドラッグ 甲府朝気店",35.648396399999996,138.5813952,5000,29,6,268,316,48,10,2.4,12.4,FALSE,"セーフハーバー内"
"ツルハドラッグ 笛吹店",35.6414326,138.62701239999998,5000,27,7,301,324,23,11.3,1,12.3,FALSE,"セーフハーバー内"
"くすりのレデイ 東津山店",35.05834,134.03996,5000,19,1,273,294,20,7.5,1.4,8.8,FALSE,"セーフハーバー内"
"くすりのレデイ津山高野店",35.074542099999995,134.0438887,5000,19,1,253,272,19,7.1,1.3,8.4,FALSE,"セーフハーバー内"
"ウェルネス 西伯店",35.3562435,133.3300018,5000,3,0,1679,1679,0,0,4.5,4.5,FALSE,"セーフハーバー内"
"ウェルネス 溝口店",35.3464308,133.4340044,5000,2,0,2109,2109,0,0,6.2,6.2,FALSE,"セーフハーバー内"
"ウェルネス五千石店",35.4001321,133.3735041,5000,11,0,309,309,0,0,4.7,4.7,FALSE,"セーフハーバー内"
"ウェルネス 生田店",35.417245199999996,133.8056772,5000,18,0,319,319,0,0,3.2,3.2,FALSE,"セーフハーバー内"
"ウェルネス 郡家店",35.4193018,134.2594966,5000,10,0,587,631,44,7.4,3,10.4,FALSE,"セーフハーバー内"
"ウェルネス 東出雲店",35.4298754,133.1326951,5000,15,0,360,420,61,4.4,7,11.3,FALSE,"セーフハーバー内"
"ウェルネス 東出雲薬局",35.42984810000001,133.1327066,5000,14,0,372,439,66,4.6,7.3,11.8,FALSE,"セーフハーバー内"
"ウェルネス 安来店",35.433561399999995,133.24002819999998,5000,20,0,414,414,0,0,5.4,5.4,FALSE,"セーフハーバー内"
"ウェルネス 安来薬局",35.4337218,133.2400297,5000,20,0,414,414,0,0,5.4,5.4,FALSE,"セーフハーバー内"
"ウェルネス 角盤店",35.435262699999996,133.3301688,5000,33,1,162,202,40,4.1,4.9,9,FALSE,"セーフハーバー内"
"ウェルネス 旗ヶ崎店",35.4374719,133.3100582,5000,29,1,177,217,40,4.7,4.3,8.9,FALSE,"セーフハーバー内"
"ウェルネス 米原６丁目店",35.4429406,133.3351807,5000,38,3,248,347,99,11.2,4.4,15.6,FALSE,"セーフハーバー内"
"ウェルネス 夜見店",35.4673642,133.3072226,5000,24,1,226,271,45,6,3.8,9.7,FALSE,"セーフハーバー内"
"ウェルネス 米原店",35.4459776,133.3270552,5000,31,1,170,212,42,4.4,4.8,9.2,FALSE,"セーフハーバー内"
"ウェルネス 東福原店",35.434878999999995,133.34784,5000,36,3,251,354,103,11.4,4.5,15.9,FALSE,"セーフハーバー内"
"ウェルネス 上福原店",35.44873750000001,133.3551258,5000,36,3,307,432,125,13.5,4.6,18.2,FALSE,"セーフハーバー内"
"ウェルネス 両三柳店",35.4506762,133.3358824,5000,37,3,257,362,104,11.5,4.5,16,FALSE,"セーフハーバー内"
"ウェルネス 昭和町店",35.426274,133.34358229999998,5000,36,3,255,359,104,11.5,4.5,16,FALSE,"セーフハーバー内"
"ウェルネス 皆生店",35.4526807,133.36632989999998,5000,32,3,325,466,141,13.4,5.3,18.6,FALSE,"セーフハーバー内"
"ウェルネス みのかや店",35.430908699999996,133.3842048,5000,25,3,393,580,187,15.4,6.1,21.5,FALSE,"セーフハーバー内"
"ウェルネス 淀江店",35.4509981,133.4130194,5000,15,2,804,1015,211,23.8,4.4,28.3,FALSE,"セーフハーバー内"
"ウェルネス 淀江薬局",35.4510101,133.4129958,5000,15,2,804,1015,211,23.8,4.4,28.3,FALSE,"セーフハーバー内"
"ウェルネス 上井店",35.4498448,133.8475271,5000,28,2,193,198,5,1,2.5,3.5,FALSE,"セーフハーバー内"
"ウェルネス 倉吉東店",35.4324021,133.8437841,5000,26,2,206,212,6,1.1,2.7,3.7,FALSE,"セーフハーバー内"
"ウェルネス 倉吉南店",35.4345187,133.8188084,5000,28,2,207,212,5,1,2.6,3.6,FALSE,"セーフハーバー内"
"ウェルネス 八屋店",35.4443031,133.8486087,5000,29,2,188,194,6,1,2.9,3.8,FALSE,"セーフハーバー内"
"ウェルネス 河原店",35.426738199999996,134.206448,5000,6,0,771,771,0,0,4.3,4.3,FALSE,"セーフハーバー内"
"ウェルネス 境港マリーナ店",35.5156671,133.2489575,5000,18,0,280,302,22,3.7,3,6.7,FALSE,"セーフハーバー内"
"ウェルネス 皆生薬局",35.4526466,133.3663398,5000,32,3,325,466,141,13.4,5.3,18.6,FALSE,"セーフハーバー内"
"ウェルネス 東伯店",35.5042352,133.6873714,5000,13,0,506,506,0,0,2.4,2.4,FALSE,"セーフハーバー内"
"ウェルネス 琴浦店",35.503212,133.68009899999998,5000,13,0,498,498,0,0,2.4,2.4,FALSE,"セーフハーバー内"
"ウェルネス 北栄店",35.4904228,133.7605556,5000,8,0,934,934,0,0,2.1,2.1,FALSE,"セーフハーバー内"
"ウェルネス ハワイ店",35.486239499999996,133.8592889,5000,15,2,335,344,10,1.8,2.7,4.5,FALSE,"セーフハーバー内"
"ウェルネス 青谷店",35.516340299999996,133.99826009999998,5000,3,0,1662,1662,0,0,8.9,8.9,FALSE,"セーフハーバー内"
"ウェルネス 気高店",35.513827,134.0467769,5000,3,0,1262,1262,0,0,7.6,7.6,FALSE,"セーフハーバー内"
"ウェルネス 湖山店",35.5145219,134.1895242,5000,29,1,223,264,40,9.2,2.2,11.4,FALSE,"セーフハーバー内"
"ウェルネス 片原店",35.5048944,134.22822349999998,5000,35,1,194,255,62,7.7,4,11.7,FALSE,"セーフハーバー内"
"ウェルネス 南吉方店",35.4860983,134.2338342,5000,28,0,188,225,37,4.6,4.1,8.6,FALSE,"セーフハーバー内"
"ウェルネス 徳尾店",35.5001497,134.2060247,5000,33,1,199,265,66,7.9,4.1,12.1,FALSE,"セーフハーバー内"
"ウェルネス 叶店",35.4746885,134.2177079,5000,27,0,199,236,37,4.8,3.9,8.7,FALSE,"セーフハーバー内"
"ウェルネス 吉成店",35.481482,134.2273519,5000,28,0,191,227,37,4.5,4.1,8.6,FALSE,"セーフハーバー内"
"ウェルネス 国府店",35.4824165,134.2542748,5000,24,0,236,290,54,5.5,4.9,10.4,FALSE,"セーフハーバー内"
"ウェルネス 立川店",35.4895943,134.2408256,5000,28,0,194,233,39,4.6,4.2,8.8,FALSE,"セーフハーバー内"
"ウェルネス 桜谷店",35.4688437,134.24526889999999,5000,23,0,246,299,53,5.7,4.6,10.3,FALSE,"セーフハーバー内"
"ウェルネス 境港渡店",35.5226354,133.2123551,5000,19,0,283,304,21,3.6,2.9,6.6,FALSE,"セーフハーバー内"
"ウェルネス 境港店",35.5415403,133.2225624,5000,17,0,303,328,25,4,3.2,7.1,FALSE,"セーフハーバー内"
"ウェルネス 境港薬局",35.5415169,133.2225732,5000,17,0,303,328,25,4,3.2,7.1,FALSE,"セーフハーバー内"
"ウェルネス 大山店",35.5217952,133.5684629,5000,2,0,2833,2833,0,0,7.3,7.3,FALSE,"セーフハーバー内"
"ウェルネス 湖山東店",35.516756099999995,134.18593909999998,5000,28,1,238,281,44,9.6,2.3,11.9,FALSE,"セーフハーバー内"
"ウェルネス 丸山店",35.520352599999995,134.2264463,5000,31,1,217,280,63,8.6,3.7,12.3,FALSE,"セーフハーバー内"
"ウェルネス 岩美店",35.567433799999996,134.3244676,5000,6,0,931,931,0,0,2.4,2.4,FALSE,"セーフハーバー内"
"ウェルネス 六日市店",34.3518781,131.9386495,5000,3,0,2040,2040,0,0,5.1,5.1,FALSE,"セーフハーバー内"
"ウォンツ 鷹の巣店",34.3606111,132.2304045,5000,4,0,1457,1595,137,18.5,3.7,22.2,FALSE,"セーフハーバー内"
"ウォンツ 大野早時店",34.3018102,132.2911475,5000,15,0,338,362,24,4.5,2.7,7.2,FALSE,"セーフハーバー内"
"ウォンツ 大野店",34.2910365,132.2736279,5000,13,0,415,415,0,0,3.2,3.2,FALSE,"セーフハーバー内"
"ウォンツ 宮内店",34.3450038,132.30665199999999,5000,20,0,361,474,113,12.7,4.4,17.1,FALSE,"セーフハーバー内"
"ウォンツ ハローズ宮内店",34.3454882,132.3052097,5000,20,0,361,474,113,12.7,4.4,17.1,FALSE,"セーフハーバー内"
"ウォンツ 大野薬局",34.291047299999995,132.2736395,5000,13,0,415,415,0,0,3.2,3.2,FALSE,"セーフハーバー内"
"ウォンツ 宮内薬局",34.3450911,132.3068142,5000,20,0,361,474,113,12.7,4.4,17.1,FALSE,"セーフハーバー内"
"ウォンツ JA広島総合病院前店",34.342696,132.3230602,5000,28,0,271,366,94,9.7,4.9,14.6,FALSE,"セーフハーバー内"
"ウォンツ 廿日市新宮店",34.3499912,132.33037919999998,5000,27,0,292,425,133,9.7,6.8,16.6,FALSE,"セーフハーバー内"
"ウォンツ ファーマーズみやうち店",34.3497631,132.3138505,5000,23,0,319,433,114,11.3,5.1,16.3,FALSE,"セーフハーバー内"
"ウォンツ 坂店",34.3426446,132.5122268,5000,30,0,211,255,44,4.7,4.7,9.4,FALSE,"セーフハーバー内"
"ウォンツ 熊野平谷店",34.3322386,132.5641331,5000,30,0,248,320,72,8.9,4,12.9,FALSE,"セーフハーバー内"
"くすりのレデイ 矢野駅前店",34.352033,132.53304699999998,5000,31,0,199,245,46,4.4,5.3,9.7,FALSE,"セーフハーバー内"
"レデイ薬局 矢野駅前店",34.352033,132.53304699999998,5000,31,0,199,245,46,4.4,5.3,9.7,FALSE,"セーフハーバー内"
"ウォンツ 熊野店",34.3464982,132.5915022,5000,11,0,487,535,48,6.3,3.8,10.1,FALSE,"セーフハーバー内"
"ウォンツ ハローズ熊野モール店",34.3319815,132.5760044,5000,23,0,291,352,61,8.7,3.5,12.2,FALSE,"セーフハーバー内"
"ウォンツ 黒瀬店",34.3256738,132.6648903,5000,7,0,628,628,0,0,3.6,3.6,FALSE,"セーフハーバー内"
"くすりのレデイ 黒瀬店",34.320737,132.66807799999998,5000,7,0,628,628,0,0,3.6,3.6,FALSE,"セーフハーバー内"
"ウォンツ 竹原店",34.345780399999995,132.9059564,5000,15,0,441,480,39,9.9,2,11.9,FALSE,"セーフハーバー内"
"くすりのレデイ フジ竹原店",34.347652,132.90263769999999,5000,15,0,441,480,39,9.9,2,11.9,FALSE,"セーフハーバー内"
"ウォンツ 徳佐店",34.3942876,131.7185638,5000,4,0,1735,1735,0,0,4.1,4.1,FALSE,"セーフハーバー内"
"ウォンツ 五日市コイン通り店",34.3671551,132.35502119999998,5000,36,0,308,458,151,11.9,6.3,18.2,FALSE,"セーフハーバー内"
"ウォンツ 佐方店",34.366728099999996,132.34417159999998,5000,33,0,268,401,132,8.3,7.9,16.3,FALSE,"セーフハーバー内"
"ウォンツ 皆賀店",34.3756773,132.36747889999998,5000,34,0,398,609,211,14.8,7.2,21.9,FALSE,"セーフハーバー内"
"くすりのレデイ 五日市店",34.379037,132.360751,5000,34,0,391,599,208,14.6,7.1,21.7,FALSE,"セーフハーバー内"
"ウォンツ 海老園店",34.3604367,132.3586142,5000,33,0,292,428,136,10.7,6.4,17.1,FALSE,"セーフハーバー内"
"ウォンツ 波出石店",34.382104999999996,132.3557525,5000,32,0,354,528,174,13.2,6.6,19.8,FALSE,"セーフハーバー内"
"ウォンツ 八幡西店",34.3862101,132.3632437,5000,31,0,441,673,232,15.9,7.3,23.2,FALSE,"セーフハーバー内"
"ウォンツ 八幡３号店",34.3926304,132.35756609999999,5000,30,0,391,580,189,14.2,6.6,20.9,FALSE,"セーフハーバー内"
"ウォンツ 海老山店",34.3653914,132.36571469999998,5000,34,0,349,540,191,12.6,7.6,20.2,FALSE,"セーフハーバー内"
"ウォンツ 井口明神店",34.3733729,132.3896642,5000,31,0,473,783,310,15.7,9.9,25.6,FALSE,"セーフハーバー内"
"ウォンツ 庚午中店",34.3827079,132.4104655,5000,39,1,440,717,278,16.3,8.5,24.8,FALSE,"セーフハーバー内"
"くすりのレデイ 庚午南店",34.378479000000006,132.410003,5000,40,1,387,633,245,14.5,8.5,22.9,FALSE,"セーフハーバー内"
"くすりのレデイ 井口店",34.366802,132.380329,5000,33,0,366,568,203,13,7.8,20.8,FALSE,"セーフハーバー内"
"（株）ツルハグループ ドラッグ＆ファーマシー西日本",34.3732773,132.389583,5000,31,0,473,783,310,15.7,9.9,25.6,FALSE,"セーフハーバー内"
"ウォンツ薬局 庚午中店",34.3833266,132.4113538,5000,41,1,463,737,274,17.4,7.9,25.3,FALSE,"セーフハーバー内"
"ウォンツ 舟入町店",34.389715699999996,132.4448531,5000,44,1,590,956,365,20.8,8.8,29.6,FALSE,"セーフハーバー内"
"ウォンツ 小町店",34.3883416,132.4587812,5000,49,1,455,771,316,17.1,9.2,26.3,FALSE,"セーフハーバー内"
"ウォンツ 吉島店",34.372907399999995,132.44518739999998,5000,39,1,555,909,354,19.5,9.1,28.6,FALSE,"セーフハーバー内"
"ウォンツ 西観音店",34.3928838,132.4356374,5000,46,1,492,803,311,18.4,8.4,26.8,FALSE,"セーフハーバー内"
"ウォンツ 舟入市民病院前店",34.3863882,132.4401191,5000,45,1,525,867,342,19,9,28,FALSE,"セーフハーバー内"
"ウォンツ 観音店",34.3824548,132.4294592,5000,44,1,587,931,344,20.9,8.2,29.1,FALSE,"セーフハーバー内"
"ウォンツ 本通店",34.392869,132.4591171,5000,53,1,439,732,293,17.1,8.6,25.7,FALSE,"セーフハーバー内"
"ウォンツ 己斐本町店",34.3928899,132.4251505,5000,46,1,632,966,333,22.2,7.5,29.7,FALSE,"セーフハーバー内"
"くすりのレデイ 南観音店",34.38164,132.43204599999999,5000,44,1,597,956,360,21,8.6,29.5,FALSE,"セーフハーバー内"
"ウォンツ 中広町1丁目店",34.4003562,132.443397,5000,47,1,556,895,340,20,8.5,28.5,FALSE,"セーフハーバー内"
"ウォンツ 幟町店",34.396627699999996,132.46838309999998,5000,60,1,405,669,264,16.6,7.9,24.5,FALSE,"セーフハーバー内"
"ウォンツ 愛宕店",34.3966086,132.48177529999998,5000,57,1,391,637,246,16.2,7.6,23.8,FALSE,"セーフハーバー内"
"ウォンツ 東雲本町店",34.3833538,132.4852764,5000,51,1,389,627,239,16.1,7.4,23.5,FALSE,"セーフハーバー内"
"ウォンツ 光町店",34.4004666,132.4790545,5000,58,2,434,716,283,17.3,8.2,25.5,FALSE,"セーフハーバー内"
"ウォンツ銀山店",34.3935773,132.46663329999998,5000,56,1,358,589,231,15.1,7.7,22.7,FALSE,"セーフハーバー内"
"ウォンツ 段原店",34.385526399999996,132.4769284,5000,50,1,377,627,249,15.3,8.2,23.4,FALSE,"セーフハーバー内"
"ウォンツ 府中浜田店",34.387698199999996,132.508508,5000,47,0,292,460,168,12.8,6.6,19.4,FALSE,"セーフハーバー内"
"ウォンツ 海田栄町店",34.3624108,132.53442619999998,5000,35,0,200,265,65,5.9,5.5,11.4,FALSE,"セーフハーバー内"
"ウォンツ 府中本町店",34.397545,132.5054926,5000,48,0,472,727,256,18.6,6.9,25.5,FALSE,"セーフハーバー内"
"ウォンツ 東本浦店",34.3751649,132.4918047,5000,56,0,290,468,178,13.2,6.7,19.9,FALSE,"セーフハーバー内"
"ウォンツ 船越店",34.3743818,132.5286226,5000,39,0,227,336,109,8.7,6.3,15,FALSE,"セーフハーバー内"
"ウォンツ 大州店",34.387552,132.4937201,5000,56,1,347,556,209,15.1,6.9,22,FALSE,"セーフハーバー内"
"ウォンツ 府中新地店",34.3832094,132.500551,5000,51,0,290,466,176,13,6.8,19.8,FALSE,"セーフハーバー内"
"くすりのレデイ 海田店",34.363852,132.53888,5000,34,0,190,238,48,4,6,10,FALSE,"セーフハーバー内"
"ウォンツ 海田栄町薬局",34.3624326,132.5344524,5000,35,0,200,265,65,5.9,5.5,11.4,FALSE,"セーフハーバー内"
"ウォンツ 西条御薗宇店",34.399121199999996,132.7386224,5000,20,0,252,279,27,3.1,4.3,7.4,FALSE,"セーフハーバー内"
"くすりのレデイ 下見店",34.407095999999996,132.70675400000002,5000,21,0,211,235,24,2.7,4.3,7.1,FALSE,"セーフハーバー内"
"ウォンツ 三原宮浦店",34.395142,133.064539,5000,24,1,268,298,30,6.5,2.3,8.8,FALSE,"セーフハーバー内"
"ウォンツ 三原古浜店",34.397766,133.08955269999998,5000,25,1,265,294,29,6.3,2.3,8.6,FALSE,"セーフハーバー内"
"ウォンツ アクロスプラザ三原店",34.395688,133.0798534,5000,24,1,270,301,31,6.5,2.4,8.8,FALSE,"セーフハーバー内"
"くすりのレデイ 三原店",34.3925777,133.07837949999998,5000,24,1,270,301,31,6.5,2.4,8.8,FALSE,"セーフハーバー内"
"ウォンツ 向島店",34.3941302,133.1938528,5000,35,1,179,181,2,2.6,0.4,3.1,FALSE,"セーフハーバー内"
"ウォンツ 下河内店",34.4060874,132.3542156,5000,23,0,419,632,213,12.3,8.6,21,FALSE,"セーフハーバー内"
"ウォンツ フレスポ西風新都店",34.446010199999996,132.3789237,5000,13,0,477,657,180,13.9,6.5,20.4,FALSE,"セーフハーバー内"
"ウォンツ フレスポ西風新都薬局",34.4459911,132.37895229999998,5000,13,0,477,657,180,13.9,6.5,20.4,FALSE,"セーフハーバー内"
"ウォンツ 三篠店",34.418436199999995,132.45612260000001,5000,53,2,550,898,348,20.1,8.6,28.8,FALSE,"セーフハーバー内"
"ウォンツ 祇園店",34.4414611,132.4600591,5000,47,2,417,696,278,15.8,8.8,24.6,FALSE,"セーフハーバー内"
"ウォンツ 白島店",34.4058541,132.4598675,5000,56,2,514,862,349,19,9.2,28.2,FALSE,"セーフハーバー内"
"ウォンツ 中広通り店",34.3992895,132.4410097,5000,45,1,588,931,343,20.9,8.2,29.1,FALSE,"セーフハーバー内"
"ウォンツ 長束店",34.431781099999995,132.4608165,5000,51,2,431,727,295,16.7,8.9,25.5,FALSE,"セーフハーバー内"
"ウォンツ 楠木店",34.412718999999996,132.4596306,5000,57,2,543,895,352,20,8.8,28.8,FALSE,"セーフハーバー内"
"ウォンツ 十日市店",34.3973979,132.44908379999998,5000,51,1,544,870,326,20,8.2,28.1,FALSE,"セーフハーバー内"
"ウォンツ 己斐上店",34.4075997,132.4202036,5000,45,1,506,793,286,19.1,7.5,26.6,FALSE,"セーフハーバー内"
"ウォンツ 伴中央店",34.4525989,132.4051881,5000,17,0,445,652,206,14.4,7.2,21.5,FALSE,"セーフハーバー内"
"ウォンツ 中須店",34.459725,132.4739432,5000,40,1,412,691,279,14.6,9.6,24.2,FALSE,"セーフハーバー内"
"ウォンツ 戸坂店",34.436715,132.4858931,5000,55,1,443,725,282,17.3,8.1,25.5,FALSE,"セーフハーバー内"
"ウォンツ福田店",34.4550048,132.5458098,5000,17,0,461,595,133,9.1,7.3,16.4,FALSE,"セーフハーバー内"
"ウォンツ 馬木店",34.4405231,132.5321339,5000,25,0,425,633,208,14.1,7.4,21.5,FALSE,"セーフハーバー内"
"ウォンツ 下温品店",34.4143562,132.5087925,5000,41,1,368,599,231,14,8.2,22.3,FALSE,"セーフハーバー内"
"ウォンツ フォレオ広島東店",34.4080067,132.50348449999998,5000,44,1,354,580,226,14.2,8,22.2,FALSE,"セーフハーバー内"
"ウォンツ 戸坂薬局",34.436712899999996,132.4859022,5000,55,1,443,725,282,17.3,8.1,25.5,FALSE,"セーフハーバー内"
"ウォンツ 府中本町薬局",34.3975221,132.50551009999998,5000,47,0,483,747,263,18.9,7,25.9,FALSE,"セーフハーバー内"
"ウォンツ 八本松店",34.447406099999995,132.69962750000002,5000,14,2,301,337,36,5.6,3.2,8.8,FALSE,"セーフハーバー内"
"ウォンツ 西条御条店",34.4220214,132.7454357,5000,26,0,185,204,19,2.3,4.2,6.5,FALSE,"セーフハーバー内"
"ウォンツ 西条西店",34.438635100000006,132.7202675,5000,22,2,214,246,32,3.7,4.3,8,FALSE,"セーフハーバー内"
"ウォンツ 西条助実店",34.423437299999996,132.7537244,5000,26,0,199,239,40,4.7,4.2,8.9,FALSE,"セーフハーバー内"
"くすりのレデイ 広島西条店",34.42849,132.729701,5000,24,2,198,225,27,3.4,3.9,7.4,FALSE,"セーフハーバー内"
"くすりのレデイ 東広島店",34.406756,132.749967,5000,22,0,232,254,23,2.8,4,6.8,FALSE,"セーフハーバー内"
"ウォンツ 高屋店",34.4494781,132.7845882,5000,16,0,293,318,25,4,3.2,7.2,FALSE,"セーフハーバー内"
"くすりのウェルネス 広島空港店",34.4401705,132.9183473,5000,5,0,1417,1417,0,0,3.3,3.3,FALSE,"セーフハーバー内"
"ウォンツ 三成店",34.449429099999996,133.1971686,5000,21,1,255,261,5,4,0.7,4.7,FALSE,"セーフハーバー内"
"ウォンツ 福山松永店",34.445762099999996,133.252917,5000,19,0,239,239,0,0,1.3,1.3,FALSE,"セーフハーバー内"
"ウォンツ 福山松永薬局",34.445762099999996,133.252917,5000,19,0,239,239,0,0,1.3,1.3,FALSE,"セーフハーバー内"
"ウォンツ 沼田伴店",34.4636213,132.4119703,5000,20,0,393,605,212,12.3,8.6,20.9,FALSE,"セーフハーバー内"
"ウォンツ 沼田伴薬局",34.4636701,132.4119601,5000,20,0,393,605,212,12.3,8.6,20.9,FALSE,"セーフハーバー内"
"くすりのレデイ 上安店",34.4738565,132.4487368,5000,34,1,322,519,198,10.3,9.6,19.9,FALSE,"セーフハーバー内"
"ウォンツ 長楽寺店",34.4731711,132.4305341,5000,26,0,423,672,248,14.8,8.4,23.2,FALSE,"セーフハーバー内"
"ウォンツ 安古市店",34.4690279,132.4592249,5000,42,1,380,639,259,13.8,9.4,23.2,FALSE,"セーフハーバー内"
"ウォンツ 大町西店",34.466786,132.46077599999998,5000,43,1,371,621,250,13.5,9.2,22.8,FALSE,"セーフハーバー内"
"くすりのレデイ 長楽寺店",34.470844,132.431952,5000,29,1,390,617,227,14,8.1,22.1,FALSE,"セーフハーバー内"
"ウォンツ 伴東店",34.4651187,132.42012309999998,5000,25,0,453,742,289,15.1,9.6,24.7,FALSE,"セーフハーバー内"
"くすりのレデイ 毘沙門店",34.476547,132.46147,5000,39,1,339,564,225,11.2,10.1,21.2,FALSE,"セーフハーバー内"
"ウォンツ薬局 相田店",34.4701423,132.4570627,5000,42,1,374,623,249,13.8,9.1,22.8,FALSE,"セーフハーバー内"
"レデイ薬局 長楽寺店",34.470844,132.431952,5000,29,1,390,617,227,14,8.1,22.1,FALSE,"セーフハーバー内"
"ウォンツ 八木店",34.4819507,132.4968209,5000,38,2,266,412,146,9.7,7.5,17.2,FALSE,"セーフハーバー内"
"ウォンツ 緑井店",34.4688547,132.46849170000002,5000,41,1,395,656,261,14.3,9.1,23.4,FALSE,"セーフハーバー内"
"ウォンツ 東原店",34.4432678,132.48236509999998,5000,52,1,438,713,275,17,8.1,25.1,FALSE,"セーフハーバー内"
"ウォンツ 西原６丁目店",34.4405256,132.46881639999998,5000,54,2,459,738,278,17.9,7.8,25.7,FALSE,"セーフハーバー内"
"くすりのレデイ 川内店",34.471779,132.48769400000003,5000,40,2,456,724,268,16.9,7.9,24.8,FALSE,"セーフハーバー内"
"ウォンツ 西原店",34.4454085,132.4689584,5000,49,1,428,700,272,16.5,8.2,24.7,FALSE,"セーフハーバー内"
"ウォンツ 口田店",34.464876499999995,132.5026735,5000,38,2,380,624,244,13.7,8.9,22.6,FALSE,"セーフハーバー内"
"ウォンツ 高陽落合店",34.472807599999996,132.5128061,5000,34,1,318,497,179,10.8,8.3,19.1,FALSE,"セーフハーバー内"
"ウォンツ 高陽矢口店",34.464198100000004,132.49590630000003,5000,39,1,414,690,277,14.8,9.4,24.1,FALSE,"セーフハーバー内"
"ウォンツ フジ古市店",34.452821799999995,132.4672755,5000,46,1,433,717,285,16.1,8.8,24.9,FALSE,"セーフハーバー内"
"ウォンツ 八木城南店",34.4760832,132.4898368,5000,36,2,433,707,274,15.8,8.7,24.5,FALSE,"セーフハーバー内"
"ウォンツ アクロスプラザ高陽店",34.4815937,132.52929749999998,5000,28,1,276,380,104,8,6.5,14.5,FALSE,"セーフハーバー内"
"ウォンツ 口田薬局",34.4649029,132.5026624,5000,38,2,380,624,244,13.7,8.9,22.6,FALSE,"セーフハーバー内"
"ウォンツ 福田薬局",34.4548887,132.54574209999998,5000,17,0,461,595,133,9.1,7.3,16.4,FALSE,"セーフハーバー内"
"ウォンツ 高屋薬局",34.449464,132.7846389,5000,16,0,293,318,25,4,3.2,7.2,FALSE,"セーフハーバー内"
"ウォンツ 福山野上店",34.4747048,133.3670362,5000,47,1,114,118,3,1.8,0.9,2.7,FALSE,"セーフハーバー内"
"ウォンツ 福山野上薬局",34.4747048,133.3670362,5000,47,1,114,118,3,1.8,0.9,2.7,FALSE,"セーフハーバー内"
"ウォンツ 福山御船店",34.4882697,133.36949339999998,5000,48,1,112,116,3,1.8,0.9,2.6,FALSE,"セーフハーバー内"
"ウォンツ 福山伊勢丘店",34.503021499999996,133.4224341,5000,25,1,210,217,7,3.3,1.1,4.4,FALSE,"セーフハーバー内"
"ウォンツ 亀山店",34.5244243,132.4995772,5000,19,1,354,445,92,11.1,4.1,15.2,FALSE,"セーフハーバー内"
"ウォンツ 可部店",34.5217209,132.5133208,5000,22,1,367,476,109,12.8,4.3,17,FALSE,"セーフハーバー内"
"ウォンツ薬局 安佐市民病院店",34.5169637,132.4962468,5000,23,1,366,486,119,12.5,4.8,17.3,FALSE,"セーフハーバー内"
"ウォンツ 三入店",34.5374397,132.5246304,5000,16,1,408,508,100,12.6,4,16.6,FALSE,"セーフハーバー内"
"ウォンツ フジ三入店",34.5407577,132.5268475,5000,16,1,408,508,100,12.6,4,16.6,FALSE,"セーフハーバー内"
"ウォンツ 白木店",34.5522516,132.6630352,5000,2,0,1946,1946,0,0,5.9,5.9,FALSE,"セーフハーバー内"
"ウォンツ 御調店",34.512475699999996,133.14402769999998,5000,3,0,1279,1279,0,0,3.9,3.9,FALSE,"セーフハーバー内"
"ウォンツ 福山駅家店",34.544408,133.3289666,5000,35,0,177,200,24,4.1,2.9,7,FALSE,"セーフハーバー内"
"ウォンツ ハピアス駅家店",34.5374407,133.33230799999998,5000,37,0,173,194,21,3.9,2.7,6.6,FALSE,"セーフハーバー内"
"くすりのレデイ 神辺店",34.546161999999995,133.357011,5000,32,0,209,250,41,6.7,3.1,9.8,FALSE,"セーフハーバー内"
"ウォンツ アクロスプラザ神辺店",34.5476429,133.3818789,5000,25,0,291,370,79,10.6,3.7,14.3,FALSE,"セーフハーバー内"
"ウォンツ 福山幕山店",34.5135594,133.43439519999998,5000,22,1,246,247,2,0.6,1.3,1.9,FALSE,"セーフハーバー内"
"ウォンツ 飯室店",34.559501499999996,132.44832340000002,5000,6,0,949,1008,59,12.2,2.4,14.6,FALSE,"セーフハーバー内"
"ウォンツ 世羅店",34.5853597,133.0384655,5000,9,0,689,718,29,8.5,1.7,10.2,FALSE,"セーフハーバー内"
"ウォンツ 府中店",34.5659001,133.2494644,5000,27,0,218,218,0,0,1.1,1.1,FALSE,"セーフハーバー内"
"ウォンツ 府中高木店",34.5640984,133.2438467,5000,26,0,222,222,0,0,1.1,1.1,FALSE,"セーフハーバー内"
"ウォンツ 福山加茂店",34.5570786,133.3457716,5000,35,0,196,233,36,6.2,2.9,9.1,FALSE,"セーフハーバー内"
"ウォンツ 福山駅家薬局",34.544446,133.328982,5000,35,0,177,200,24,4.1,2.9,7,FALSE,"セーフハーバー内"
"ウォンツ 福山加茂薬局",34.5572531,133.34565700000002,5000,35,0,198,234,37,6.3,2.9,9.2,FALSE,"セーフハーバー内"
"ウェルネス 益田中吉田店",34.6878849,131.84116029999998,5000,29,3,250,272,22,6.9,1.6,8.5,FALSE,"セーフハーバー内"
"ウェルネス 益田高津店",34.6898407,131.82218319999998,5000,30,3,248,269,21,6.8,1.6,8.3,FALSE,"セーフハーバー内"
"ウェルネス薬局 益田日赤病院前店",34.682665799999995,131.8421597,5000,30,3,244,265,21,6.7,1.5,8.2,FALSE,"セーフハーバー内"
"ウォンツ 千代田店",34.6759984,132.5391467,5000,7,0,816,816,0,0,4.1,4.1,FALSE,"セーフハーバー内"
"ウォンツ 千代田薬局",34.675976399999996,132.5391425,5000,7,0,816,816,0,0,4.1,4.1,FALSE,"セーフハーバー内"
"ウォンツ 吉田店",34.6655516,132.7054483,5000,4,0,936,936,0,0,2.9,2.9,FALSE,"セーフハーバー内"
"ウォンツ 上下店",34.7042717,133.1086384,5000,6,0,1078,1078,0,0,2.6,2.6,FALSE,"セーフハーバー内"
"ウォンツ 三次十日市店",34.8026164,132.85262,5000,17,0,297,297,0,0,5.3,5.3,FALSE,"セーフハーバー内"
"ウォンツ フレスポ三次プラザ店",34.8032379,132.8506371,5000,17,0,297,297,0,0,5.3,5.3,FALSE,"セーフハーバー内"
"ウォンツ フレスポ三次プラザ薬局",34.8032379,132.8506371,5000,17,0,297,297,0,0,5.3,5.3,FALSE,"セーフハーバー内"
"ウォンツ 三次東店",34.8054949,132.8757223,5000,18,0,282,282,0,0,5.1,5.1,FALSE,"セーフハーバー内"
"ウォンツ 三次店",34.8050047,132.871296,5000,18,0,282,282,0,0,5.1,5.1,FALSE,"セーフハーバー内"
"ウォンツ 三次東薬局",34.8054948,132.8757041,5000,18,0,282,282,0,0,5.1,5.1,FALSE,"セーフハーバー内"
"ウォンツ 三次薬局",34.8049879,132.8712833,5000,18,0,282,282,0,0,5.1,5.1,FALSE,"セーフハーバー内"
"ウォンツ 庄原板橋店",34.8487486,133.01662059999998,5000,7,0,731,731,0,0,3.9,3.9,FALSE,"セーフハーバー内"
"ウォンツ 庄原店",34.8569646,133.00847729999998,5000,6,0,780,780,0,0,4.3,4.3,FALSE,"セーフハーバー内"
"ウェルネス 浜田西店",34.865696299999996,132.02672379999998,5000,8,0,689,689,0,0,1.8,1.8,FALSE,"セーフハーバー内"
"ウェルネス 片庭店",34.8986794,132.07269879999998,5000,21,2,270,274,4,1.4,1.4,2.8,FALSE,"セーフハーバー内"
"ウェルネス 浜田医療センター前店",34.9035448,132.0861007,5000,25,2,241,244,3,1.2,1.2,2.4,FALSE,"セーフハーバー内"
"ウォンツ 東城店",34.8939406,133.2760677,5000,6,0,944,944,0,0,2.4,2.4,FALSE,"セーフハーバー内"
"ウェルネス 江津店",35.0015821,132.2011914,5000,8,0,588,588,0,0,3.3,3.3,FALSE,"セーフハーバー内"
"ウェルネス 嘉久志店",35.0070694,132.2126219,5000,8,0,605,605,0,0,3.3,3.3,FALSE,"セーフハーバー内"
"ウェルネス 川本店",34.9637983,132.4726719,5000,5,1,1251,1270,19,3.1,3.1,6.2,FALSE,"セーフハーバー内"
"ウェルネス 大田中央店",35.1969706,132.5009577,5000,11,0,464,523,59,6.1,4.9,11,FALSE,"セーフハーバー内"
"ウェルネス 大田店",35.1986317,132.4904949,5000,11,0,464,523,59,6.1,4.9,11,FALSE,"セーフハーバー内"
"ウェルネス 大田薬局",35.1986649,132.4905841,5000,11,0,464,523,59,6.1,4.9,11,FALSE,"セーフハーバー内"
"ウェルネス薬局 大田中央店",35.1969706,132.5009577,5000,11,0,464,523,59,6.1,4.9,11,FALSE,"セーフハーバー内"
"ウェルネス 掛合店",35.2023432,132.814857,5000,3,0,2462,2462,0,0,5.6,5.6,FALSE,"セーフハーバー内"
"ウェルネス 横田店",35.1774139,133.0876905,5000,15,0,600,600,0,0,1.3,1.3,FALSE,"セーフハーバー内"
"ウェルネス 三刀屋中央店",35.2962189,132.88521230000003,5000,13,1,507,513,6,1.2,2.4,3.6,FALSE,"セーフハーバー内"
"ウェルネス 三刀屋店",35.30141,132.8918837,5000,13,1,496,502,6,1.2,2.4,3.6,FALSE,"セーフハーバー内"
"ウェルネス 神門店",35.3391625,132.7117437,5000,21,2,266,335,68,7.2,4.8,11.9,FALSE,"セーフハーバー内"
"ウェルネス 下古志店",35.3410368,132.73680819999998,5000,24,2,273,374,101,8.9,5.7,14.6,FALSE,"セーフハーバー内"
"ウェルネス 上塩冶店",35.3546694,132.76159579999998,5000,28,2,289,407,118,10.4,5.7,16.1,FALSE,"セーフハーバー内"
"ウェルネス薬局 医大北店",35.355686999999996,132.7582514,5000,29,2,280,391,112,10.1,5.5,15.6,FALSE,"セーフハーバー内"
"ウェルネス 大東店",35.32215,132.96246879999998,5000,9,0,762,762,0,0,3.6,3.6,FALSE,"セーフハーバー内"
"ウェルネス 大東薬局",35.32214,132.9624901,5000,9,0,762,762,0,0,3.6,3.6,FALSE,"セーフハーバー内"
"ウェルネス 出雲大社店",35.3876608,132.69501990000003,5000,15,0,384,420,36,4.8,3.8,8.6,FALSE,"セーフハーバー内"
"ウェルネス 出雲大社薬局",35.387636799999996,132.6948823,5000,15,0,384,420,36,4.8,3.8,8.6,FALSE,"セーフハーバー内"
"ウェルネス 出雲駅南店",35.358614599999996,132.7575439,5000,30,2,270,376,106,9.8,5.4,15.2,FALSE,"セーフハーバー内"
"ウェルネス 出雲駅北店",35.3607709,132.753573,5000,28,2,289,407,118,10.4,5.7,16.1,FALSE,"セーフハーバー内"
"ウェルネス 白枝店",35.366162599999996,132.7336656,5000,32,2,248,353,105,9.1,5.8,14.8,FALSE,"セーフハーバー内"
"ウェルネス 北本町店",35.36895,132.763612,5000,26,2,306,444,138,10.8,6.4,17.2,FALSE,"セーフハーバー内"
"ウェルネス 塩冶店",35.358408,132.746052,5000,28,2,281,395,114,10.2,5.6,15.8,FALSE,"セーフハーバー内"
"ウェルネス 出雲ドーム北店",35.3850963,132.7412103,5000,29,2,286,407,121,10.1,6,16.1,FALSE,"セーフハーバー内"
"ウェルネス 大塚店",35.3787583,132.7509369,5000,27,2,298,414,116,10.8,5.4,16.2,FALSE,"セーフハーバー内"
"ウェルネス 斐川店",35.3865215,132.8082121,5000,13,0,325,366,41,4.5,4.5,9,FALSE,"セーフハーバー内"
"ウェルネス 出雲中野店",35.3806064,132.7688499,5000,25,2,319,457,138,11.3,6.1,17.4,FALSE,"セーフハーバー内"
"ウェルネス 斐川薬局",35.3865336,132.80821749999998,5000,13,0,325,366,41,4.5,4.5,9,FALSE,"セーフハーバー内"
"ウェルネス 平田西店",35.4284916,132.8128788,5000,13,0,339,339,0,0,3.8,3.8,FALSE,"セーフハーバー内"
"ウェルネス 平田中ノ島店",35.4407196,132.8249655,5000,11,0,485,485,0,0,2.5,2.5,FALSE,"セーフハーバー内"
"ウェルネス宍道昭和店",35.4096682,132.9074133,5000,4,0,1197,1197,0,0,6.6,6.6,FALSE,"セーフハーバー内"
"ウェルネス 宍道店",35.4048762,132.9000447,5000,6,0,857,857,0,0,4.6,4.6,FALSE,"セーフハーバー内"
"ウェルネス 玉湯店",35.433628999999996,133.0131793,5000,13,0,389,449,60,5,6,11,FALSE,"セーフハーバー内"
"ウェルネス 乃白店",35.4358255,133.04954,5000,22,0,276,326,50,2.9,8.7,11.6,FALSE,"セーフハーバー内"
"ウェルネス 乃白薬局",35.435838,133.0495604,5000,22,0,276,326,50,2.9,8.7,11.6,FALSE,"セーフハーバー内"
"ウェルネス薬局 メディカルモール田和山店",35.4305732,133.05016369999998,5000,24,0,261,306,45,2.7,8.2,10.9,FALSE,"セーフハーバー内"
"ウェルネス 乃白南店",35.435007399999996,133.05310649999998,5000,24,0,260,304,45,2.7,8.2,10.9,FALSE,"セーフハーバー内"
"ウェルネス 橋南店",35.4565365,133.06716340000003,5000,16,0,348,426,78,3.6,10.8,14.4,FALSE,"セーフハーバー内"
"ウェルネス 東津田店",35.4574017,133.0841623,5000,16,0,340,416,76,3.6,10.7,14.2,FALSE,"セーフハーバー内"
"ウェルネス 上乃木店",35.4467131,133.06139969999998,5000,20,0,300,360,60,3.1,9.8,12.8,FALSE,"セーフハーバー内"
"ウェルネス 古志原店",35.4504495,133.0837991,5000,20,0,310,373,63,3,10.4,13.4,FALSE,"セーフハーバー内"
"ウェルネス 大庭店",35.4354294,133.0846829,5000,20,0,288,346,58,2.9,9.9,12.8,FALSE,"セーフハーバー内"
"ウェルネス 古志原5丁目店",35.44369040000001,133.0802002,5000,20,0,308,370,62,3,10.3,13.3,FALSE,"セーフハーバー内"
"ウェルネス 古志原５丁目店",35.4438161,133.079411,5000,20,0,291,348,56,3.1,9.2,12.3,FALSE,"セーフハーバー内"
"ウェルネス東津田店",35.4574363,133.0841864,5000,16,0,340,416,76,3.6,10.7,14.2,FALSE,"セーフハーバー内"
"ウェルネス 馬潟店",35.4442896,133.11325109999999,5000,23,0,289,379,90,5.9,7.6,13.5,FALSE,"セーフハーバー内"
"ウェルネス薬局 メディカルモール大庭店",35.4311144,133.0865193,5000,20,0,290,348,58,2.9,10,12.9,FALSE,"セーフハーバー内"
"ウェルネス 大庭薬局",35.4354221,133.0846837,5000,20,0,288,346,58,2.9,9.9,12.8,FALSE,"セーフハーバー内"
"ウェルネス イオン米子駅前店",35.422720999999996,133.332936,5000,31,1,172,217,45,4.4,5.1,9.5,FALSE,"セーフハーバー内"
"くすりのレデイ 愛南店",32.9594902,132.5717365,5000,15,0,471,483,12,5.4,1.1,6.5,FALSE,"セーフハーバー内"
"くすりのレデイ 宿毛店",32.928822,132.70772499999998,5000,14,0,501,529,27,5.8,2.3,8.2,FALSE,"セーフハーバー内"
"くすりのレデイ 宿毛長田店",32.935894999999995,132.719199,5000,14,0,501,529,27,5.8,2.3,8.2,FALSE,"セーフハーバー内"
"くすりのレデイ 中村店",32.989008,132.93861400000003,5000,21,0,289,317,28,6.8,2,8.9,FALSE,"セーフハーバー内"
"ツルハドラッグ 四万十店",32.9798036,132.9217691,5000,20,0,300,330,30,7.1,2.1,9.2,FALSE,"セーフハーバー内"
"くすりのレデイ 四万十店",32.98005,132.92036299999998,5000,20,0,300,330,30,7.1,2.1,9.2,FALSE,"セーフハーバー内"
"くすりのレデイ 寄松店",33.204022,132.55487399999998,5000,22,0,654,764,110,21.9,2.5,24.4,FALSE,"セーフハーバー内"
"くすりのレデイ宇和島新町店",33.2220382,132.5670591,5000,21,0,680,796,116,22.5,2.6,25.1,FALSE,"セーフハーバー内"
"くすりのレデイ 宇和島中央店",33.221863899999995,132.56006349999998,5000,21,0,680,796,116,22.5,2.6,25.1,FALSE,"セーフハーバー内"
"くすりのレデイ グラン北宇和島店",33.237269999999995,132.568285,5000,20,0,603,713,110,20.3,2.7,23,FALSE,"セーフハーバー内"
"くすりのレデイ 鬼北店",33.251222999999996,132.681718,5000,6,0,888,996,108,11.6,4.7,16.3,FALSE,"セーフハーバー内"
"くすりのレデイ 広見店",33.256372999999996,132.672427,5000,6,0,888,996,108,11.6,4.7,16.3,FALSE,"セーフハーバー内"
"くすりのレデイ 吉田店",33.279388000000004,132.538432,5000,6,1,1261,1352,91,16.6,2.8,19.3,FALSE,"セーフハーバー内"
"くすりのレデイ 宇和インター店",33.358362,132.523538,5000,9,0,527,624,97,7,7,13.9,FALSE,"セーフハーバー内"
"レデイ薬局 宇和インター店",33.358362,132.523538,5000,9,0,527,624,97,7,7,13.9,FALSE,"セーフハーバー内"
"ツルハドラッグ 中土佐久礼店",33.3348508,133.22422889999999,5000,6,0,1295,1379,84,14.5,2.9,17.4,FALSE,"セーフハーバー内"
"くすりのレデイ れんげ店",33.384235,132.501868,5000,9,0,520,616,96,6.9,6.9,13.8,FALSE,"セーフハーバー内"
"レデイ薬局 れんげ店",33.384235,132.501868,5000,9,0,520,616,96,6.9,6.9,13.8,FALSE,"セーフハーバー内"
"くすりのレデイ 宇和店",33.361001,132.515454,5000,10,0,503,588,85,6.5,6.5,13,FALSE,"セーフハーバー内"
"ツルハドラッグ 須崎西店",33.3886815,133.2792065,5000,17,0,400,416,16,8.9,0.9,9.8,FALSE,"セーフハーバー内"
"くすりのレデイ 松柏店",33.46095,132.440616,5000,17,0,306,329,24,7.7,1.5,9.2,FALSE,"セーフハーバー内"
"くすりのレデイ 北浜店",33.462157,132.420709,5000,19,0,293,313,21,7.2,1.4,8.6,FALSE,"セーフハーバー内"
"くすりのレデイ 西大洲店",33.504301,132.527698,5000,12,0,380,423,43,5.2,4.2,9.4,FALSE,"セーフハーバー内"
"ツルハドラッグ 佐川中央店",33.5015236,133.2958768,5000,8,0,715,781,66,9.1,3.6,12.7,FALSE,"セーフハーバー内"
"ツルハドラッグ 高岡東店",33.494715299999996,133.4378415,5000,17,0,348,355,8,4.4,0.9,5.3,FALSE,"セーフハーバー内"
"ツルハドラッグ 高知長浜店",33.4963652,133.5453533,5000,13,0,392,403,11,5.3,1.1,6.3,FALSE,"セーフハーバー内"
"くすりのレデイ 大洲店",33.517247999999995,132.548827,5000,16,0,303,329,26,4.1,3.3,7.3,FALSE,"セーフハーバー内"
"くすりのレデイ 東大洲店",33.5279125,132.5641745,5000,18,0,281,304,22,3.7,3,6.7,FALSE,"セーフハーバー内"
"レデイ薬局 とみす店",33.5164973,132.5559413,5000,16,0,295,321,26,4,3.2,7.2,FALSE,"セーフハーバー内"
"くすりのレデイ 内子店",33.548656,132.651152,5000,8,0,659,689,31,8.7,1.7,10.5,FALSE,"セーフハーバー内"
"ツルハドラッグ 佐川店",33.51124,133.276061,5000,12,0,491,522,30,6.2,2.5,8.6,FALSE,"セーフハーバー内"
"ツルハドラッグ 日高店",33.5339923,133.3686526,5000,4,0,1387,1387,0,0,3.6,3.6,FALSE,"セーフハーバー内"
"ツルハドラッグ いの店",33.550745,133.44244,5000,20,1,266,268,2,0.7,1.4,2.1,FALSE,"セーフハーバー内"
"ツルハドラッグ 高知西店",33.542110099999995,133.49957799999999,5000,39,0,138,151,13,5,1.3,6.3,FALSE,"セーフハーバー内"
"ツルハドラッグ 朝倉店",33.5438158,133.4858625,5000,34,0,165,176,10,4.1,1.2,5.4,FALSE,"セーフハーバー内"
"ツルハドラッグ 桟橋店",33.5514484,133.5459415,5000,47,0,225,265,40,11.5,1.7,13.3,FALSE,"セーフハーバー内"
"くすりのレデイ 葛島店",33.5582701,133.56549350000003,5000,38,0,276,322,46,12.7,1.8,14.5,FALSE,"セーフハーバー内"
"ツルハドラッグ 高知和泉店",33.5708615,133.53897849999998,5000,42,0,270,321,50,13,1.9,14.9,FALSE,"セーフハーバー内"
"ツルハドラッグ 高知比島店",33.5697949,133.5494132,5000,42,0,243,282,39,11.6,1.7,13.3,FALSE,"セーフハーバー内"
"くすりのレデイ 高知駅前店",33.56808,133.544823,5000,43,0,230,266,36,11.2,1.6,12.8,FALSE,"セーフハーバー内"
"ツルハドラッグ 南国中央店",33.5750926,133.6402937,5000,17,0,343,393,49,11.1,2.2,13.3,FALSE,"セーフハーバー内"
"ツルハドラッグ 南国岡豊店",33.5977076,133.6136238,5000,18,0,421,484,63,14.5,2.2,16.7,FALSE,"セーフハーバー内"
"ツルハドラッグ 南国店",33.5672013,133.6481958,5000,18,0,273,312,39,7,2.8,9.8,FALSE,"セーフハーバー内"
"くすりのレデイ 土佐山田店",33.602720999999995,133.686661,5000,16,0,307,332,25,7.9,1.6,9.4,FALSE,"セーフハーバー内"
"くすりのレデイ 野市店",33.560952,133.696634,5000,9,0,477,532,56,6.8,4.1,10.9,FALSE,"セーフハーバー内"
"レデイいよ米湊調剤薬局",33.7491079,132.70259199999998,5000,22,0,418,493,75,13.7,2.7,16.4,FALSE,"セーフハーバー内"
"くすりのレデイ 砥部宮内店",33.754954,132.78971099999998,5000,21,0,353,388,35,7.6,2.3,9.9,FALSE,"セーフハーバー内"
"くすりのレデイ フジ伊予店",33.756582699999996,132.7039969,5000,26,0,354,411,57,11.9,2.4,14.3,FALSE,"セーフハーバー内"
"くすりのレデイ 松前筒井店",33.78949,132.70598999999999,5000,33,3,292,354,62,12.1,2.6,14.7,FALSE,"セーフハーバー内"
"くすりのレデイ 松前店",33.79102290000001,132.7174066,5000,41,4,421,521,99,17.5,2.8,20.3,FALSE,"セーフハーバー内"
"くすりのレデイ 椿店",33.808411,132.766598,5000,52,3,589,887,298,21.8,6.8,28.6,FALSE,"セーフハーバー内"
"くすりのレデイ 砥部店",33.785047999999996,132.785712,5000,46,1,472,657,185,18.6,5,23.6,FALSE,"セーフハーバー内"
"レデイ薬局森松店",33.795727,132.79601,5000,49,2,475,671,196,18.9,5.2,24.1,FALSE,"セーフハーバー内"
"レデイ薬局 椿店",33.808411,132.766598,5000,52,3,589,887,298,21.8,6.8,28.6,FALSE,"セーフハーバー内"
"くすりのレデイ 鷹子店",33.809062,132.81367000000003,5000,44,3,435,631,196,17.5,5.6,23.1,FALSE,"セーフハーバー内"
"くすりのレデイ グラン重信店",33.796032,132.83551,5000,36,2,399,561,162,16.2,5,21.2,FALSE,"セーフハーバー内"
"レデイ薬局 鷹子店",33.809062,132.81367000000003,5000,44,3,435,631,196,17.5,5.6,23.1,FALSE,"セーフハーバー内"
"レデイ薬局 グラン重信店",33.796126,132.835455,5000,36,2,399,561,162,16.2,5,21.2,FALSE,"セーフハーバー内"
"くすりのレデイ 志津川店",33.798015,132.87533,5000,19,2,442,527,85,15.3,2.8,18.1,FALSE,"セーフハーバー内"
"くすりのレデイ 見奈良店",33.791581799999996,132.8798682,5000,19,2,442,527,85,15.3,2.8,18.1,FALSE,"セーフハーバー内"
"くすりのレデイ 垣生店",33.809208,132.70318799999998,5000,25,3,497,636,139,18.1,3.8,21.9,FALSE,"セーフハーバー内"
"レデイ薬局 垣生店",33.809208,132.70318799999998,5000,25,3,497,636,139,18.1,3.8,21.9,FALSE,"セーフハーバー内"
"くすりのレデイ 藤原店",33.833025,132.759784,5000,53,3,764,1100,336,25.8,6.5,32.3,FALSE,"セーフハーバー内"
"くすりのレデイ 宮西店",33.845227,132.755271,5000,50,3,857,1196,339,27.6,6.2,33.7,FALSE,"セーフハーバー内"
"くすりのレデイ 美沢店",33.850574,132.7478117,5000,48,2,911,1277,365,28.5,6.4,34.9,FALSE,"セーフハーバー内"
"くすりのレデイ 竹原店",33.835041,132.75300099999998,5000,55,5,749,1060,312,25.6,6.1,31.7,FALSE,"セーフハーバー内"
"くすりのレデイ 新空港通り店",33.837568,132.73975199999998,5000,50,4,876,1234,358,27.8,6.4,34.3,FALSE,"セーフハーバー内"
"くすりのレデイ 味酒店",33.8509437,132.7543042,5000,50,2,853,1193,340,27.5,6.2,33.6,FALSE,"セーフハーバー内"
"くすりのレデイ 道後緑台店",33.852595,132.78004099999998,5000,41,3,1035,1469,433,30.3,7.2,37.4,FALSE,"セーフハーバー内"
"くすりのレデイ 道後樋又店",33.853014,132.77236299999998,5000,41,3,1014,1455,442,29.9,7.4,37.3,FALSE,"セーフハーバー内"
"くすりのレデイ 束本店",33.836192000000004,132.78737500000003,5000,48,4,790,1189,398,25.9,7.7,33.6,FALSE,"セーフハーバー内"
"くすりのレデイ平和通り店",33.8473562,132.7639321,5000,50,3,948,1338,391,29.1,6.7,35.8,FALSE,"セーフハーバー内"
"くすりのレデイ 桑原店",33.832282,132.792415,5000,47,4,823,1227,403,26.5,7.6,34.1,FALSE,"セーフハーバー内"
"くすりのレデイ 久米店",33.8096203,132.8063822,5000,49,3,497,692,195,19.8,4.9,24.7,FALSE,"セーフハーバー内"
"くすりのレデイ 平井店",33.811561999999995,132.822236,5000,40,3,418,597,179,16.9,5.3,22.2,FALSE,"セーフハーバー内"
"くすりのレデイ 道後石手店",33.843807,132.798054,5000,44,3,860,1290,430,27,8,34.9,FALSE,"セーフハーバー内"
"くすりのレデイ 松末店",33.82700500000001,132.789561,5000,51,4,737,1095,358,25,7.2,32.1,FALSE,"セーフハーバー内"
"くすりのレデイ 南久米店",33.812309,132.7956184,5000,51,3,597,860,262,22.2,5.9,28.1,FALSE,"セーフハーバー内"
"くすりのレデイ 久米駅前店",33.817226,132.804235,5000,45,3,595,882,287,21.8,6.6,28.4,FALSE,"セーフハーバー内"
"レデイ薬局南久米店",33.8123224,132.7956184,5000,51,3,597,860,262,22.2,5.9,28.1,FALSE,"セーフハーバー内"
"くすりのレデイ 問屋町店",33.8632509,132.7513459,5000,43,1,818,1163,345,26.6,6.5,33.1,FALSE,"セーフハーバー内"
"くすりのレデイ 別府店",33.84827,132.722412,5000,34,3,831,1181,351,26.7,6.6,33.2,FALSE,"セーフハーバー内"
"くすりのレデイ 北斎院店",33.840477,132.728008,5000,41,3,978,1336,358,29.6,6,35.6,FALSE,"セーフハーバー内"
"くすりのレデイ 松江店",33.856578,132.715168,5000,34,3,977,1328,350,29.2,6,35.2,FALSE,"セーフハーバー内"
"くすりのレデイ 姫原店",33.867188999999996,132.758521,5000,43,2,776,1127,352,25.6,6.9,32.5,FALSE,"セーフハーバー内"
"レデイ薬局 日赤前店",33.847649700000005,132.7734602,5000,46,4,930,1341,412,28.6,7.2,35.8,FALSE,"セーフハーバー内"
"レデイ薬局 道後樋又店",33.853014,132.77236299999998,5000,41,3,1014,1455,442,29.9,7.4,37.3,FALSE,"セーフハーバー内"
"くすりのレデイ 松山店",33.844924,132.753133,5000,52,4,826,1149,323,27,6,33,FALSE,"セーフハーバー内"
"くすりのレデイ 丹原店",33.9058288,133.0597649,5000,22,0,432,490,58,14.5,2,16.5,FALSE,"セーフハーバー内"
"くすりのレデイ氷見店",33.896636799999996,133.1258475,5000,14,0,595,630,34,16.4,1,17.5,FALSE,"セーフハーバー内"
"ウォンツ 平生店",33.9401224,132.06828959999999,5000,15,1,443,489,47,13.6,1.7,15.4,FALSE,"セーフハーバー内"
"ウォンツ 周防大島店",33.94693,132.20762539999998,5000,5,0,1108,1108,0,0,2.9,2.9,FALSE,"セーフハーバー内"
"くすりのレデイ 和気店",33.897043,132.736839,5000,19,0,725,894,168,22.7,3.7,26.4,FALSE,"セーフハーバー内"
"レデイ薬局 和気店",33.897043,132.736839,5000,19,0,725,894,168,22.7,3.7,26.4,FALSE,"セーフハーバー内"
"くすりのレデイ 夏目店",33.9453582,132.7750351,5000,11,1,797,903,106,21.1,2.5,23.6,FALSE,"セーフハーバー内"
"くすりのレデイ 東予店",33.932843,133.091941,5000,21,0,430,490,60,14.9,2,16.9,FALSE,"セーフハーバー内"
"くすりのレデイ 東予インター店",33.920750999999996,133.07782899999998,5000,23,0,398,450,52,13.9,1.9,15.8,FALSE,"セーフハーバー内"
"くすりのレデイ神拝店",33.9159047,133.1767441,5000,20,0,278,297,19,6.8,1.4,8.2,FALSE,"セーフハーバー内"
"くすりのレデイ 西条店",33.925205999999996,133.18276,5000,17,0,298,321,23,7.6,1.5,9.1,FALSE,"セーフハーバー内"
"くすりのレデイ 庄内店",33.950567,133.29071,5000,40,6,512,639,126,20.1,3.1,23.2,FALSE,"セーフハーバー内"
"くすりのレデイ 新居浜松木店",33.9411185,133.2944776,5000,41,5,491,613,122,19.5,3.1,22.6,FALSE,"セーフハーバー内"
"くすりのレデイ 新居浜前田店",33.95823,133.267002,5000,37,5,526,651,125,20.1,3.1,23.2,FALSE,"セーフハーバー内"
"くすりのレデイ 新居浜中央店",33.941612,133.29962,5000,40,6,512,639,126,20.1,3.1,23.2,FALSE,"セーフハーバー内"
"くすりのレデイ 中萩店",33.9317136,133.2828079,5000,37,5,516,653,137,19.8,3.5,23.3,FALSE,"セーフハーバー内"
"レデイ薬局新居浜松木店",33.941119,133.294478,5000,41,5,491,613,122,19.5,3.1,22.6,FALSE,"セーフハーバー内"
"くすりのレデイ 船木店",33.939318799999995,133.3233357,5000,31,5,459,584,125,18,3.5,21.5,FALSE,"セーフハーバー内"
"レデイ薬局 新居浜中央店",33.941612,133.29962,5000,40,6,512,639,126,20.1,3.1,23.2,FALSE,"セーフハーバー内"
"ウォンツ 柳井店",33.9658004,132.0998979,5000,14,2,575,670,95,18.6,2.5,21.2,FALSE,"セーフハーバー内"
"ウォンツ フジ柳井店",33.976952499999996,132.1021807,5000,12,1,688,771,83,20.8,2,22.8,FALSE,"セーフハーバー内"
"くすりのレデイ 北条店",33.968441999999996,132.773386,5000,11,1,826,936,110,21.5,2.6,24,FALSE,"セーフハーバー内"
"くすりのレデイ 新居浜店",33.967563,133.283423,5000,37,6,597,748,150,21.9,3.4,25.3,FALSE,"セーフハーバー内"
"くすりのレデイ 三島店",33.982676999999995,133.540852,5000,26,5,317,367,50,11.6,2.2,13.7,FALSE,"セーフハーバー内"
"レデイ薬局 三島金子店",33.98041,133.536765,5000,23,5,359,419,61,12.8,2.4,15.1,FALSE,"セーフハーバー内"
"くすりのレデイ 四国中央店",33.988405,133.5653,5000,29,8,304,349,45,11.8,1.9,13.7,FALSE,"セーフハーバー内"
"くすりのレデイ川之江店",34.0055088,133.5718957,5000,28,8,322,371,49,12.3,2,14.2,FALSE,"セーフハーバー内"
"ウォンツ 由宇店",34.04548700000001,132.212484,5000,5,0,1048,1200,152,13.8,5.5,19.3,FALSE,"セーフハーバー内"
"くすりのレデイ 馬越店",34.053557999999995,132.984138,5000,35,2,469,703,233,18,6.5,24.5,FALSE,"セーフハーバー内"
"くすりのレデイ 高橋店",34.038475,132.974248,5000,33,2,376,556,180,14.9,6,21,FALSE,"セーフハーバー内"
"くすりのレデイ 今治国分店",34.019999,133.017121,5000,25,0,321,467,146,10.6,6.9,17.5,FALSE,"セーフハーバー内"
"くすりのレデイ 松木店",34.0301937,133.0040244,5000,33,2,511,716,205,19.3,5.3,24.6,FALSE,"セーフハーバー内"
"レデイ薬局 馬越店",34.053683,132.983568,5000,35,2,469,703,233,18,6.5,24.5,FALSE,"セーフハーバー内"
"くすりのレデイ 今治衣干店",34.045621000000004,133.013579,5000,33,2,495,732,237,18.7,6.4,25,FALSE,"セーフハーバー内"
"くすりのレデイ 南鳥生店",34.05027,133.00788,5000,33,2,489,723,235,18.6,6.3,24.9,FALSE,"セーフハーバー内"
"くすりのレデイ 喜田村店",34.0454056,133.02039299999998,5000,31,1,329,492,163,13,6.3,19.3,FALSE,"セーフハーバー内"
"レデイ薬局 喜田村店",34.0454056,133.02039299999998,5000,31,1,329,492,163,13,6.3,19.3,FALSE,"セーフハーバー内"
"レデイ薬局 今治東店",34.037898999999996,133.0215595,5000,30,1,339,491,152,13.5,5.6,19.1,FALSE,"セーフハーバー内"
"レデイ薬局 北高下店",34.0525455,133.0111141,5000,33,2,492,728,236,18.6,6.3,25,FALSE,"セーフハーバー内"
"ウォンツ 周東店",34.0901566,132.06195820000002,5000,8,1,778,837,59,18,1.6,19.7,FALSE,"セーフハーバー内"
"ウォンツ 岩国保津店",34.081851,132.20776,5000,4,0,1106,1301,195,15.6,6.2,21.9,FALSE,"セーフハーバー内"
"くすりのレデイ 大西店",34.0659791,132.93471359999998,5000,16,2,835,1050,214,24.1,4.5,28.5,FALSE,"セーフハーバー内"
"くすりのレデイ 南宝来店",34.060794,132.99821,5000,35,2,472,695,223,18.1,6.2,24.3,FALSE,"セーフハーバー内"
"くすりのレデイ 今治中央店",34.061173,133.00160499999998,5000,33,2,502,743,241,18.8,6.4,25.2,FALSE,"セーフハーバー内"
"くすりのレデイ 大新田店",34.081997,132.991231,5000,31,1,470,685,215,17.7,6.1,23.8,FALSE,"セーフハーバー内"
"くすりのレデイ 阿方店",34.062005,132.965566,5000,37,2,383,547,164,15.7,5.2,20.9,FALSE,"セーフハーバー内"
"くすりのレデイ 波止浜店",34.103128,132.967523,5000,15,0,405,490,85,9.2,4.6,13.8,FALSE,"セーフハーバー内"
"レデイ薬局 大新田店",34.081997,132.991231,5000,31,1,470,685,215,17.7,6.1,23.8,FALSE,"セーフハーバー内"
"ウォンツ 南岩国店",34.1354664,132.20279539999999,5000,27,0,209,262,52,7,3.7,10.7,FALSE,"セーフハーバー内"
"ウォンツ フジ南岩国店",34.1314628,132.1992831,5000,24,0,207,250,42,5.1,4.1,9.3,FALSE,"セーフハーバー内"
"ウォンツ 岩国中津店",34.1540099,132.2160485,5000,30,0,198,244,46,6.6,3.5,10.1,FALSE,"セーフハーバー内"
"ウォンツ 岩国中津薬局",34.1540201,132.21601529999998,5000,30,0,198,244,46,6.6,3.5,10.1,FALSE,"セーフハーバー内"
"レデイ薬局 波止浜店",34.103128,132.967523,5000,15,0,405,490,85,9.2,4.6,13.8,FALSE,"セーフハーバー内"
"くすりのレデイ 大島店",34.142238,133.04173699999998,5000,5,0,1577,1577,0,0,3.5,3.5,FALSE,"セーフハーバー内"
"くすりのレデイ 観音寺店",34.127949,133.671126,5000,23,1,366,382,16,13.6,0.6,14.2,FALSE,"セーフハーバー内"
"ウォンツ 岩国多田店",34.1729316,132.1585009,5000,11,0,408,408,0,0,3.4,3.4,FALSE,"セーフハーバー内"
"ウォンツ 西岩国店",34.1640744,132.19539509999998,5000,33,0,182,225,43,6,3.6,9.6,FALSE,"セーフハーバー内"
"ウォンツ 岩国室の木店",34.1700973,132.21313419999998,5000,36,0,168,206,38,5.6,3.4,9,FALSE,"セーフハーバー内"
"ウォンツ 西岩国薬局",34.1640744,132.19539509999998,5000,33,0,182,225,43,6,3.6,9.6,FALSE,"セーフハーバー内"
"ウォンツ 岩国まりふ店",34.1690209,132.2232754,5000,33,0,184,223,40,6.1,3.3,9.3,FALSE,"セーフハーバー内"
"ウォンツ 大柿店",34.1728199,132.4655048,5000,11,0,558,558,0,0,2.8,2.8,FALSE,"セーフハーバー内"
"ウォンツ 江田島店",34.205053,132.4748371,5000,15,0,424,424,0,0,2.1,2.1,FALSE,"セーフハーバー内"
"ウォンツ 音戸波多見店",34.1794669,132.5501396,5000,11,0,659,659,0,0,3,3,FALSE,"セーフハーバー内"
"ウォンツ 大竹店",34.220924,132.2215584,5000,12,0,374,374,0,0,3.1,3.1,FALSE,"セーフハーバー内"
"ウォンツ 大竹新町店",34.2144305,132.2215539,5000,17,0,280,280,0,0,3,3,FALSE,"セーフハーバー内"
"ウォンツ 大竹薬局",34.220954299999995,132.2215674,5000,12,0,374,374,0,0,3.1,3.1,FALSE,"セーフハーバー内"
"ウォンツ呉光町店",34.2458279,132.538568,5000,32,0,192,192,0,0,3.2,3.2,FALSE,"セーフハーバー内"
"ウォンツ 警固屋店",34.2096446,132.54471949999999,5000,29,0,211,211,0,0,3.1,3.1,FALSE,"セーフハーバー内"
"ウォンツ 呉四ツ道路店",34.2428824,132.56494100000003,5000,38,0,160,160,0,0,3.1,3.1,FALSE,"セーフハーバー内"
"ウォンツ 呉中通店",34.246499199999995,132.565294,5000,39,0,156,156,0,0,3,3,FALSE,"セーフハーバー内"
"くすりのレデイ 広古新開店",34.237142,132.614115,5000,34,0,194,228,34,4.4,3.9,8.3,FALSE,"セーフハーバー内"
"ウォンツ 呉片山店",34.2542452,132.56517979999998,5000,41,0,144,144,0,0,2.5,2.5,FALSE,"セーフハーバー内"
"ウォンツ 呉四ツ道路薬局",34.2428542,132.5648881,5000,38,0,160,160,0,0,3.1,3.1,FALSE,"セーフハーバー内"
"ウォンツ 広白石店",34.228542499999996,132.63346239999998,5000,23,0,277,317,41,6.4,3.2,9.6,FALSE,"セーフハーバー内"
"ウォンツ 広本町店",34.238120599999995,132.6229357,5000,27,0,244,276,31,5.6,2.8,8.4,FALSE,"セーフハーバー内"
"ウォンツ 藤三広店",34.235777899999995,132.623203,5000,26,0,250,283,33,5.7,2.9,8.6,FALSE,"セーフハーバー内"
"ウォンツ 川尻店",34.238149,132.70037059999999,5000,11,0,629,629,0,0,1.5,1.5,FALSE,"セーフハーバー内"
"ウォンツ 広白石薬局",34.2285633,132.6334861,5000,23,0,277,317,41,6.4,3.2,9.6,FALSE,"セーフハーバー内"
"ウォンツ 大崎上島店",34.2435465,132.89125780000003,5000,5,0,1293,1293,0,0,3.1,3.1,FALSE,"セーフハーバー内"
"くすりのレデイ 詫間店",34.218334999999996,133.686107,5000,6,0,491,491,0,0,3.3,3.3,FALSE,"セーフハーバー内"
"レデイ薬局 詫間店",34.218334999999996,133.686107,5000,6,0,491,491,0,0,3.3,3.3,FALSE,"セーフハーバー内"
"ウォンツ 焼山店",34.2809871,132.55122749999998,5000,35,0,163,173,10,2.1,2.5,4.5,FALSE,"セーフハーバー内"
