name,lat,lon
ドラッグセイムス,35.586727,140.129840
ハッピー 薬局,34.070031,134.571311
ココカラファイン,35.507942,139.445699
ツルハドラッグ,35.544791,140.196183
つるはドラッグ,35.549854,140.173573
マツモトキヨシ,35.548551,140.139386
マツモトキヨシ,35.571818,140.131794
マツモトキヨシ,35.654589,139.331250
セイジョー,35.866741,139.312050
サンドラッグ,35.682472,139.579169
ツルハドラッグ,43.096449,141.429290
,33.773768,130.511543
중앙시장한약국,36.997455,127.084462
동인당한약국,35.173407,128.061909
くすりの福太郎,35.828089,139.905856
スギ薬局,35.381454,136.276786
キリン堂,35.377800,136.273340
ドラッグユタカ,35.393443,136.276194
ドラッグユタカ,35.387226,136.363241
キリン堂,35.456732,136.238360
マツモトキヨシ,35.544904,139.446173
サンドラッグ,35.662094,139.513334
ウェルパーク,35.534973,139.447146
ドラッグセイジョー,35.615605,139.542017
マツモトキヨシ,35.676448,139.644134
ウェルパーク,35.616005,139.563356
welcia,34.590444,135.489291
トモズ,35.800183,139.437723
ウエルシア (WELCIA),35.691953,139.641673
ココカラファイン,35.667823,139.650291
ドラッグイレブン,34.655513,135.523533
ツルハドラッグ,35.529617,139.432822
ドラッグ・ストア,33.575966,130.434645
ツルハドラッグ,39.226504,140.147768
キリン堂,35.379239,136.277708
マツモトキヨシ,35.770191,139.911022
ドラッグユタカ,35.028609,135.778963
ウエルシア,35.473929,139.399335
マツモトキヨシ,35.799036,139.976248
マツモトキヨシ,35.667774,139.562658
ドラッグケイオー,35.654581,139.567247
ココカラファイン,35.636648,139.586477
クスリのナカヤマ,35.618882,139.571160
セイジョー,35.690364,139.653451
大賀薬局,33.569730,130.431995
ツルハドラッグ,35.606264,139.481982
どらっぐぱぱす,35.703182,139.769853
小伝馬町ドラッグ,35.690917,139.778582
ツルハドラッグ 小牛田店,38.542585,141.059763
セイジョー,35.650221,139.685694
レデイ,33.939320,133.323374
ユニバーサルドラッグ,35.710294,139.683609
ドラッグストアコスモス,33.915906,133.161802
薬王堂,39.681355,141.143562
ドラッグストア ダックス,34.863863,135.777610
薬王堂,39.688966,141.118907
Зайчик,43.803709,131.953639
ココカラファイン薬局,35.656345,139.652416
マツモトキヨシ,33.542265,130.428110
大賀薬局　処方箋,33.539434,130.427660
スギドラッグ,35.550753,139.541117
マツモトキヨシ,35.642642,139.652631
ツルハドラッグ,35.742968,139.681795
ドラッグてらしま,36.468407,140.566184
スギ薬局,35.305467,136.761412
マツモトキヨシ,35.855136,139.886518
Золушка,43.802413,131.951539
くすりの福太郎,35.812947,139.912651
welcia,35.580928,139.641072
スギ薬局,35.577247,139.647279
クスリのアオキ,36.052638,136.512819
ドラッグイレブン,33.559044,130.515934
キリン堂,34.402886,135.345636
サンドラッグ,36.171405,139.543909
ぱぱす,35.735040,139.638449
薬王堂,39.729830,141.163175
ダックス,35.010567,135.756413
ドラッグイレブン,33.569169,130.424963
ドラッグイレブン,33.508850,130.470863
ZIP,34.501099,135.838033
ZIP,34.527374,135.952813
ツルハドラッグ,41.768912,140.709643
ドラッグ オゾン,35.783789,139.901477
ウェルパーク,35.587044,139.479180
welcia,35.753929,139.900399
ウェルシア,34.716331,135.245470
ふじや化粧品,35.782752,139.897090
マツモトキヨシ,35.869239,139.983939
サンドラッグ,35.875683,140.156673
ZIPドラッグ,34.490583,135.929212
セイジョー,35.626182,139.574310
スギ薬局,35.252152,136.979096
ココカラファイン,35.634348,139.711390
ココカラファイン,35.647878,139.623905
ツルハドラッグ,35.512834,139.412842
キリン堂,34.795241,134.612073
マツモトキヨシ,38.249089,140.328104
ツルハドラッグ,37.484484,139.927037
マツモトキヨシ,35.640005,139.599941
ココカラファイン,35.643907,139.608668
GENKY,35.144161,136.874813
マツモトキヨシ,35.704543,139.580312
マツモトキヨシ,35.705448,139.578219
サンドラッグ,35.565486,139.650230
ココカラファイン,37.864937,138.940254
サンドラッグ,35.697168,139.412676
サンドラッグ,35.850062,139.423776
トモズ,35.565302,139.651837
クスリのカツマタ,35.565482,139.651151
マツモトキヨシ,35.704277,139.578207
サンドラッグ,35.703837,139.579781
サンドラッグ,35.704358,139.578265
マツモトキヨシ,35.724305,139.614718
サンドラッグ,35.651508,139.536540
サンドラッグ,35.720983,139.428311
サンドラッグ,35.691331,139.428587
ウェルパーク,35.707637,139.435252
ココカラファイン,35.706904,139.649931
クスリのアオキ 泉が丘店,36.539781,136.647389
クスリのアオキ 長坂店,36.537579,136.655567
クスリのアオキ 伏見台店,36.534296,136.636634
ツルハドラッグ,35.659862,139.667206
サンドラッグ,35.617856,139.675997
セイジョー,35.653702,139.568138
ぱぱす,35.642165,139.657005
ウェルパーク,35.701000,139.392806
セイジョー,35.609152,139.647556
マツモトキヨシ,33.235385,131.606652
くすりの福太郎,35.701988,139.738415
かどや,34.952599,135.704660
スギ薬局,35.735835,139.627609
ドラッグスギヤマ,34.906145,137.509012
スギ薬局,35.711435,139.709382
ドラッグストア SEKI,35.909680,139.638231
サンドラッグ,35.610722,139.743866
ツルハドラッグ,35.611434,139.744286
COSMETICS 松屋,35.704836,139.676304
ドラッグスギヤマ,34.897263,137.489754
マツモトキヨシ,35.684171,139.784400
マイティドラッグ,34.912157,137.510922
マツモトキヨシ,35.701643,139.699854
セイムス大宮西口薬局,35.904291,139.622829
サンドラッグ 青葉店,35.548188,139.483462
ハックドラッグ,35.582323,139.507669
セイジョー,35.668724,139.740287
B&Dドラッグストア,35.287180,137.055815
ドラッグ セガミ,35.713475,139.704952
トモズ,35.713302,139.701287
サンドラッグ,35.692828,139.699041
HAC ドラッグ,35.383413,139.617058
ハックドラッグ (HAC),35.600532,139.538484
アメリカンドラッグ,35.740920,137.927278
アメリカンドラッグ,35.732976,137.939806
ドラッグセイムス 稲城平尾店,35.610715,139.493433
ウェルシア・ダックス,35.030732,135.752212
ドラッグ スギ,36.033614,139.537184
ツルハドラッグ,38.276590,140.936163
ココカラファイン,35.654109,139.647143
トモズ,35.602516,139.697125
ウェルパーク,35.537179,139.480778
welcia,35.527152,139.484077
マツモトキヨシ,35.683208,139.656480
クリエイト,35.571315,139.383261
ひまわり薬局,34.478067,135.562825
クリエイト (Create),35.649129,139.497198
ココカラファイン,35.646210,139.608678
ツルハドラッグ,35.577666,139.556110
スギ薬局,34.757815,135.597446
"Кислородная косметика ""Фаберлик""",43.111663,131.937681
ダックス,35.049448,135.743832
ドラッグゆたか,35.050298,135.741353
ダックス,35.064030,135.787183
マツモトキヨシ,31.591120,130.554681
コクミン,31.590080,130.555418
サンドラッグ,31.590906,130.555124
スギドラッグ,35.146626,137.023946
ダックス,35.055275,135.748599
ドラッグユタカ,35.068498,135.782136
マツモトキヨシ,35.731497,139.710299
どらっぐぱぱす 滝野川店,35.745900,139.721973
マツモトキヨシ,35.729576,139.712663
ドラッグスギヤマ,35.146613,137.019295
スギ薬局,35.152521,137.038553
ココカラファイン,35.155933,137.032674
ドラッグスギヤマ,35.154828,137.038092
オーエスドラッグ,35.704441,139.580075
マツモトキヨシ,35.599639,139.614657
マツモトキヨシ,35.660577,139.413192
ダックス,35.056167,135.767284
ドラッグ セガミ,34.735964,135.565446
,43.789216,131.978655
マツモトキヨシ,31.581639,130.505159
マツモトキヨシ,35.787976,139.929703
マツモトキヨシ,35.811215,139.931113
Хозяйственный магазин,42.838559,132.882227
セイジョー,35.498648,139.632734
スギ薬局,35.555061,139.415293
wants 皆実町店,34.372690,132.464740
ドラッグセイムス,36.031518,139.536033
サンドラッグ,35.730774,139.477935
スギ薬局,35.685803,139.774358
サンドラッグ,34.682444,135.827420
トモズ,35.656693,139.705136
セイジョー,35.647565,139.744726
welcia,35.806290,139.895432
セイムス,35.795721,139.896678
マツモトキヨシ,35.858086,139.653806
マツモトキヨシ,35.667282,139.757692
ハックドラッグ,35.471022,139.483035
ツルハドラッグ,35.710866,139.684559
トモズ,35.791820,139.920577
クリエイトSD松戸上本郷店,35.791413,139.919521
welcia,35.754236,139.900046
マツモトキヨシ,35.778939,139.721430
ドラッグセイムス,35.780558,139.930209
タケダ ドラッグ,34.682239,135.826209
химия и косметика,43.103967,131.946062
ドラッグ　スギヤマ,35.299232,136.817839
ドラッグストアセキ,35.927095,139.823829
マツモトキヨシ,35.856824,139.413489
サンドラッグ,34.886196,135.412541
スギ薬局,34.582401,135.515857
ゲンキー,35.649155,136.074634
ウエルシア,34.871951,138.318171
サンドラッグ,35.685186,139.488592
クリエイトSD,35.573137,139.457541
セイジョー,35.589692,139.498645
クリエイトSD,35.576529,139.509860
Wants,34.407622,132.420160
МойДОдыр,43.159010,131.912700
ハックドラッグ文京グリーンコート薬局,35.730058,139.748092
クリエイト 相模原東林間店,35.520007,139.430135
マツモトキヨシ,35.831823,139.931235
ウエルシア薬局,35.785077,139.899742
ミヤモトドラッグ,35.757554,139.652230
Fit Care DEPOT,35.573251,139.618248
マツモトキヨシ,34.943062,138.359028
サンドラッグ,35.481348,139.411522
クリエイトSD,35.656773,139.753368
ミネドラッグ,35.647793,139.746707
ツルハドラッグ,35.696572,139.446514
welcia,35.517706,139.625857
どらっぐ ぱぱす,35.681814,139.627906
スマイル,35.649133,139.744906
トモズ,35.750106,139.587241
トモズ,35.750330,139.587567
ウエルシア,35.671185,139.420459
ドラッグひかり,35.026623,135.731969
ダイコクドラッグ,35.510864,139.631530
マツモトキヨシ,35.688558,140.088158
くすりの福太郎,35.647478,140.072292
マルエドラッグ,36.321286,139.482188
セイジョー,35.436866,139.461312
ツルハドラッグ,35.432369,139.462311
サンドラッグ,35.638086,140.059757
ドラッグセガミ,34.906686,135.392019
ココカラファイン,35.703816,139.620982
Жемчужина,43.802058,131.979086
ココカラファイン,35.643393,139.699744
マツモトキヨシ,34.711029,135.511073
さわや,35.701044,139.741353
Бытовая химия,43.321114,132.359839
クリエイトSD,35.498684,139.406975
,35.046685,135.748426
サンドラッグ,35.785531,139.308820
ドラッグセイムス,35.777627,139.302048
ドラッグセイムス,35.799195,139.303578
スギ薬局,34.737285,135.496635
スギ薬局,34.675959,135.472801
ペンギン化粧品,34.932907,135.765163
マツモトキヨシ 日吉箕輪店,35.547302,139.645125
サンドラッグ,35.788945,139.287149
ドラッグセイムス,35.789252,139.286473
マツモトキヨシ,35.791419,139.286027
welcia,35.794700,139.303249
welcia,35.781050,139.317750
,43.111452,131.940299
ココカラファイン,35.695401,139.758419
クリエイト,35.559886,139.506588
くすりの福太郎神田小川町店,35.694324,139.764873
welcia,35.946830,139.305569
サンドラッグ,35.706666,139.665701
ミネドラッグ,35.704833,139.666138
welcia,35.690926,139.668171
ドラッグストア セイムス,35.813431,139.673898
サンドラッグ,35.816615,139.673919
ウエルシア浦和上木崎店,35.887761,139.649387
クリエイト 南成瀬店,35.539152,139.473976
マツモトキヨシ,35.183043,137.021069
マツモトキヨシ,35.659705,139.699791
サンドラッグ,35.588953,139.458388
Спектр упаковки,43.360979,132.207129
ドラッグイレブン,33.525469,130.424151
トモズ,35.521607,139.629698
ファミリードラッグ 大学前店,37.866270,138.952081
welcia,34.793658,134.606264
クリエイトSD,35.590413,139.697065
welcia,35.598092,139.703103
ドラッグストア アカカベ,34.748365,135.595840
welcia,34.747716,135.595550
missha,35.661561,139.697958
サツドラ,43.095349,141.348993
くすりセイジョー,35.720267,139.751647
ドラックストアいわい,35.721088,139.752265
ウエルシア,35.884564,139.915535
ツルハドラッグ,43.096958,141.369650
welcia,35.783845,139.302161
ドラッグセイムス,35.771093,139.308408
ダイコクドラッグ,35.353994,139.532455
ツルハドラッグ,43.074439,141.361594
ツルハ ドラッグストア,35.522813,139.498702
くすりの福太郎,35.709644,139.827951
セイジョー,35.629520,139.549435
東武ドラッグ,35.808659,139.678602
ココカラファイン,35.650311,139.558093
ドラッグセイムス,35.565872,139.368451
クリエイトSD,35.577426,139.375306
クリエイトエス・ディー,35.061299,138.524489
ツルハドラッグ,35.564974,139.395768
,43.121873,131.912057
クリエイト,35.505456,139.443308
セイジョー,35.579845,139.660626
スギ薬局 下新城店,35.577709,139.633225
ミヤモトドラッグ成増店,35.777650,139.630462
マツモトキヨシ,35.777746,139.631599
ぱぱす,35.769245,139.644970
ドラッグセイムス,35.739106,139.696521
くすりの福太郎,35.775805,139.631744
welcia,35.587795,139.536497
クリエイトSD,35.345962,139.357239
コクミン,34.719876,135.234343
クリエイトSD,35.317637,139.327244
サンドラッグ,35.325737,139.358658
クリエイト,35.366268,139.360675
スギ薬局,35.524515,139.624016
マツモトキヨシ 西友川口赤山店,35.843525,139.744390
セイジョー,35.668788,139.624668
スギ薬局,34.702217,135.562573
ひまわり薬局,34.827165,135.583114
ココカラファイン,35.431275,139.555195
ドラッグぱぱす,35.615635,139.648730
コクミン,34.613063,135.490419
ドラッグセイムス岸里玉出店,34.629785,135.495868
クリエイトSD,35.659975,139.564673
マツモトキヨシ,35.861800,139.514431
トモズ,35.702144,139.523756
ツルハドラッグ,38.197172,140.902031
ダックス,35.037047,135.733042
ドラッグランドひかり,35.032589,135.731179
クリエイト,35.331357,139.326615
どらっぐぱぱす,35.650143,139.720682
セイムス 座間店,35.491193,139.390944
マツモトキヨシ,34.483341,135.793990
,43.091276,131.959477
マツモトキヨシ,34.766357,135.650891
スギ薬局,34.613957,135.546463
キリン堂,34.789790,135.672776
ドラッグセイムス,35.729140,139.235052
くすりセイジョー,35.723388,139.479990
サンドラッグ,35.723964,139.479902
キング薬品,34.385777,132.442570
クリエイトSD,35.448256,139.345055
サンドラッグ,35.449978,139.353061
スギ薬局,35.438239,139.353074
キリン堂,34.698020,135.770477
スギ薬局,35.383047,136.730867
ダックス,34.993820,135.702515
ダイコクドラッグ,34.677065,135.475109
ダイコクドラッグ,34.674174,135.478656
マツモトキヨシ,34.665696,135.479018
ミタカドラッグ (Mitaka Drug),35.703509,139.559731
ダックス,35.048444,135.788184
セイジョー,35.762724,139.325945
ダイコクドラッグ,34.659580,135.498086
ダイコクドラッグなんば薬店,34.664432,135.499887
コクミン,34.693816,135.782423
ドラッグセイムス,35.554973,139.659320
オーエスドラッグ,34.674512,135.501454
コクミン,34.673780,135.501468
コクミン,34.671494,135.501171
マツモトキヨシ,34.671539,135.501456
マツモトキヨシ,34.669514,135.501157
マツモトキヨシ,34.932862,135.764599
スギ薬局,35.020982,135.705181
ドラッグストアセキ,35.966292,139.751203
ウエルシア薬局,35.969627,139.752988
コクミンドラッグ,35.014347,135.677730
ダイコクドラッグ,34.704927,135.511661
セイジョー,35.777525,139.686897
マツモトキヨシ,35.652419,139.900760
ドラッグイレブン,31.569190,130.549365
マツモトキヨシ,35.509740,139.632112
ココカラファイン,35.703038,139.600786
スギ薬局,35.135221,136.877773
サンドラッグ,35.138756,136.877785
ジップドラッグ白沢,35.143565,136.879296
ゲンキー,35.123612,136.878159
スギ薬局,35.140178,136.855854
スギ薬局,35.134044,136.844408
マツモトキヨシ,38.259820,140.879637
ウエルシア,35.138451,136.863901
ココカラファイン,35.626974,139.633835
キリン堂,34.895049,135.211092
ツルハドラッグ,35.632001,139.731208
クリエイト薬局三鷹新川店,35.682144,139.569609
ドラッグセイムス 羽村店,35.769047,139.305072
くりはし,35.671640,139.658578
クリエイトSD,35.346124,139.319593
ウェルパーク,35.624237,139.545064
ウェルシア薬局,35.678994,139.636347
ドラッグスギヤマ,35.134941,136.964395
スギ薬局,35.124525,136.995025
ドラッグスギヤマ,35.138465,136.945782
ドラッグセイムス,35.793852,139.349804
クリエイト,35.334092,139.318295
ドラッグストア　セキ,35.928080,139.765415
クリエイトSD,35.506591,139.417047
ドラッグセイムス,35.906768,139.617713
ドラッグエース 広瀬東店 (DRUGACE),35.865029,139.398579
セイジョー,35.671138,139.609101
ウェルパーク,35.669091,139.392295
サンドラッグ,35.624947,138.550825
ツルハドラッグ,35.608391,138.543787
コクミン薬局,35.519976,139.412793
サンドラッグ,35.677011,138.524687
welcia,35.669154,138.541963
welcia,35.626033,138.603008
WELCIA,35.476814,138.809217
ウエルシア,35.670734,138.658679
ツルハドラッグ,35.641461,138.627083
サンドラッグ,35.618241,138.469444
クリエイト,35.511174,139.459238
ダイコクドラッグ,26.197110,127.667075
ファミリードラッグ,35.463844,139.498758
ツルハドラッグ,35.653373,138.610762
ウエルシア,35.620438,138.558367
welcia,35.561727,138.499501
マツモトキヨシ,26.218497,127.694280
サンドラッグ,35.653597,138.552560
ツルハドラッグ,35.655228,138.543837
サンドラッグ,35.655250,138.579505
サンドラッグ,35.489896,138.784519
サンドラッグ,35.646562,138.674558
サンドラッグ,35.718411,138.452278
ツルハドラッグ,35.720018,138.451900
サンドラッグ,35.712062,138.451627
サンドラッグ,35.614989,138.515587
ウエルシア薬局,35.685366,139.879125
マツモトキヨシ,26.175134,127.688207
美粧苑 ふじたや,39.273618,141.880264
ドラッグササオカ,32.981949,132.951840
ウエルシア (WELCIA),35.601330,138.935261
ツルハドラッグ,35.665468,138.522970
クリエイト,36.107486,140.215614
イオンドラッグ,26.218874,127.690752
セイジョー,35.704482,139.544291
ツルハドラッグ,35.662149,138.655924
マツモトキヨシ,35.486165,138.450438
キリン堂上中店,33.926635,134.622401
welcia,35.402293,139.313492
クリエイトSD,35.399115,139.317469
Мегуми,42.784206,132.853360
Мегуми,42.837528,132.883322
ハックドラッグ,35.459971,139.483146
welcia,35.653875,138.572575
welcia,35.650474,138.547100
クリエイトエス・ディー鶴見大東町,35.503650,139.694251
welcia,35.441576,139.365972
ひまわり薬局,35.462866,139.356906
クリエイトSD,35.464892,139.357810
薬王堂　釜石小佐野店,39.263286,141.836775
マツモトキヨシ,35.456587,139.352366
杏林堂スーパードラッグストア静岡鷹匠店,34.976553,138.389331
ドラッグストアモリ,32.783823,130.702289
ドラッグストアマツモトキヨシ刈谷高倉店,35.000464,136.997751
スギ薬局,34.999213,136.999794
ジップドラッグ白沢,35.163989,136.873561
クリエイトSD,35.340908,139.329424
クリエイト,35.338709,139.323818
ツルハドラッグ,39.704159,140.110650
セイジョー,35.640596,139.597338
ダイコクドラッグ,34.621016,135.548329
スギ薬局,34.617883,135.547896
welcia,35.640767,139.608238
トモズ,35.643524,139.671865
スギ薬局,34.668611,135.505884
スギ薬局,34.826577,137.370601
クリエイトSD,35.366901,139.348491
ミドリ薬品 瀬戸内店,28.147604,129.308820
サンドラッグ,35.670138,139.498994
マツモトキヨシ,34.656817,134.036148
トモズ,35.608203,139.647799
マミー,35.737116,139.732738
ドラッグセイムス,35.914309,139.605428
Ile De Beaute,43.115856,131.886093
マツモトキヨシ,35.884449,139.783261
ジャストドラッグ,36.223966,139.380622
welcia,36.011436,139.552418
スギ薬局,35.995213,139.543566
ぱぱす,35.673008,139.836097
ドラッグユタカ,34.929099,135.812900
ハック,35.543146,139.514437
ハックドラッグ,35.543472,139.515297
サンドラッグ,35.403213,139.295487
ツルハドラッグ,35.383114,139.472269
マツモトキヨシ,35.298237,139.599071
オーエスドラッグ,35.736173,139.734383
スギ薬局,35.144651,136.901791
マツモトキヨシ,35.143764,136.901573
ドラッグセイムズ,35.858267,139.614879
トモズ,35.698458,139.775241
トモズ,35.699927,139.778578
トモズ,35.688802,139.763517
トモズ,35.682329,139.774896
トモズ,35.684996,139.788019
トモズ,35.684027,139.784137
トモズ,35.657129,139.782227
トモズ,35.665510,139.760686
トモズ,35.656830,139.756150
トモズ,35.627035,139.742039
トモズ,35.627628,139.736283
トモズ,35.644297,139.734268
トモズ,35.675309,139.735884
トモズ,35.653594,139.734726
トモズ,35.660440,139.728553
トモズ,35.663758,139.745349
トモズ,35.683560,139.686404
Tomod's,35.690048,139.684424
トモズ,35.698713,139.718952
トモズ,35.698618,139.719004
トモズ,35.711821,139.776133
トモズ,35.665670,139.835869
トモズ,35.696972,139.828297
トモズ,35.619377,139.730521
トモズ,35.618127,139.727642
トモズ,35.610256,139.749450
トモズ,35.623548,139.750926
トモズ,35.607725,139.712047
トモズ,35.651615,139.685823
Tomod's,35.611376,139.693746
Tomod's express,35.610765,139.694549
トモズ,35.644472,139.698608
トモズ,35.629402,139.684628
トモズ,35.639950,139.598798
トモズ,35.633638,139.673050
トモズ,35.613709,139.642354
トモズ,35.657287,139.667834
トモズ,35.626010,139.655918
トモズ,35.633493,139.661094
トモズ,35.642230,139.713734
トモズ,35.669884,139.681531
ドラッグストア　エム・プラス,33.320624,130.391631
ヤックス,34.992202,139.878546
トモズ,35.704202,139.600254
トモズ,35.697084,139.648409
Tomod's,35.697628,139.645651
トモズ,35.698213,139.657563
トモズ,35.676204,139.643406
トモズ,35.679679,139.637303
トモズ,35.730768,139.717132
トモズ,35.741259,139.615854
トモズ,35.744388,139.608072
トモズ,35.749251,139.700261
トモズ,35.761765,139.674960
トモズ,35.664023,139.858021
トモズ,35.702838,139.543124
トモズ,35.704027,139.560366
トモズ,35.699018,139.560885
ウエルシア薬局,35.676564,139.643420
コクミン,34.666531,135.505896
ひまわり調剤薬局,33.315313,130.553671
ドラッグストアマツモトキヨシ 板橋高島平店,35.790206,139.660060
ドラッグ・オゾン,35.686683,139.782193
ダイコクドラッグ,34.709330,135.511385
スーパードラッグひまわり 因島中庄店,34.330172,133.172712
ココカラファイン,35.736761,139.672933
welcia,35.738194,139.671047
マツモトキヨシ,35.768074,140.299011
トモズ,35.987043,139.580033
トモズ,35.797155,139.599680
トモズ,35.821725,139.573748
サンドラッグ,35.814021,139.458926
トモズ,35.798390,139.465922
トモズ,35.665666,139.892805
トモズ,35.531272,139.698087
トモズ,35.532063,139.696207
トモズ,35.585292,139.581699
トモズ,35.572807,139.656508
Tomod's,35.567048,139.656295
Tomod's express,35.564697,139.654733
トモズ,35.579977,139.660927
トモズ,35.456851,139.633984
トモズ,35.444804,139.633051
Tomod's express,35.443902,139.631860
Tomod's,35.542141,139.516624
Tomod's,35.543189,139.516959
トモズ,35.575838,139.558849
ウエルシア (WELCIA),35.544326,139.703533
ユニバーサルドラッグ,35.762697,139.823283
ドラッグセイムス,35.714853,139.348185
ドラッグセイムズ,35.323438,139.159125
スギ薬局,35.524896,139.724188
スギ薬局,35.524522,139.706967
ツルハドラッグ,35.529400,139.698812
マツモトキヨシ,35.698537,139.771028
V・ドラッグ,35.220295,136.881690
カワチ薬品,35.803919,140.159091
ドラッグストアスマイル,35.567126,139.692764
クリエイトSD,35.465517,139.490189
マツモトキヨシ,35.823964,139.983424
ツルハドラッグ松前調剤薬局,41.425648,140.085292
ツルハドラッグ,35.737070,139.618036
マツモトキヨシ,35.706596,139.784641
ツルハドラッグ,35.636841,139.724084
マツモトキヨシ,35.861826,139.972124
マツモトキヨシ,35.859918,139.973382
くすりの福太郎,35.700653,139.985875
マツモトキヨシ,35.840491,139.963634
ドラッグセイムス,35.691555,139.687911
KeraSys,43.148374,131.912274
Юнико,43.148496,131.912226
くすりのセイジョー,35.683782,139.658230
トモズ,35.787771,139.612725
B&D,35.217581,136.891708
ココカラファイン,35.226538,136.896678
マツモトキヨシ,35.721831,140.042318
ウェルパーク,35.614352,139.537918
サンドラッグ,35.632388,139.578023
セイジョー,35.632199,139.578007
マツモトキヨシ,35.660326,139.380849
ツルハドラッグ,35.637448,139.910701
マツモトキヨシ,36.469538,140.566720
welcia,36.628778,140.400020
ウエルシア,36.540078,140.412208
welcia,36.494927,140.447895
ドラッグてらしま,36.428216,140.536641
ツルハドラッグ,37.497303,139.943290
ドラッグてらしま,36.167526,140.351864
welcia,36.167005,139.967464
ウエルシア,36.110571,139.977718
ドラッグてらしま,36.017527,139.995588
ドラッグてらしま,36.112617,139.951003
クスリのアオキ森田店,36.115500,136.229600
Fit Care DEPOT,35.535564,139.588317
ココカラファイン,35.771700,139.519282
ドラッグ スギヤマ,35.154036,136.896469
ドラッグてらしま,36.051917,139.886970
ドラッグてらしま,36.303318,139.864589
サンドラッグ,36.305574,139.868274
ドラッグてらしま,36.193899,139.810841
ドラッグてらしま,36.200461,139.824700
ドラッグてらしま,36.365817,140.105019
ドラッグてらしま,36.364457,140.113480
welcia,36.084251,140.096627
welcia,36.177382,140.084855
ドラッグてらしま,36.064752,140.115965
ドラッグてらしま,36.065578,140.149668
welcia,36.100676,140.046627
ウェルシア,36.135713,140.084408
ココカラファイン,35.709259,139.635373
ハックドラッグ横浜根岸店,35.416778,139.634567
マツモトキヨシ,36.092375,140.209622
ツルハドラッグ,36.006859,140.164196
ウエルシア薬局,36.091966,140.203041
ドラッグてらしま,36.119130,140.174939
welcia,36.087386,140.188015
ドラッグてらしま,36.076933,140.185745
ウエルシア,36.201863,140.285638
ドラッグてらしま,36.031607,140.172891
ツルハドラッグ,35.145880,136.827220
スギ薬局,34.714110,135.584990
スギ薬局常滑店,34.887207,136.842731
スギ薬局,35.731460,139.332162
ジップドラッグ,34.844468,136.601926
ウェルパーク,35.748519,139.324999
サツドラ,43.102421,141.526515
ツルハドラッグ,43.094376,141.521107
ツルハドラッグ,43.088242,141.533322
ツルハドラッグ,43.111048,141.530109
サンドラッグ,35.744807,139.328051
ココカラファイン薬局,35.600122,139.508759
ドラッグストアウェルネス　西伯店,35.356218,133.330049
ドラッグセガミ,35.693522,139.640339
ココカラファイン,35.705313,139.619941
ココカラファイン,35.705116,139.618731
ココカラファイン,35.704125,139.621257
ココカラファイン,35.651542,139.635900
ドラッグセガミ,35.786626,139.674473
ドラッグセガミ,35.790112,139.666566
ドラッグセガミ,35.605632,139.733922
ウエルシア (WELCIA),36.117941,139.799342
ウェルパーク,35.739840,139.329064
マツモトキヨシ,35.744197,139.505915
ツルハドラッグ,36.086811,140.085036
ウェルシア,35.943714,140.155594
ドラッグてらしま,35.891928,140.077811
ドラッグてらしま,35.995566,140.040591
ドラッグてらしま,36.024472,140.174536
どらっぐぱぱす,35.629154,139.744549
くすりのセイジョー,36.194331,140.283923
ザグザグ,34.713278,134.107409
ヤックスドラッグ,35.749039,140.823665
ドラッグてらしま,36.155203,140.521667
ツルハドラッグ,36.153574,140.522692
ドラッグてらしま,36.214216,140.477380
ドラッグてらしま,36.018880,140.500554
ツルハドラッグ,43.181466,141.764130
B&Dドラッグストア,35.204349,136.902684
スギ薬局,35.151077,136.894552
スギ薬局,35.169133,136.914233
スギ薬局,35.154348,136.906665
クリエイト 町田南大谷店,35.555839,139.456052
ココカラファイン,35.655666,139.653393
ココカラファイン,35.647028,139.623549
ドラッグてらしま,37.846822,140.602610
ドラッグてらしま,37.814774,140.551546
ウエルシア 伊達掛田店,37.783999,140.589428
ドラッグてらしま,37.791429,140.484135
Nalelu 城西店,35.191102,136.899632
ゴダイドラッグ,34.915612,134.738456
サンドラッグ,36.994495,140.905295
ドラッグてらしま,37.293382,140.622111
ドラッグセイムス,35.720174,139.324298
クリエイト,35.729487,139.329794
みづほ,36.079298,140.203730
ウエルシア薬局,35.532619,139.434175
ドラッグセガミ,35.561650,139.716707
ドラッグセガミ,35.586314,139.728155
ドラッグセガミ,35.589226,139.727597
ドラッグセガミ,35.590300,139.728443
カワチ薬品,35.668690,138.557942
ヤックスドラッグ,35.718364,140.836269
マツモトキヨシ ザ・マーケットプレイス佐倉店,35.719240,140.191541
ドラッグユタカ,34.886830,135.768486
マツモトキヨシ,35.666157,139.640719
ウェルパーク,35.751170,139.640405
ウェルネス,35.450710,133.335889
スギ薬局,35.169339,136.910447
welcia,35.551478,139.728769
くすりの福太郎,35.620211,139.727234
ツルハドラッグ,35.625350,139.730079
スギ薬局,34.670844,135.511821
ひまわり,34.940845,135.703062
クスリのアオキ(Kusuri-no-Aoki),36.895738,136.793985
welcia,35.780308,139.797192
ドラックセイムス,35.774816,139.836016
ドラッグぱぱす,35.766791,139.809494
どらっくぱぱす,35.793500,139.787881
ウエルシア,35.796585,139.794874
ココカラファイン,35.706588,139.635898
ドラッグセイムス,35.808314,139.762816
マツモトキヨシ,35.991224,139.564713
マツモトキヨシ,35.794197,139.793685
ドラッグセイムス,35.809470,139.735602
welcia,35.978418,139.579762
ドラッグスギ,35.983689,139.570238
マツモトキヨシ,35.742651,139.813644
ツルハドラッグ,37.511223,139.946144
ツルハドラッグ,43.211839,141.777224
マツモトキヨシ,35.678887,139.394120
ジップドラッグ白沢,35.146551,136.909247
welcia,35.724765,139.993192
杏林堂,34.745389,137.718431
マツモトキヨシ,35.620180,139.729287
ドラッグイレブン JR福工大前駅店,33.698591,130.440118
セイジョー,35.337558,139.452892
セイジョー,35.715420,139.819944
マツモトキヨシ,34.768752,137.791222
,34.341927,134.131646
レデイ調剤薬局,34.321536,134.174713
,34.972181,139.094378
Big Bell,37.055251,140.888860
ドラッグセイムス,35.717058,139.424427
くすりの福太郎,35.705578,139.968964
MORI,35.005914,139.080814
ヤックスドラッグ,35.916955,140.638373
CHANEL,35.670994,139.762936
マツモトキヨシ,35.671808,139.763817
スギ薬局,34.510774,136.672189
ウエルシア薬局,35.860191,140.598620
クリエイトSD,34.758596,137.706302
マツモトキヨシ,33.590469,130.397666
ひまわり調剤薬局,35.536300,139.440139
クリエイトSD,35.544627,139.432388
ウエルシア薬局,35.743096,139.601421
スギ薬局,34.697952,135.511611
セイムス,36.171387,139.528464
セイムス (SEIMS),36.180295,139.538134
マツモトキヨシ,35.628416,139.775421
ウエルシアフジイ,36.682445,137.251739
サンドラッグ,35.712964,139.356705
ココカラファイン薬局,35.713147,139.358641
B&Dドラッグストア,35.175527,136.872053
ひまわり薬局,35.652591,139.331140
杏林堂,34.754563,137.731483
クリエイトSD,35.581039,139.469325
ゲンキー(GENKY),36.084778,136.225373
杏林堂,34.735174,137.765411
くすりセイジョー,35.583919,139.712011
どらっぐぱぱす,35.587143,139.705804
ジップドラッグ・シーズ,34.716833,137.776298
トモズ,35.681307,139.763646
トモズ,35.905639,139.624068
トモズ,35.689664,139.707085
ドラッグストアーシルク,34.725687,135.010287
トモズ,35.398953,139.616843
トモズ,35.489597,139.627157
サンドラッグ,35.649935,139.679136
セイジョー薬局,35.688320,139.599414
キリン堂,34.962989,135.761521
ひまわり調剤薬局,35.667357,139.630176
クスリのアオキ,35.963326,136.180387
ゲンキー(GENKY),35.967352,136.188862
ウェルパーク,35.647765,139.560495
ココカラファイン,35.668097,139.632777
スギ薬局,34.871415,137.173150
スギ薬局,34.671447,134.993789
ドラッグストア_マツモトキヨシ,35.581997,139.696902
クリエイトSD,35.570442,139.402371
ウエルシア 神戸枝吉店,34.668920,134.975847
セイジョー,35.568106,139.691997
アルカドラッグ,34.670393,134.955598
ケイポートドラッグマート 矢口店,35.560250,139.700449
クリエイト,34.725214,137.742714
ココカラファイン,35.603624,139.706237
YAMADA,34.745322,135.059384
サンドラッグ,43.721610,142.408248
スギ薬局,35.125415,136.917762
ドラッグセイムス,35.340573,139.905799
クリエイト,35.349235,139.910820
キリン堂,34.549791,135.691314
ドラッグスギヤマ,35.197378,136.888189
ココカラファイン,35.623977,139.428202
サンドラッグ 東長沼店,35.637927,139.508827
ツルハドラッグ 大口通店,35.488229,139.645608
ダックス,35.040090,135.788296
ダックス,35.050080,135.792344
シャルルk&k,33.229451,131.653814
ウェルパーク,35.465318,139.415117
ウェルパーク,35.438721,139.430022
ドラッグユタカ,35.004045,135.748368
ジャパン,34.706648,135.595463
クリエイトSD,35.413268,139.446488
,43.164799,131.905160
スギ薬局,34.913321,137.165949
キリン堂,35.008740,135.737700
マツモトキヨシ,34.719662,135.483139
ドラッグ セガミ,34.999813,135.733157
ダックス,35.010470,135.732108
大島椿,34.746834,139.356648
ドラッグエース 新所沢店,35.803506,139.451181
マツモトキヨシ,35.803454,139.450377
ツルハドラッグ,34.670643,135.501505
クリエイト薬局,35.465904,139.414480
マツモトキヨシ,36.389519,139.735799
スギ薬局,35.751911,139.366766
スギ薬局,35.811183,139.455468
サンドラッグ,35.798749,139.455823
ドラッグユタカ,35.066458,135.792979
スギ薬局,35.795099,139.512837
ドラッグランドひかり,35.056000,135.751092
ディスカウントドラッグ,35.657562,139.337625
おしゃれの店 ひまわり,35.658839,139.335263
サンドラッグ,35.656947,139.397459
ドラッグストアセキ 秩父店,36.000352,139.084909
セイジョー,35.467417,139.621358
ドラッグストア セキ,35.774268,139.306148
ジップドラッグ 桜木店,34.835139,137.386434
韓国化粧品,35.702176,139.507055
サンドラッグ,35.701717,139.481094
キリン堂,34.776719,135.585543
サンドラッグ,35.702056,139.561586
みどりドラッグストアー,35.802745,139.449958
ツルハドラッグ,35.806601,139.455190
セイジョー,35.703583,139.544229
オトーバシドラッグ,35.143214,136.892235
ダイコクドラッグ,34.702421,135.560323
スギ薬局,34.685029,135.550703
セイジョー,35.679357,139.395139
タマドラッグ,35.678197,139.395952
ドラッグセイムス,35.753130,139.322418
スギ薬局,35.146547,136.905184
マツモトキヨシ,34.696874,135.533426
ひまわり薬局,35.606055,139.712205
セイムス,35.596612,140.125575
クリエイトSD 東林間駅前通り店,35.519750,139.434893
サンドラッグ,35.721891,139.912400
キリン堂,34.744206,135.643461
吉寅ドラッグ,34.690562,135.829830
マツモトキヨシ,35.724363,139.916031
ココカラファイン,35.673507,139.737177
スギ薬局,35.196870,136.891472
マツモトキヨシ,35.720543,139.927041
ウエルシア薬局,34.693678,137.575616
,44.261258,135.058330
Галина,44.262597,135.059012
くすりの福太郎,35.727862,139.909504
ゲンキー,36.065228,136.229246
マツモトキヨシ,43.057614,141.354129
マツモトキヨシ,35.592045,139.721735
Промтовары,43.304855,132.077493
スギ薬局,35.139777,136.895993
まるかんのお店,35.722918,140.042796
新生堂薬局,35.509894,139.631867
ミネドラッグ,35.446905,139.637991
アメリカンドラッグ,36.338266,137.888927
ぱぱす,35.719890,139.763372
ウエルシア文京根津店,35.717930,139.764892
どらっぐぱぱす,35.702518,139.781237
ダイコクドラッグ,34.705154,135.495382
ハックドラッグ,35.544447,139.516446
ウエルシア(welcia),35.642043,140.091177
サンドラッグ,35.656989,139.637357
福本薬品,35.660789,139.636209
ダイコクドラッグ,34.700667,135.546509
サンドラッグ,35.659640,140.087600
マツモトキヨシ,35.693202,139.701098
くすりの福太郎,35.713477,139.945274
ダイコクドラッグ,35.688663,139.699702
クスリのアオキ,36.089918,136.234176
サンドラッグ,35.691864,139.702370
マツモトキヨシ,35.691707,139.703372
マツモトキヨシ,35.709652,139.958489
ココカラファイン,35.469374,139.461563
イセヤ,33.237888,131.606976
ココカラファイン,34.731927,135.555276
くすりの福太郎,35.706848,139.958973
ミネドラッグ,35.677811,139.677536
マツモトキヨシ,35.691237,140.019797
トモズ,35.386230,139.619813
ココカラファイン薬局,35.517464,139.481046
クスリのアオキ,36.128553,136.219675
クスリのアオキ,36.098926,136.214049
マツモトキヨシ,35.629696,140.073530
クリエイトSD,35.642403,140.075096
welcia,35.658945,140.093032
マツモトキヨシ,35.803446,139.439118
清水屋,35.730142,139.226072
マツモトキヨシ,35.719989,139.927139
ココカラファイン,35.708173,139.682159
ゲンキー,36.067627,136.240811
三井のリパーク,35.438546,139.616781
welcia,35.384752,139.619694
コスモスついたち店,33.926028,133.191492
くすりのレデイ丸亀店,34.241673,133.835141
ウエルシア,35.418354,139.522785
スギ薬局,35.904946,139.513548
くすりのレデイ丸亀土器店,34.284234,133.819850
,35.436260,139.613739
ぱぱす,35.737100,139.749188
ユニバーサルドラッグ,35.736279,139.750448
ウエルシア,35.010030,138.464855
エンゼルドラッグ 丸亀店,34.247443,133.832564
Fit Care DEPOT,35.574085,139.658513
クリエイトSD,36.000557,139.396033
ダイコクドラッグ,34.665596,135.503566
くすりのまつした,31.397969,130.871672
サンドラッグ,35.728876,139.906402
マツモトキヨシ,35.342700,139.621790
ツルハドラッグ (Tsuruha Drug),43.758698,142.373335
スギ薬局,35.116576,136.907195
ダックス,35.023120,135.792496
ハックドラッグ,35.433612,139.601623
マツモトキヨシ,35.433538,139.602072
薬 ダイコク,34.995906,135.768785
ツルハドラッグ,38.430143,141.282333
向日町 ドラッグ,34.945585,135.700876
シナリー化粧品,38.433863,141.302301
セイムス,35.460102,139.464350
ドラッグ スギヤマ,35.113476,136.827353
ダックス,35.021474,135.698250
ウェルパーク,35.635299,139.640661
自然食なごみ,37.498690,139.927482
ゲンキー　鯖江店,35.954825,136.175222
サト―こまもの店,37.502334,139.929274
IRIS,37.497473,139.928619
山形屋,37.497114,139.928540
ダックス,35.025387,135.746521
ココカラファイン,35.037296,135.748742
スギ薬局,34.786594,135.504183
マツモトキヨシ,35.660119,140.088776
マツモトキヨシ,35.845260,139.361535
ハックドラッグ,35.400392,139.617177
美肌工房マルヤマ,37.495905,139.928213
アザレ化粧品スーリアサロン,37.491105,139.940876
,37.492167,139.939969
ウェルパーク あきる野新草花店,35.741459,139.304901
ドラッグセイムス,35.738855,139.305555
くすりの福太郎,35.608206,140.118515
マツモトキヨシ,35.608012,140.117928
サンドラッグ,35.746853,139.434967
マツモトキヨシ,35.914330,139.477160
ドラッグストアセキ,35.731787,139.290802
薬王堂,38.740648,140.739856
セイムス,35.489175,138.763344
NAKAHARA,35.607749,140.120609
スギ薬局,35.156063,136.854604
ウエルシア,34.979726,138.342930
サンドラッグ,35.909622,139.482655
オーエスドラッグ,35.911422,139.482856
ダイコクドラッグ,34.702500,135.504228
ダイコクドラッグ,34.662326,135.498239
ダイレックス　三次東店,34.803466,132.878665
welcia,34.575022,135.473757
マツモトキヨシ,35.158423,136.906231
ダイコクドラッグ,35.688792,139.697487
ハックドラッグ,35.034653,138.484511
オーエスドラッグ,34.705910,135.511225
サンドラッグ,34.706177,135.511248
,43.093792,131.863377
マツモトキヨシ,35.744411,139.541755
ウエルシア,35.034595,138.456523
くすりの福太郎,35.584914,139.730731
ウエルシア,35.030522,138.481047
wants,34.400426,132.479104
ウェルパーク,35.681687,139.393719
ダイコクドラッグ,34.704413,135.501406
ザグザグ,34.675316,133.968976
スーパードラッグひまわり,34.677659,133.983776
サンドラッグ,35.699328,139.413927
オーエスドラッグ,35.699409,139.413972
スギ薬局,35.136751,136.782594
ダイコクドラッグ,34.698041,135.496990
ダイコクドラッグ,34.698727,135.495920
ドラッグぱぱす,35.747347,139.826469
ダイコクドラッグ,34.666363,135.500996
ドラッグイレブン,33.587373,130.418897
くすりの福太郎,35.685027,140.007373
welcia,35.840423,140.004710
クリエイトＳ・Ｄ,35.913024,139.469287
くすりセイジョー,35.579808,139.685209
ダイコクドラッグ,35.688818,139.698390
スギ薬局,34.704431,135.497523
スギ薬局,35.800531,139.468685
オーエスドラッグ,34.666056,135.506953
スギドラッグ,34.735070,135.602905
マツモトキヨシ,35.162570,136.851837
V・ドラッグ,35.150497,136.793241
ダイコクドラッグ,34.693827,135.697111
くすりの福太郎,35.699176,140.004254
くすりの福太郎,35.699003,140.004475
セイジョー,35.562591,139.717823
ウエルシア薬局,35.544701,139.527832
クリエイトSD,35.725701,139.275764
ドラッグセイムス,35.725487,139.267559
ドラッグ新生堂,33.592469,130.352213
welcia,35.727970,139.539356
ツルハドラッグ,43.198223,140.994860
welcia,35.599208,139.344351
マツモトキヨシ,34.691964,135.531671
オレンジダイコク薬局,34.667216,135.507981
サンドラッグ,34.719263,135.478799
オーエスドラッグ,34.719504,135.480180
ダイコクドラッグ,34.719336,135.481850
スギ薬局,35.171572,136.864703
クリエイトSD,35.434548,139.465478
,34.262802,134.142992
,34.264251,134.133794
ドラッグスギヤマ,35.315807,136.808458
コスモス,34.292164,134.088772
ぱぱす薬局,35.560520,139.720969
クリエイト薬局,35.509476,139.630664
"Парфюмерия, косметика, хозтовары",43.099561,131.941024
Japan market,43.168706,131.935210
ダイコクドラッグ,35.167308,136.884419
セイムス,35.651623,139.340414
ココカラファイン,35.682620,139.702234
マツモトキヨシ,34.672039,135.501229
サンドラッグ,34.673834,135.501469
ココカラファイン,34.677415,135.501662
オーエスドラッグ,34.680243,135.501659
ダイコクドラッグ,34.680473,135.501611
,34.316339,134.082429
,34.332299,134.068310
白沢ドラッグ,35.514491,137.530243
ココカラファイン,35.616218,139.623529
大賀天神橋薬局,34.694203,135.511750
サンドラッグ,35.698993,139.467657
welcia,35.749844,139.665760
ぱぱす,35.749956,139.664484
ドラッグストアスマイル,35.695690,139.440819
ココカラファイン,34.650652,135.578160
ココカラファイン,34.650696,135.577798
くすりの福太郎,35.672311,139.794476
ウエルシア,34.975536,138.418597
スギ薬局,35.003703,135.698648
スギ薬局,34.700100,135.548033
サンドラッグ,34.699833,135.547930
シルク,35.732189,140.273684
マツモトキヨシ,34.722356,135.363542
ドラッグモリ,33.142384,129.800784
くすりの福太郎,35.732349,140.276171
スギ薬局,35.158673,136.904732
マツモトキヨシ,35.898872,139.911659
ヘルスケアセイジョー,35.699709,139.506757
スギ薬局,35.791693,139.443051
ドラッグセイムス,35.721523,139.313626
ディスカウントドラッグ コスモス 伊予店,33.768484,132.708702
マツモトキヨシ,35.697706,139.825487
ダイコクドラッグ,35.689994,139.697118
スギ薬局,34.683642,135.508315
ダイコクドラッグ,34.682860,135.506303
スギ薬局,35.694518,139.693061
スギ薬局,34.683559,135.516519
ケアーズドラッグ,34.858126,135.624955
スギ薬局,34.727041,135.607956
サンドラッグ,35.804390,139.413532
セイジョー 狭山ヶ丘店 (SEIJO),35.805326,139.413328
スギ薬局,34.849952,135.622067
ダイコクドラッグ,34.850241,135.622884
B＆D,35.140179,136.923726
スギ薬局,35.707399,139.957084
マツモトキヨシ,35.655383,139.734481
マツモトキヨシ,35.574373,139.658309
セイジョー,35.684199,139.669149
ザグザグ,34.613226,133.564929
ハックドラッグ,35.894028,139.950288
オーエスドラッグ,35.529730,139.699568
サンドラッグ,35.529949,139.699418
マツモトキヨシ,35.529275,139.699214
マツモトキヨシ,35.845759,139.538778
スギ薬局,35.736968,139.442851
サンドラッグ,35.666978,139.469896
マツモトキヨシ,35.745708,139.416168
V・ドラッグ,35.278894,136.863662
マツモトキヨシ,35.697541,139.768035
スギ薬局,35.271771,136.869468
サンドラッグ,33.590303,130.396017
サンドラッグ,35.276561,136.870217
オーエスドラッグ,34.724045,135.552474
オーエスドラッグ,34.724358,135.554732
ドラッグユタカ,35.274971,136.869725
ドラッグH2O,33.581084,131.233641
ドラッグストア モリ,33.587608,131.218467
ディスカウントドラッグ コスモス,33.601509,131.209813
マツモトキヨシ,33.596846,131.226542
ドラッグ スギヤマ,35.006933,136.521476
ウェルパーク,35.637785,139.574021
ダックス,34.939955,135.795406
クリエイトSD,35.508722,139.534469
セイジョー,35.657860,139.312644
マツモトキヨシ,35.618058,140.111875
ドラッグストアコスモス 北山店,34.841091,135.703232
ココカラファイン,35.514007,139.539107
ハックドラッグ,35.496435,139.535653
ドラッグササオカ 三津店,33.862270,132.724009
ヤックスドラッグ 館山バイパス店 (Yac's),35.013548,139.871262
サンドラッグ,35.706113,139.649789
マツモトキヨシ,35.842781,139.707266
セイムス,35.826858,139.704326
マツモトキヨシ,35.827359,139.692573
ウォンツ,34.397340,132.449107
ココカラファイン,35.694991,139.698849
サンドラッグ,35.641710,139.332943
ドラッグセイムス,35.790026,139.220510
スギ薬局,34.686183,135.506733
セイジョー,35.688381,139.600129
V・ドラッグ,35.415059,137.060546
ぱぱす,35.737339,139.653193
マツモトキヨシ,35.303286,136.796916
ダイコクドラッグ,34.682705,135.501438
クリエイトSD,35.452624,139.479094
薬王堂,39.621461,141.962778
ぱぱす,35.781013,139.665731
マツモトキヨシ,35.318271,139.339066
welcia,34.670350,135.598933
Fit Care DEPOT,35.563396,139.570854
GENKY,35.274532,136.864306
スギ薬局,35.667480,139.714970
ドラッグシノザキ,35.437958,139.459048
ハックドラッグ,35.458111,139.561793
スギ薬局,35.132476,136.889910
クリエイト,35.457465,139.553840
ドラッグコスコ,36.699380,138.313587
ゴダイドラッグ,34.807867,134.620828
B&Dドラッグストア,35.308851,136.812365
ドクターベルツ,35.663314,139.667354
セイジョー,35.641996,139.519827
ツルハドラッグ,43.052723,141.377842
ドラッグセガミ,34.319575,134.045316
一本堂,35.662311,139.665882
ディスカウントドラッグコスモス,34.296194,134.053545
ザグザグ,34.325224,134.045369
ドラッグセガミ,34.304814,134.016833
ザグザグ,34.273862,134.034373
レデイ薬局,34.305412,134.051906
ディスカウントストア ザグザグ,34.313296,133.999676
ココカラファイン,34.759678,135.495906
コスメプラウド ハコダテ,41.793947,140.757674
Чудодей,43.111787,131.937348
ドラッグコスモス,33.273904,129.871590
ドラッグストアモリ,33.319108,130.517432
ドラッグコスモス,33.579282,130.259855
ドラッグコスモス,33.440410,129.964584
ドラッグストアモリ,33.263743,129.857859
スギ薬局,34.833923,137.230496
マツモトキヨシ,35.615588,139.091424
ツルハドラッグ,41.823584,140.680989
ウェルパーク,35.746346,139.406002
サンドラッグ,35.157785,136.807637
V・ドラッグ,35.137413,136.817215
スギ薬局,35.122439,137.182722
スギ薬局,35.583669,139.712451
welcia,34.984283,138.381858
マツモトキヨシ,35.665443,139.893302
ゴダイドラッグ篠山店,35.064893,135.190474
ぱぱす,35.670024,139.714866
ウエルシア薬局,34.993082,138.513098
大賀薬局,33.582808,130.357005
マツモトキヨシ,35.168016,136.896933
コスモス,35.005189,135.770638
マツモトキヨシ,35.005995,135.767289
ツルハドラッグ,35.514138,139.537720
マツモトキヨシ,34.827945,134.691410
ミドリ薬品,26.261477,127.762893
ダックス,35.003684,135.590523
サッポロドラッグストアー (Sapporo drug store),43.740869,142.372556
ツルハドラッグ 神楽岡店 (Tsuruha Drug),43.739862,142.374122
スギ薬局,35.690002,139.616100
マツモトキヨシ,35.779461,139.723784
どらっぐぱぱす,35.775649,139.722259
クスリオーエスドラッグ,35.779494,139.724397
サンドラッグ,35.779349,139.724508
ながたや,35.779641,139.725748
ココカラファイン薬局,35.701458,139.481086
サンドラッグ,35.700920,139.481169
welcia,35.733578,139.465038
クリエイト,35.511498,139.525486
サンドラッグ,34.791432,135.356785
ドラッグ スギ,35.884950,139.637728
ドラッグセイムス 戸田喜沢薬局店,35.813036,139.696696
アカカベ,34.698871,135.533485
ココカラファイン,34.715773,135.546458
POLA THE BEAUTY,35.562181,139.571358
DRUGユタカ,35.005450,135.585195
welcia,35.553923,139.578152
ひまわり薬局,35.003219,135.595810
B&Dドラッグ,35.109010,136.885809
ダイコクドラッグ,34.691467,135.191607
ウェルパーク,35.663034,139.544944
ドラッグストア モリ,33.287458,130.092638
サンドラッグ,35.704140,139.457675
ゴダイドラッグ神崎店,35.063977,134.773186
ウエルシア薬局,34.998048,138.434730
クリエイトSD,35.476489,139.455654
マツモトキヨシ,34.829631,134.691909
クリエイトSD,35.393582,139.463934
クリエイト,35.485010,139.444613
ドラッグセイムス前川2丁目店,35.837095,139.718362
ミネドラッグ,35.657156,139.530609
コスモス,34.833657,134.592997
ウエルシア薬局,35.023598,138.488674
,39.590364,140.563821
ココカラファイン,35.665770,139.640664
welcia,34.717595,135.817239
クリエイトSD,35.572142,139.597656
セイジョー,36.343941,138.619060
マツモトキヨシ,35.719853,140.019771
ツルハドラッグ,35.435814,139.441902
クリエイト,35.452276,139.423103
ゴダイドラッグ,34.828712,134.691619
マツモトキヨシ,34.645532,135.512305
レデイ薬局小松島店,34.013544,134.579853
クリエイト,35.336383,139.393952
セイムス,35.339477,139.383309
スギ薬局,34.712043,135.540799
ゴダイドラッグ,34.823066,134.731082
ゴダイドラッグ,34.830385,134.714603
Fit Care DEPOT,35.559936,139.573175
ウエルシア薬局,35.558563,139.424065
サンドラッグ,35.613021,139.381394
ウエルシア 藤枝岡部店,34.903918,138.284123
クスリのアオキ神明店,35.972026,136.175128
サンドラッグ,35.679200,139.931642
杏林堂薬局姫街道店,34.772134,137.708844
杏林堂ドラッグストア,34.816438,137.678745
クスリのアオキ (Aoki Drug Store),36.546913,136.630392
ココカラファイン,34.771049,137.670340
サンドラッグ,35.697660,139.647908
スギ薬局,35.824803,139.712387
セイジョー,34.762048,137.705628
ツルハドラッグ,45.398840,141.684390
スギ薬局,35.703420,139.584922
マツモトキヨシ,35.439770,139.364439
ジップドラッグ,34.760274,137.779393
杏林堂薬局　於呂店,34.847630,137.805187
クリエイトSD,34.757546,137.727104
杏林堂薬局天王店,34.733759,137.770813
ツルハドラッグ,41.771399,140.733491
welcia,34.771686,137.744919
オーエスドラッグ,34.784640,135.628988
サンドラッグ田家店,41.798292,140.743233
ツルハドラック,41.795921,140.742546
クリエイト,35.651710,139.439968
ツルハドラッグ,41.819440,140.741186
ドラッグアカカベ 萱島店,34.753953,135.608870
マツモトキヨシ,34.694102,135.783403
くすりの福太郎,35.663693,139.861847
杏林堂薬局 向宿店,34.704189,137.751207
杏林堂薬局 芳川店,34.684646,137.766161
杏林堂薬局,34.788781,137.776237
キリン堂,34.803250,134.587449
マツモトキヨシフォリオ大泉店,36.247574,139.416003
ウエルシア群馬大泉店,36.241309,139.403300
たけとも化粧品店,35.022973,135.751569
マツモトキヨシ,35.345236,139.412283
杏林堂薬局 ドラッグストア浜北店,34.809325,137.801457
杏林堂薬局ドラッグストア,34.726224,137.818994
부원약국,35.168345,128.053140
クリエイト,35.486955,139.456559
マツモトキヨシ,34.839050,134.640419
ウォンツ府中本町店,34.397541,132.505504
クスリ岩崎チェーン,34.380427,132.509753
ハックドラッグ鎌倉店,35.319360,139.551973
アメリカンドラッグ,36.677658,138.230721
杏林堂薬局,34.846611,137.810749
B&Dドラッグ,35.168434,136.995629
ドラッグスギヤマ,35.114786,136.741221
ツルハドラッグ,35.557343,139.399764
マツモトキヨシ,35.800337,139.903645
スマイルドラッグ,35.403176,139.517601
ドラッグストア モリ,32.692593,128.848924
ドラッグセイムス 藤沢土棚店,35.407119,139.461755
スギドラッグ,34.677564,135.549311
onnuri drugstore,37.259234,127.043233
コクミン薬局,33.583601,130.325742
welcia,35.521901,139.628695
ウエルシア薬局,35.574677,139.364416
ドラッグセイムス,35.549744,139.479689
くすりセイジョー,35.400072,139.536252
クリエイト,35.460133,139.514928
セイムス,35.459275,139.533661
ゴダイドラッグ,34.827938,134.666011
ウエルシア,35.401059,139.530417
クリエイト,35.342765,139.470025
マツモトキヨシ,35.415928,139.470132
ウェルパーク,35.411857,139.500283
スギドラッグ,35.244634,138.614863
薬ヒグチ,34.564868,135.462029
マツモトキヨシ,33.949628,130.924100
スギ薬局,35.122221,135.918606
スギ薬局,35.103252,135.904915
どらっぐ ぱぱす,35.571444,139.662741
マツモトキヨシ,35.986179,138.152920
スギ薬局,34.560151,135.473242
キリン堂,34.561631,135.474490
マツモトキヨシ,34.563651,135.474813
フクダ新生堂,32.884531,130.749426
ディスカウントドラッグコスモス,34.347774,134.022209
アルファー薬品店,34.600967,135.487900
ウェルパーク,35.483375,139.392118
キリン堂,34.929370,134.837887
ドラッグセイムス,35.528332,139.507729
Fit Care Depot,35.535246,139.517223
ひまわり調剤薬局,35.270530,136.972696
キリン堂,34.925191,134.849734
マツモトキヨシ,35.599598,139.610677
V・ドラッグ,35.111215,136.826472
GENKY,35.111912,136.825763
クスリのアオキ,35.460846,135.397500
スギ薬局,34.738813,135.489859
ツルハドラッグ 喜多方南店,37.641603,139.885819
どらっぐぱぱす,35.683893,139.738939
ココカラファイン,35.025244,135.740372
スギ薬局,34.990956,135.693147
ココカラファイン,35.044657,135.791657
マツモトキヨシ,35.543125,139.446600
welcia,35.971613,139.604004
ココエ,34.930814,134.827737
クリエイト,35.349375,139.497244
セイムス,35.360070,139.353632
スギ薬局,35.330587,139.339770
ドラッグセガミ　島泉店,34.575535,135.583917
スギドラッグ,35.676883,139.505487
クリエイトSD,35.525992,139.406110
くすりの福太郎,35.732170,139.910513
くすりの福太郎,35.739657,139.917962
クリエイト,35.350254,139.520821
Nalelu,34.835180,137.339130
エステジュール,35.661368,139.379186
サンドラッグ,35.400658,139.531556
クスリのアオキ,36.518226,136.899464
ドラッグセイムス,35.743098,139.250022
ウェルパーク,35.729229,139.254892
クスリのアオキ,36.738970,137.016663
クリエイトSD,35.597864,139.311246
サンドラッグ,35.597923,139.312812
ドゥクール,34.834476,137.343845
サーバ,34.645156,135.538951
スギドラッグ,34.624529,135.558861
welcia,36.678677,136.975990
サンドラッグ上小町店,35.905602,139.609770
ツルハドラッグ,37.189653,140.336945
クリエイト,35.459567,139.541371
クリエイト,35.456175,139.581612
V・ドラッグ,35.493474,136.899825
スギドラッグ,34.884408,135.795885
ドラッグセイムス,35.776513,139.296722
ひまわり薬局,34.711184,135.460305
ポーラ,34.831001,137.355211
セイムス,35.787986,139.460412
くすりの福太郎,35.625813,139.726883
キリン堂,34.727981,135.464127
スマイルドラッグ,35.632435,139.536120
マツモトキヨシ,35.894557,139.635544
オーエスドラッグ,35.728370,139.539553
キリン堂,34.996255,135.721071
ひまわり薬局,34.975495,135.665028
クリエイトSD,35.755990,139.319514
ケアーズドラッグ,35.003756,135.750161
マツモトキヨシ,35.491768,139.455445
,43.134721,131.898879
マツモトキヨシ,31.915071,131.421586
ドラッグセイムス,35.824088,139.723682
アカカベ,34.725201,135.578062
ココカラファイン,34.692456,135.644433
サンドラッグ,35.907617,139.624864
森田薬房,34.681809,135.649337
こぼりや化粧品店,35.889759,140.496696
クリエイトSD,35.359635,139.444089
すみれ化粧品店,35.894120,140.493521
キリン堂,34.760560,135.790570
ハックドラッグ,35.410402,139.511548
クリエイトエス・ディー,34.827838,138.131528
ウエルシア,34.733603,137.877121
ウエルシア,35.001934,138.482338
Blush,43.027993,131.886626
サンドラッグ,35.599381,139.577504
サンドラッグ,36.140012,139.464348
クリエイトSD,35.590234,139.582327
ウェルパーク,35.771085,139.659563
ユタカ薬局,34.984167,135.817586
くすりの福太郎,35.683405,139.914614
マツモトキヨシ,35.004011,135.770699
スギ薬局　山科椥辻店,34.971977,135.811502
美肌新生,34.914411,135.803348
サンドラッグ,35.724330,139.497890
ツルハドラッグ,35.399943,139.532604
ミネドラッグ,35.652566,139.544306
ダイコクドラッグ,34.672388,135.496876
薬王堂,38.687782,141.437336
セイムス,35.548752,139.379790
ドラッグ ウェルシア,37.557242,139.829252
ツルハドラッグ,39.340556,141.534384
スギ薬局,34.882283,138.273930
ラブリー,34.074702,134.549617
クリエイトエス・ディー,34.838007,138.317413
ウエルシア薬局,35.436046,133.842872
ドラッグストアウェルネス倉吉南店,35.434793,133.819294
サンドラッグ,33.884129,130.879892
スギ薬局,34.875321,138.297732
HAC ドラッグ,35.457290,139.605266
クリエイト,35.456381,139.604598
Felice Towako Cosme,35.665869,139.712890
セイジョー,35.455111,139.604016
ドラッグ　セイムス,35.431805,139.612290
ツルハドラック 猪苗代店,37.557562,140.113985
クスリのアオキ さつき野店,37.807814,139.116874
サンドラッグ,37.557460,140.108627
ムラサキや,39.088102,141.709817
スギ薬局岡本店,34.728346,135.275980
ハッピー・ドラッグ,41.285873,141.214050
ハッピー・ドラッグ,40.856836,140.680770
キリン堂,35.042173,135.545994
屈臣氏,43.864161,125.311840
屈臣氏,43.860850,125.299275
コンビニ＋ドラッグストア,35.453685,139.602936
クリエイト・エスディー,35.453796,139.603831
セイムス,35.349164,139.495685
コスメティックス サカエヤ,36.375436,140.472378
ツルハドラッグ,35.496673,139.447930
マツモトキヨシ,35.446031,139.599466
HACドラッグ,35.448672,139.599093
サンドラッグ,35.485954,139.445796
薬王堂　遠野店,39.335562,141.547876
薬王堂　釜石店,39.258600,141.824297
クリエイトSD,35.579762,139.582201
トモズ,35.580690,139.571644
スギ薬局,35.542667,139.461044
ヘルスケア セイジョー,35.423602,139.599680
クリエイトSD,34.979564,138.417070
サンドラッグ,35.724065,139.298379
ダイコクドラッグ,34.746778,135.357402
V・ドラッグ 中部薬品,35.201180,136.918863
Мегуми,43.118106,131.884834
クリエイトSD,35.403710,139.413139
ドラッグセイムス,35.419177,139.453119
クリエイトSD,35.502497,139.432103
クリエイトSD,35.586907,139.590900
ザグザグ,34.646957,133.902796
スーパードラッグひまわり,34.640774,133.903443
Ледивилль,43.130212,131.892143
B&Dドラッグ,35.171126,136.798997
スギドラッグ,35.189892,136.786949
クスリのスギヤマ,35.439126,139.614786
ハックドラッグ,35.487235,139.653294
マツモトキヨシ,34.680292,135.533848
コスモス薬局,34.671059,133.912100
B&Dドラッグ,35.156034,136.875913
スギ薬局,34.652188,135.506338
ツルハドラッグ,43.597030,142.464300
くすりのラブ,34.649771,133.894044
キリン堂,34.117273,134.492110
サツドラ,42.692512,143.128983
ツルハドラッグストアー,42.898307,143.196100
ザグザグ,34.649134,133.880853
セイムス,35.431007,139.555648
ツルハドラッグ,43.074669,141.297950
BonJouR,43.089971,131.967277
すみれや,36.561630,136.652117
マツモトキヨシ,35.815793,139.926924
ワミレスウインズサロン大分,33.236467,131.609768
ハッピードラッグ,41.285823,141.179891
ハッピードラッグ大間店,41.523968,140.905523
ココカラファイン薬局,35.631924,139.647163
ココカラファイン,35.627423,139.633360
サンドラッグ,42.471844,140.871730
クリエイトSD,35.588640,139.567815
たんぽぽ介護用品店,35.295329,139.586175
Fit Care DEPOT,35.509248,139.545134
V Drug,34.778218,136.855599
Fit Care DEPOT,35.523413,139.521741
くすりの福太郎,35.763246,139.997930
サンドラッグ,35.704024,139.636871
マツモトキヨシ,35.703059,139.636677
くすりの福太郎,35.700454,139.981972
くすりの福太郎,35.704102,139.999288
くすりの福太郎,35.715168,139.970590
くすりの福太郎,35.718233,140.016749
くすりの福太郎,35.721975,139.982550
welcia,35.708075,139.991711
ウエルシア,35.724002,140.025408
スギ薬局,35.698252,139.984844
welcia,35.648718,139.703159
ディスカウントドラッグコスモス 富士が丘店,34.891295,135.196370
ドラッグセガミ,35.716133,139.978390
Wants,34.350105,132.330253
セイムス,35.630937,139.642268
スギ薬局,35.633911,139.645427
ハックドラッグ,35.438508,139.574576
クリエイトSD,35.401489,139.571236
くすりの福太郎,35.646172,139.804200
くすりの福太郎,35.708424,140.011030
セイジョー,35.397053,139.467021
わかば化粧品店,35.508772,139.444475
サンドラッグ,34.731998,135.558046
ライフォート,34.731776,135.559042
山本,34.733662,135.571870
マツモトキヨシ,35.099932,136.900050
キリン堂,34.662782,135.016993
どらっぐ ぱぱす,35.657645,139.794604
くすりの福太郎,35.660051,139.792681
クリエイトSD,35.700167,139.720456
ココカラファイン,35.641799,139.672840
セイムス,35.640978,139.673716
コスモス調剤薬局,35.158916,136.890523
サンドラッグ,38.224478,140.885402
くすりの福太郎,35.700284,139.984665
くすりの福太郎,35.721460,139.991075
ウエルシア,35.766417,140.020063
ドラッグセイムス,35.694059,139.792525
マツモトキヨシ,35.753447,140.004754
マツモトキヨシ,35.766621,140.021950
マツモトキヨシ,35.748985,139.567308
スギ薬局,34.739672,135.498909
ドラッグコスコ 大町店,36.519653,137.850859
ドラッグイレブン,33.206121,131.596660
ウエルシア薬局,35.650508,138.637116
ゴダイドラッグ 大宮店,35.587029,135.097675
ドラッグかのこ,35.416017,139.623645
セイジョー,35.683584,139.627455
クリエイトSD,35.708814,139.422376
welcia,35.717304,139.468741
スギ薬局,35.702070,139.636707
ココカラファイン,35.702486,139.636679
HIRATAYA,35.703444,139.636785
ドラッグユタカ,35.008478,135.761767
スギ薬局,35.600463,139.569722
クスリのアオキ菅原店,36.525457,136.614974
welcia,36.759912,137.003152
クスリのアオキ間明薬局,36.566386,136.613699
ウエルシア,36.597243,136.670087
ドラッグストア セキ 小手指町店 (SEKI),35.806032,139.437257
ヤックスドラッグ,35.715863,140.042310
ココカラファイン,35.675576,139.643716
クスリのアオキ 相木店,36.527607,136.563142
m's DRUG,34.646455,135.638367
ココカラファイン,34.659757,135.639794
サンドラッグ,34.662730,135.640201
クスリのアオキ上北島店,36.736450,136.978509
すずや,35.697278,139.666958
ドラッグイレブン,31.591641,130.556977
welcia,35.745887,139.334123
マツモトキヨシ,35.489125,139.450980
サンドラッグ,35.486193,139.458743
welcia,35.687248,139.305466
サンドラッグ,35.679612,139.315535
クスリのアオキ高松店,36.760391,136.716175
ぱぱす,35.748243,139.848891
SHISEIDO,35.495567,134.228102
ベニ屋,35.496684,134.229183
あき,35.497646,134.230160
美粧堂,35.495691,134.227697
マツモトキヨシ,35.687356,139.599783
ツルハドラッグ,35.583932,139.506691
ウェルシア薬局,35.690563,139.572643
キリン堂,34.802472,134.673706
welcia,35.515349,139.536006
ドラッグコスモス,32.931581,129.936198
シメノドラッグ 高柳店,36.591238,136.661335
スギ薬局,35.010627,135.768687
ヤックスドラッグ千城台店,35.622521,140.187450
マツモトキヨシ,36.296238,139.941345
カフェ・ド・クリエ,35.168997,136.911325
ココカラファイン,34.614402,137.202388
ココカラファイン,35.615623,139.714686
V・ドラッグ,36.682654,137.264053
シメノドラッグ,36.665354,136.730372
クスリのアオキ,36.665538,136.727948
アオキ薬局,36.381192,140.461654
POLA,34.686820,135.827367
ココカラファイン,35.594604,139.604963
サンドラッグ,34.724115,135.554113
ウェルパーク,35.584137,139.582765
ベジタブルドラッグストア,35.585314,139.582347
ツルハドラッグ,42.889334,140.750436
ドラッグ 城南,36.379789,140.461136
セイジョーストア,35.295005,139.577506
ドラックストアコメヤ,36.751747,136.712601
DRUGユタカ,34.855166,135.675535
ドラッグユタカ 西草津店,35.031769,135.944861
ウエルシア,35.034072,138.467908
クリエイトSD,35.032807,138.468664
屈臣氏,43.866249,125.311893
ＭＩＣ・資生堂化粧品専門店,36.372041,140.475180
ツルハドラッグ,33.590753,130.397643
くすりのミネサキ,31.340292,130.925191
東串良店,31.403548,130.974629
ハックドラッグ,35.342432,139.620787
サンドラッグ,32.943300,129.935881
welcia,35.690977,140.070896
くすりの福太郎,35.688451,140.069388
サンドラッグ,34.752623,137.731021
ぱぱす,35.565138,139.689008
調剤薬局ツルハドラッグ会津湯川店,37.490608,139.921235
コスモ２１　大根占店,31.225720,130.769428
コスモス,31.392457,130.873357
スギ薬局,35.792987,139.482453
コスモ21　大根占店,31.242815,130.786057
コスモス,31.239869,130.782572
ココカラファイン,35.131227,136.786120
ダイコクドラッグ,35.698297,139.775226
杏林堂薬局,34.706254,137.728417
薬王堂　花巻東和店,39.382924,141.230158
ツルハドラッグ,39.386426,141.135323
ツルハドラッグ,37.399751,140.372377
クリエイトエス・ディー,35.626650,139.555334
ツルハドラッグ,43.069649,141.331689
薬王堂,38.060335,140.783045
くすりの福太郎,35.725061,139.883390
マツモトキヨシ,35.640103,139.436723
くすりの福太郎,35.779863,139.999911
くすりの福太郎,35.804020,139.949427
welcia,35.753513,139.937856
マツモトキヨシ,35.742431,139.990976
ドラッグイレブン,32.012106,130.196676
のばら,34.772790,138.015572
ツルハドラッグ,38.061232,140.795183
ウェルシア薬局,35.016403,138.446152
セイムス,33.567683,133.542843
ウエルシア,35.794462,139.980878
マツモトキヨシ,35.795402,139.996090
サンドラッグ,35.597506,139.337074
welcia,35.666024,139.859754
マツモトキヨシ,35.790005,139.966510
ウエルシア,35.790944,139.965612
welcia,35.791617,139.973363
コスモス,34.317278,135.610655
ジップドラッグ　王寺店,34.584468,135.704603
キリン堂,34.585927,135.718531
ダイコクドラッグ,34.758265,135.496680
ウエルシア,35.730017,139.599881
welcia,35.725586,139.591728
ぱぱす,35.749007,139.770669
welcia,35.732462,139.767413
welcia,35.731449,139.765217
ドラッグユタカ,34.961539,135.703599
ドラッグ　ユタカ,34.845310,135.681171
ドラッグ コスモス,33.505033,130.438996
ドラックストアモリ,33.506166,130.439079
サンドラッグ,33.516093,130.435699
ドラッグセイムス,35.999212,139.615420
ザグザグ,34.672508,133.967233
トモズ,38.258730,140.872420
どらっぐぱぱす 西新宿店,35.690780,139.687228
マツモトキヨシ,35.495005,139.447362
ひまわり薬局,35.299235,139.574342
スギ薬局,35.989837,139.635226
ダイコクドラッグ,35.568514,139.552725
ドラッグセイムス,35.952985,139.666805
ウエルシア薬局,35.957013,139.659374
オーエスドラッグ,34.933065,135.761815
welcia,35.944444,139.371044
ウエルシア府中是政店,35.658449,139.490750
スギ薬局,35.731769,139.576820
セイジョー,35.731711,139.550190
ココカラファイン,34.687623,135.185488
ココカラファイン,34.683529,135.180029
スギ薬局,34.720344,135.523398
スギ薬局,34.717002,135.530377
マツモトキヨシ,34.688722,135.189212
ドラッグセイムス 青梅河辺店,35.782354,139.293905
サンドラッグ,35.760137,139.322773
ウェルシア,36.736437,138.247573
welcia,35.609227,139.668193
ココカラファイン,35.726211,139.716854
くすりの福太郎,35.779789,139.998341
スマイル,35.443189,139.630115
ドラッグセイムス,35.945738,139.643868
サツドラ,43.058697,141.314645
杏林堂,34.893141,138.263865
,37.398242,140.386188
杏林堂ドラッグストア,34.844920,138.231337
マツモトキヨシ,35.705235,139.366952
ハシドラッグ,37.728117,140.451457
マツモトキヨシ,35.669595,139.716720
マツモトキヨシ,35.727010,139.711673
ウエルシア,35.005258,138.445897
サンドラッグ,40.486058,141.464295
マツモトキヨシ,35.607719,139.671446
スギ薬局,35.168617,136.900020
スギドラック　戸田下前店,35.806576,139.688873
クリエイトSD,35.339841,139.504508
welcia,35.695396,139.766848
ジャパン三田本町店,34.882805,135.230338
薬の仙昌堂,35.530116,139.433839
ウェルシア,36.784622,140.359923
マツモトキヨシ,35.744062,139.854685
キリン堂,34.904222,135.190245
ツルハドラッグ 上山四ッ谷店,38.165700,140.282533
ドラッグセガミ,34.655187,135.547116
ドラッグヤマザワ 城西店,38.260495,140.322477
ドラッグセイムス,35.454380,139.417762
キリン堂,35.706958,139.842669
ドラックユタカ,35.176578,136.863382
中川ドラッグ,35.141147,136.901017
サンドラッグ,35.787166,139.472568
マツモトキヨシ,35.788319,139.471911
welcia,35.129005,136.895856
ドラッグ スギヤマ,35.111546,136.851910
ドラッグ スギヤマ,35.128396,136.848849
Megumi,43.111321,131.937479
ドラッグユタカ,35.147106,136.729780
クリエイトSD,35.654137,139.334157
Aiduaili,43.116090,131.885124
ドラッグたむら,36.682910,138.932499
ハックドラッグ,35.480221,139.339304
ドラッグ　モリヤマ,34.327267,136.839362
クリエイトSD,35.416850,139.447735
サツドラ,43.056874,141.350744
ミドリ薬品 一万城店,31.722546,131.100112
マツモトキヨシ,35.730710,139.966308
くすりの福太郎,35.730378,139.967232
スギ薬局,34.984845,135.732751
サツドラ,43.066578,141.307382
ヒグチ,34.653346,135.541961
ツルハドラッグ 石巻広渕店,38.472801,141.215548
新生堂薬品,31.347468,130.942807
welcia,35.701614,140.028260
コクミン,34.645376,135.512265
ダイコクドラッグ,34.646310,135.511804
オーエスドラッグ,34.680550,135.530863
ココカラファイン,35.541849,139.442658
ココカラファイン,34.328615,136.820768
スギ薬局橋目店,34.981241,137.138249
クリエイトSD 千葉千城台店,35.617558,140.193385
くすりの福太郎,35.687639,139.798086
マツモトキヨシ,35.774223,140.320005
セガミ薬局,34.642822,135.552987
サンドラッグ,35.573352,139.419598
渋谷OSドラッグ横浜,35.464453,139.618758
ツルハドラッグ,35.464036,139.617545
ダイコクドラッグ,34.574686,135.482266
ウェルシア,35.899836,139.588209
ウエルシア,34.977102,138.495943
ハックドラッグ 横浜磯子店,35.402608,139.615344
くすりの福太郎,35.690025,139.833411
くすりの福太郎,35.689866,139.834163
くすりの福太郎,35.689999,139.834007
くすりの福太郎,35.689977,139.837791
ドラッグストア スマイル,35.691085,139.837682
ドラッグ大賀,33.589454,130.417581
サッポロドラッグストアー,42.319336,140.973463
welcia,35.719097,140.053228
B&D ドラッグストア,35.149983,136.847360
HACドラッグ御殿場富士岡店,35.250838,138.921545
クスリ岩崎チェーン,34.068676,131.759912
クリエイトSD,35.585680,139.232245
ドラッグストアセイムス岩渕店,35.834033,139.316784
コスモス,33.546944,133.721008
クリエイトSD,35.727891,139.433977
クスリのアオキ野々市中央店,36.517755,136.610428
サンドラッグ,35.827132,139.572878
キリン堂,34.799555,135.585001
オーエスドラッグ,34.630465,135.053164
ダイコクドラッグ,34.630712,135.052987
マツモトキヨシ,34.629489,135.054820
ツルハドラッグ,35.445347,139.627552
サンドラッグ,35.650556,139.543322
welcia,34.682399,135.817971
welcia,35.547191,140.208043
スギ薬局,35.641703,139.575761
welcia,34.688282,135.810862
杏林堂,34.704258,137.732157
クリエイトSD,35.502298,139.443566
ウェルシア薬局富士見渡戸店,35.860932,139.537664
ヤックスドラッグ,35.128561,140.016651
コスモス,34.054543,131.799279
ウエルシア,34.665174,135.062858
ドラッグエース,35.854194,139.535410
スギ薬局 ジェームス山店,34.645521,135.073908
マツモトキヨシ,35.858379,139.548436
ツルハドラッグ,43.144666,141.357569
ドラッグエース ふじみ野店,35.863551,139.525659
トモズ,35.459420,139.611055
ドラック　スギ,36.203870,139.282711
ドラッグイレブン,33.588747,130.390841
ウエルシア 豊川平尾町店,34.844166,137.336609
ツルハドラッグ,43.049010,141.349041
スギ薬局,35.176146,136.865687
ツルハドラッグ,43.053601,141.334490
welcia,34.314197,135.597515
サンドラッグ,43.053657,141.329328
グッドマン,35.174892,136.875556
サツドラ,43.050321,141.334657
ポーラ・ザ・ビューティ 松山市駅前店,33.836678,132.763576
ツルハドラッグ,38.283452,140.956767
ツルハドラッグ,43.046442,141.323262
マツモトキヨシ,35.765984,139.695729
マツモトキヨシ,34.657774,135.528584
welcia,35.695908,138.720303
スギ薬局,34.709074,135.545869
コクミン薬局,34.853253,135.576583
POLA化粧品 エステサロン,34.852879,135.578721
welcia,35.747174,139.322516
サンドラッグ,35.693933,138.686218
マツモトキヨシ 六高台店,35.797429,139.982281
ウエルシア薬局松戸六高台店,35.798241,139.983710
ぱぱす,35.696613,139.709211
サンドラッグ,34.513989,135.425476
コクミン,35.701600,139.523165
サツドラ,43.040810,141.326774
ミネドラッグ,35.554203,139.646213
マツモトキヨシ,35.452115,139.630406
ドラッグセガミ,34.050112,131.828257
ウォンツ,34.050606,131.827505
スギドラッグ,34.702075,135.511409
ウエルシア,35.974483,140.135199
クスリ岩崎チェーン,34.052536,131.827798
ツルハドラッグ,35.648436,138.581400
クスリ岩崎チェーン,34.062152,131.820541
ウエルシア薬局,36.108307,139.224895
ハックドラッグ,35.369211,139.639153
マツモトキヨシ,35.362000,139.639029
サツドラ,43.044889,141.344197
クリエイトSD,35.742334,139.398369
サンドラッグ,35.738360,139.415030
ウェルパーク,35.740869,139.431089
マツモトキヨシ,34.815509,137.372977
サンドラッグ,35.722205,140.043519
薬ヒグチ,35.722991,140.045995
ドラッグストアー ミヤキ,35.734421,139.333113
クリエイトSD,35.526391,139.449908
スギ薬局,34.676061,135.497207
クリエイト,35.708875,139.908563
スギ薬局,34.632462,135.516409
ツルハドラッグ,43.040516,141.336893
ツルハドラッグ,43.076673,141.303424
サツドラ,43.040667,141.335675
ツルハドラッグ,43.040729,141.346220
コスモス,34.038220,131.843149
サンドラッグ,35.642445,139.307114
マツモトキヨシ,37.485119,139.908667
ぱぱす,35.718989,139.616325
スギ薬局,35.719243,139.609501
クリエイトSD,35.722795,139.572337
ツルハドラッグ,43.030105,141.345229
マツモトキヨシ,43.030446,141.342441
キリン堂,34.797532,135.354901
welcia,35.362171,139.641146
スマイルドラッグ　愛甲石田店,35.411169,139.340320
ウェルシア薬局,35.801471,139.959966
ドラッグストア  スマイル,35.435891,139.620799
welcia,35.439856,139.628134
マツモトキヨシ,35.879680,139.931138
welcia,35.296110,139.581349
ツルハドラッグ,33.550655,133.442586
サンデーズ,34.586401,132.290061
ウエルシア下田中店,34.682530,138.947633
welcia,35.558402,139.432689
ココカラファイン,35.547925,139.443792
MMドラッグ,35.438065,139.623025
ドラッグセガミ,34.803944,135.383064
ドラックストアエース スーパーモール鳥取店,35.495339,134.203721
コスモス,34.015065,131.862313
薬王堂,38.913980,141.544991
ツルハドラッグ,43.996579,144.288780
ツルハドラッグ,44.024094,144.260999
スギ薬局,34.742239,137.372349
ウエルシア,37.076459,136.924048
クスリのアオキ,37.053320,136.957300
くすりの福太郎,35.689990,139.806072
スギ薬局,34.867509,136.588306
welcia,34.837108,138.160178
ドラッグセガミ,34.032329,131.901964
ココカラファイン,34.872707,136.544397
マツモトキヨシ,35.647173,139.710601
マツモトキヨシ,34.622642,135.506993
クリエイトSD,35.591415,139.381219
welcia,35.586270,139.392259
サンドラッグ 安城店,34.984931,137.083464
クスリ岩崎チェーン,34.035600,131.879800
クスリのアオキ,36.228262,139.184970
コスモス,34.036162,131.869401
スギ薬局,35.116091,136.861927
コスモス,34.056558,131.570126
ウォンツ,34.057855,131.567490
ウエルシア薬局木更津岩根店,35.412319,139.933702
B&D ドラッグ,35.176456,137.024478
ツルハドラッグ,43.015401,141.365906
ツルハドラッグ,35.593908,139.327651
Wants,34.392639,132.357548
クリエイト,35.589946,139.305032
ココカラファイン東脇店,34.753094,137.366753
ジップドラッグ,34.721953,137.385698
ドラッグスギヤマ,34.724595,137.391613
フォレストドラッグ,34.665796,135.542755
ツルハドラッグ,43.022817,141.357305
マツモトキヨシ,35.682262,139.806213
セイジョー,35.682312,139.798970
ツルハドラッグ,42.994979,141.453523
クスリ岩崎チェーン,34.135928,131.434786
クスリ岩崎チェーン,34.158879,131.435501
ツルハドラッグ,42.895859,140.751648
コスモス,34.155171,131.441604
welcia,35.999091,139.623115
ドラッグガーデン シオサカ,35.108790,138.568293
カワチ薬品,36.072431,139.615404
ドラッグストア セキ,36.069329,139.605716
ドラッグストア セキ,35.983170,139.840749
ツルハドラッグ,43.022134,141.474345
サンドラッグ,43.016114,141.434593
welcia,35.092892,138.862336
welcia,34.809426,134.675255
cosmetic house ルージュ,34.426148,135.554529
welcia,34.428769,135.555985
ドラッグ アオキ,35.475267,139.548819
ツルハドラッグ,44.352008,141.693383
ツルハドラッグ,43.064393,141.389195
ドラッグストア いしぐろ,35.478970,139.548424
ツルハドラッグ,43.066851,141.399578
マツモトキヨシ,35.789156,138.418121
マツモトキヨシ,36.386501,139.853888
ディスカウントドラッグ コスモス 小森野店,33.340170,130.513452
ベストドラッグ,35.114804,136.937284
ドラッグユタカ,34.854410,135.523451
ドラッグ モリヤマ,34.327143,136.814335
ツルハドラッグ,43.198247,140.996627
welcia,35.715579,139.430145
ツルハドラッグ,36.067637,138.098798
コスモス薬品,32.875797,130.872872
コスモス薬品,32.876911,130.863033
新生堂,32.876224,130.869147
ウェルパーク薬局,35.689299,139.576311
杏林堂,35.008454,138.425496
クスリのアオキ,36.065806,140.117029
三陸石鹸工房 KURIYA,38.446424,141.445334
おとも,39.025315,141.624840
ツルハドラッグ,37.997392,140.635803
キリン堂,34.857082,134.544657
ウエルシア,34.807909,137.549288
ゴダイドラッグ,34.875315,134.554744
コスモス,34.853298,134.553381
キリン堂薬局,34.717649,135.416737
ドラッグセガミ,34.705581,135.446486
杏林堂ドラッグストア,34.806510,137.652710
杏林堂薬局,34.792209,137.688806
ゴダイドラッグ,34.918871,134.546054
サンドラッグ,35.683471,139.448174
サツドラ,42.993453,141.350064
ココカラファイン,37.920079,139.046613
ゴダイドラッグ,35.005741,134.354328
ココカラファイン,37.922341,139.044526
ドラッグイレブン,33.229767,131.609939
キリン堂,34.710197,135.706148
ゲンキー中野店,35.383022,136.606894
Vドラッグ赤坂店,35.388612,136.588460
キリン堂,34.741118,135.532810
マツモトキヨシ,35.988794,139.733741
杏林堂,34.787617,138.028302
サンドラッグ,35.021425,138.483848
青木薬品,35.477324,139.543025
クリエイトS・D,34.766816,137.914833
杏林堂,34.775458,137.912549
ウエルシア,34.997061,138.369148
コクミン,34.833626,135.726266
クリエイトSD,35.431129,139.471665
ウエルシア,35.800599,139.457271
ツルハドラッグ,42.981257,141.349664
ウェルネス 吉成店,35.481513,134.227351
ジップドラッグ,34.626078,137.108361
杏林堂薬局,34.762484,138.017153
スギ薬局,34.699122,137.355601
ウェルシア,34.501384,135.488485
ドラッグセイムス,36.319235,138.991329
キリン堂,35.067452,135.992494
マツモトキヨシ,35.459919,139.479794
セイジョー,35.390909,139.493982
キリン堂 調剤薬局,34.822092,135.215988
キリン堂,34.822189,135.216034
スギ薬局,35.211736,136.949800
コクミン,34.861600,135.675450
ウエルシア東御かのう店,36.380838,138.312204
ツルハドラッグ,40.584956,140.500131
ハッピー・ドラッグ 桔梗野店,40.592364,140.465272
スーパードラッグアサヒ調剤薬局,40.596621,140.477579
クリエイトSD,35.446027,139.500772
スギ薬局,34.597927,135.512433
ハックドラッグ大井松田店,35.335987,139.140645
ドラッグ ゴトウ,35.692045,139.759638
HACドラッグ,35.546493,139.500275
ツルハドラッグ,35.684186,138.506960
コスモス,33.834190,130.869735
ドラッグイレブン,33.820904,130.877754
Vドラッグ,35.208740,136.963213
クリエイトSD,35.212146,136.941709
POLA,34.833275,137.397358
スギ薬局,34.807207,134.629857
マツモトキヨシ,33.044387,129.743748
ドラッグストア コスモス日向店,32.430900,131.628791
スギ薬局,34.926199,135.692411
フィットケアデポ,35.535485,139.503760
コスモス,32.403980,131.625362
welcia,35.165515,136.881778
サンドラッグ,35.872847,139.750088
コスモス,33.619219,130.462630
ウエルシア,34.950998,138.396472
ドラッグストアモリ,32.403706,131.624351
ツルハドラッグ湯川店,41.780600,140.789787
サツドラ,42.565266,140.823201
Fit Care DEPOT,35.596164,139.560110
ドラッグてらしま鹿沼粟野店,36.514583,139.693726
ドラッグセガミ,34.442364,132.469300
レデイ薬局,34.445657,132.465212
wants大洲店,34.387524,132.493782
セガミ,34.358673,132.535509
ドラッグユタカ,34.919399,135.799833
ひまわり調剤薬局,35.199308,136.968951
スギドラッグ,35.199682,136.970422
セイムス,35.195336,136.970376
ウェルネス 国府店,35.482407,134.254277
スギドラッグ,35.223347,136.962671
ココカラファイン薬局,34.663458,135.562212
マツモトキヨシ,26.216010,127.677036
V・ドラッグ,36.556792,136.636457
ツルハドラッグ,43.000184,141.337164
サンドラッグ,42.961983,141.302933
クリエイトSD,35.458656,139.397832
ハックドラッグ,35.603239,139.507421
Wants,34.382841,132.485196
クスリ岩崎チェーン,33.973197,131.922443
クスリ岩崎チェーン,34.070889,131.732370
ハックドラッグ,35.468272,139.398932
ミドリ薬品,31.595615,130.510284
ファミリードラッグ,36.348555,138.367175
マツモトキヨシ,35.555756,139.739005
サツドラ,43.477044,141.904048
クリエイトS･D浜松三島店,34.685423,137.743540
ツルハドラッグ,37.425812,140.365243
くすりの福太郎,35.728286,140.060233
ウォンツ,33.969486,131.926088
スギ薬局,35.693771,140.020871
ウエルシア太田鳥山店,36.320157,139.346855
ウエルシア,36.379088,139.848999
クリエイトSD,35.552948,139.512339
マツモトキヨシ,34.792384,134.579642
ウエルシア太田新道町店,36.298257,139.348046
ウエルシア 太田藪塚店,36.363301,139.309013
ウエルシア みどり笠懸店,36.381607,139.301452
マツモトキヨシ,36.356282,139.400935
マツモトキヨシ,35.665863,140.013596
サンドラッグ,35.643837,139.671079
サンドラッグ,36.043430,139.409849
クスリのアオキ相生店,36.408988,139.306514
ツルハドラッグ,37.470652,139.853343
クスリのアオキ,36.153120,139.471597
クスリのアオキ 新旭薬局,36.534855,136.569302
マツモトキヨシ,35.610413,140.116893
くすりの福太郎,35.719280,139.961914
コスモス,33.978661,131.930372
ヤックスドラッグ,35.738932,140.859859
マツモトキヨシ,35.716197,139.986250
スギ薬局,35.380322,136.951154
杏林堂,34.976339,138.351979
ダックス,34.897945,135.807238
ドラッグセイムス,35.840586,139.550865
welcia,37.440332,140.557553
ツルハドラッグ,37.434151,140.591937
サンドラッグ,37.447745,140.581665
ハシドラッグ,37.440344,140.587900
マルエドラッグ鳥山店,36.322246,139.346826
スギ薬局,34.731727,137.727139
マルエドラッグ 桐生東店,36.413511,139.345627
ウォンツ,33.941263,131.967841
サッポロ ドラッグ ストアー,42.493591,141.143154
ツルハドラッグ,42.494318,141.143945
マツモトキヨシ,36.329597,139.472109
サンドラッグ,36.335604,139.477452
ツルハドラッグ,43.796467,143.856404
トモズ,35.585465,139.630855
スギ薬局,35.183501,136.921138
スギ薬局,35.572660,139.680743
ウエルシア,36.150864,139.461415
ドラッグセイムス本庄児玉店,36.190095,139.144467
ハックドラッグ,34.768596,138.776612
ツルハドラッグ,42.898208,143.176587
サツドラ,42.996208,141.331412
サツドラ,42.996842,141.322521
ドラッグストアセキ,35.975038,139.742406
マツモトキヨシ,35.184345,136.829263
サンドラッグ,35.687685,139.719823
くすりの福太郎,35.774362,139.999847
マルエドラッグ太田大原,36.358421,139.278992
マツモトキヨシ,36.146024,139.473842
ココカラファイン,35.631974,139.661474
ツルハドラッグ,42.962373,141.295061
マルエドラッグ,36.148187,139.480896
サンドラッグ,35.237066,136.898341
ツルハドラッグ,42.959831,141.314603
マルエドラッグ,36.416542,139.289204
クスリ岩崎チェーン,33.954333,131.956277
ドラッグストア美スギ,34.793547,135.509680
ウエルシア みどり阿左美店,36.402383,139.303692
ウェルネス松江橋南店,35.456553,133.067240
クリエイトSD,35.693677,139.736925
ココカラファイン,35.702227,139.737972
マツモトキヨシ,35.259971,139.706795
クリエイトSD,35.528230,139.523665
ドラッグスギ天神店,36.426691,139.350900
スギ薬局,35.660386,139.330512
ウェルシア,35.713636,140.132766
ココカラファイン,35.643665,139.655297
マツモトキヨシ,35.717633,140.134558
ドラッグスギヤマ,34.767101,137.370423
コスモス,34.765775,137.357585
スギ薬局,34.744427,137.351962
ツルハドラッグ岩沼中央店,38.109055,140.868343
ドラッグセイムス岩沼店,38.109097,140.863471
マツモトキヨシ,38.104679,140.871616
ココカラファイン,34.770079,137.362497
ココカラファイン,34.734649,137.374065
スギ薬局,35.105523,136.851913
マツモトキヨシ,35.710816,140.104148
セイムス,35.710286,139.376977
ココカラファイン,33.775522,135.327350
マツモトキヨシ赤堀モール店,36.369924,139.224074
スギ薬局,35.171118,136.850104
マツモトキヨシ,35.876231,140.008995
キリン堂,34.812833,135.687356
キリン堂,34.799339,135.656795
V Drug,35.207867,137.012286
ジップドラッグ 長山店,34.210918,135.292665
ドラッグセイムス 貴志川店,34.215477,135.298126
,35.217861,139.690843
クリエイトSD,35.568097,139.426813
マルエドラッグ,36.351833,139.129870
ウェルパーク,35.743766,139.762979
マルエドラッグ箱田店,36.365533,139.048795
スギ薬局,34.771074,135.649801
コクミン,36.369998,140.477184
コクミン,36.370365,140.476301
スギ薬局,34.917581,137.155602
サツドラ,43.209732,140.972234
サツドラ,43.036106,141.362515
ツルハドラッグ,43.030784,141.371610
ディスカウント ドラッグコスモス小郡店,33.397803,130.557475
ドラッグストアモリ,33.393752,130.549649
マツモトキヨシ,35.251640,139.684627
ドラッグストアモリ,33.411989,130.529797
ココカラファイン,26.215505,127.688739
ツルハドラッグ,35.533682,139.369552
B.H shop,34.704786,137.732724
クリエイトSD,35.404300,139.581173
welcia,35.408470,139.593152
ツルハドラッグ,35.576145,139.416196
スギ薬局,35.540363,139.451319
サッポロドラッグストア,45.202661,141.142072
welcia,35.567155,139.435417
コスモス,33.978766,131.930253
ツルハドラッグ,43.047329,141.375548
ドラッグセイムス,35.760842,139.337908
ツルハドラッグ,35.608940,140.121400
キリン堂,34.535695,135.521249
ツルハドラッグ,38.257511,140.896628
ツルハドラッグ,38.247961,140.909690
ウエルシア薬局,36.364015,139.221309
サンドラッグ,38.239029,140.906715
スギ薬局,35.520435,139.467076
ツルハドラッグ,38.249179,140.884334
ココカラファイン,38.252122,140.884383
マツモトキヨシ,28.386596,129.493911
ウェルシア神戸西山店,34.835412,135.218171
アルカドラッグ藤原台北町店,34.834628,135.224772
ツルハドラッグ,38.316672,140.870633
マツモトキヨシ,35.556592,139.419773
ツルハドラッグ,42.913995,143.213465
スギ薬局,34.735472,137.397503
ツルハドラッグ,38.276455,140.878109
サンドラッグ,38.274893,140.899544
サツドラ,43.038160,141.379663
クリエイト,35.342439,139.619816
ツルハドラッグ,38.216131,140.832919
ダイコクドラッグ,34.737357,135.398759
ココカラファイン,34.826131,135.224919
welcia,34.850468,135.216495
コスモス,34.858815,135.210324
ドラッグセイムス,38.267002,140.883265
クリエイトS・D,35.248117,139.728222
トモズ,38.225312,140.876652
ドラッグセイムス,36.415957,139.323853
ツルハドラッグ,38.278523,140.896241
クスリのアオキ 鵜沼東店,35.403478,136.939475
ツルハドラッグ,43.077679,141.365018
セイムス,43.078935,141.378767
ツルハドラッグ 荒巻本沢店,38.289347,140.850337
コクミン,43.060751,141.353766
ツルハドラッグ,38.289547,141.011155
クスリ岩崎チェーン,34.049067,131.605684
スギ薬局,35.983747,139.643613
ドラッグスギ,36.415716,139.305998
マツモトキヨシ,35.700750,139.706740
ヤックスドラッグ,35.869003,139.983712
ツルハドラッグ,35.229306,136.979593
ウェルシア,35.998638,138.159999
올리브영 (Olive Young),37.493262,126.724220
lalavla,37.492660,126.723680
ツルハドラッグ,38.273179,140.780397
クスリのアオキ,38.274324,140.792458
マツモトキヨシ,38.268083,140.779344
ユニバーサルドラッグ,35.731900,139.758074
ツルハドラッグ,43.085433,141.372741
サツドラ,43.086580,141.372982
V・ドラッグ,35.904823,136.153631
ツルハドラッグ,38.224098,140.887817
メディカルドラッグ ビスティー,34.057417,131.597949
ドラッグユタカ,34.977689,135.910025
ドラッグセイムス,35.352089,139.359252
welcia,35.734019,139.757198
どらっぐぱぱす,35.727637,139.764633
ツルハドラッグ,38.158471,140.887953
ダイコクドラッグ,43.058670,141.356052
ツルハドラッグ,38.168435,140.875603
ドラッグセイムス,38.195025,140.874450
ツルハドラッグ,38.219950,140.879610
マツモトキヨシ,38.196816,140.865124
ツルハドラッグ,38.209876,140.878444
薬王堂 宮城亘理店,38.040338,140.867999
クスリのアオキ,38.072280,140.869478
ツルハドラッグ,38.254981,140.916078
ツルハドラッグ 六丁目店,38.248578,140.934924
라라브라 부평2호점,37.492384,126.724875
スギ薬局,35.213886,136.842753
ツルハドラッグ,38.270281,140.886456
ツルハドラッグ 塩釜店,38.327123,141.028413
マツモトキヨシ,38.312597,140.834636
マツモトキヨシ,38.312680,140.856071
ツルハドラッグ,43.093350,141.372127
オーエスドラッグ,35.659405,139.699695
くすりの福太郎,35.708764,139.958559
マルエドラッグ,36.325997,139.208126
ウエルシア薬局,36.334187,139.227051
ヤックスドラッグ睦沢店,35.352485,140.304956
ヤックスドラッグ,35.694100,140.411031
マツモトキヨシ,35.719019,140.664028
マツモトキヨシ,38.276321,140.931154
マツモトキヨシ,38.223835,140.873311
ツルハドラッグ,38.328538,140.974071
薬王堂,38.380632,141.067408
ツルハドラッグ,43.094870,141.381998
ウエルシア,35.006482,138.482250
マツモトキヨシ,38.213121,140.866242
クリエイトSD,35.571064,139.427618
薬王堂,37.966777,140.888436
ドラッグイレブン奄美朝仁店,28.395317,129.485197
スギ薬局,35.687664,139.741912
マツモトキヨシ,34.838864,135.585994
コスモス,33.290687,130.508951
セイムス,35.672649,139.584811
サンドラッグ,33.311101,130.503665
ツルハドラッグ,38.047417,140.723257
マツモトキヨシ,38.235396,140.837016
マツモトキヨシ,38.221581,140.845837
ドラッグストアセキ熊谷妻沼店,36.222186,139.380526
ひまわり薬局,37.962814,140.876431
スギ薬局,35.114287,136.877434
薬王堂 宮城涌谷店,38.543095,141.120388
クリエイトSD,35.426853,139.580919
welcia,35.425999,139.582803
クリエイトSD,35.341497,139.424716
V Drug,35.173059,136.850956
サンドラッグ,35.749052,139.700749
薬王堂,38.701140,141.210883
ツルハドラッグ,38.673605,141.189461
クスリ岩崎チェーン,34.080277,131.767588
トモズ,35.563217,139.463494
ツルハドラッグ,38.656165,141.276853
スギ薬局,35.094438,137.114486
cotobuki,35.701628,139.647727
ツルハドラッグ,38.229419,140.881001
ディスカウントドラッグ コスモス 有田宮崎店,34.080072,135.118673
ツルハドラッグ,38.298614,140.901015
(株)ミドリ薬品 朝日町店,28.396802,129.525781
ドラッグイレブン奄美店,28.398959,129.519183
マツモトキヨシ,34.837034,135.593403
薬王堂,38.329309,140.802894
カワチ薬品,38.327583,140.867432
マツモトキヨシ 寺岡店,38.342119,140.826635
マツモトキヨシ,38.323745,140.880010
ツルハドラッグ 将監店,38.343140,140.878498
ツルハドラッグ,38.326366,140.883338
ダイコクドラッグ,33.591984,130.398291
クリエイトSD,35.538102,139.636720
マツモトキヨシ,38.316234,140.907582
ウェルシア,35.667053,139.518417
セイムス,35.685906,139.499758
ツルハドラッグ,38.295557,140.836121
ビクトリードラッグ,34.673408,135.516429
クリエイトSD,35.596242,139.553662
ザグザグ,34.328902,133.994682
スギ薬局中島店,34.884219,137.111730
マルエドラッグ,36.411411,139.148164
ウエルシア薬局,35.256794,137.039537
薬王堂 登米豊里店,38.587731,141.248620
ツルハドラッグ 石巻桃生店,38.566029,141.246914
ツルハドラッグ,38.523806,141.313003
スギ薬局,35.131001,136.093329
スギ薬局,34.555424,136.513727
ウエルシア,35.543313,139.528810
ウエルシア香芝磯壁店,34.538169,135.702184
薬王堂,38.184219,140.636069
クスリのアオキ,38.106919,140.725538
HAC[マルエツ内],35.533018,139.496060
薬王堂 宮城村田店,38.111316,140.722961
キリン堂御幸辻店,34.336784,135.605557
薬王堂,38.380578,140.862780
スギ薬局,34.994487,135.732438
クリエイトSD,35.551214,139.540260
ツルハドラッグ,43.098643,141.383302
ツルハドラッグ,41.792285,140.764119
キリン堂薬局,34.708698,135.525293
ツルハドラッグ,35.674583,139.567852
ココカラファイン,34.994936,135.724437
ウエルシア 浦和木崎店,35.885562,139.659872
サツドラ,43.108094,141.345177
サッポロドラッグストアー,42.382748,141.067823
ツルハドラッグ,43.103488,141.350654
薬王堂,38.423174,140.996094
ツルハドラッグ,35.525088,139.516279
Fit Care DEPOT,35.532112,139.523786
スギ薬局,35.701930,139.751905
ココカラファイン,34.601082,135.615984
薬王堂,38.436106,140.886363
スギ薬局,34.984848,135.924594
サンドラッグ,43.111490,141.358745
マツモトキヨシ,35.800100,139.912126
クリエイトSD,35.799367,139.914488
ツルハドラッグ,38.567342,140.942109
ミスギ薬局,35.372313,139.545834
サンドラッグ,35.364204,139.567840
薬局くすりの福太郎 大久保駅前店,35.685826,140.047635
ツルハドラッグ,34.788089,135.366581
ツルハドラッグ 鹿島台店,38.478344,141.105820
薬王堂 宮城鹿島台店,38.476842,141.104328
薬王堂,38.511711,141.064670
コスモス,34.006738,130.941586
オーエスドラッグ,34.759051,135.496226
くすりのスズムラ,37.948961,139.144534
ココカラファイン,34.718588,135.416664
동의건강원,35.261215,128.868361
サンキュードラッグ,34.012053,130.953110
ドラッグストアモリ,34.012916,130.952344
ウエルシア入間扇台店,35.830240,139.391091
큰마을약국,36.346992,127.376047
올리브영,35.971563,128.938605
薬王堂,38.561985,140.860573
スギドラック,34.930053,137.195258
コスモス,32.251284,130.919327
ハックドラッグ　茅ヶ崎今宿店,35.337688,139.383291
クリエイトSD,35.589341,139.577057
ドラッグストアー コンデン,37.912353,139.211628
マツモトキヨシ,35.725020,140.648406
薬王堂 宮城加美店,38.577400,140.849704
クリエイトSD,35.568079,139.556032
ツルハドラッグ,38.444919,141.270153
薬王堂,38.456870,141.281422
ココカラファイン薬局,34.759957,135.496655
スギ薬局,35.698845,140.031127
サンドラッグ,38.440847,141.301698
ツルハドラッグ,38.440664,141.303174
サンドラッグ,43.015676,141.387489
コスモス薬局,35.557082,139.486484
AKドラッグ,35.557139,139.484171
ドラッグセイムス 石巻大橋店,38.443963,141.310107
薬王堂 石巻末広店,38.432156,141.290580
薬王堂 石巻湊店,38.419249,141.332284
ツルハドラッグ,38.418129,141.344083
ツルハドラッグ 小牛田北店,38.551222,141.054689
ドラッグストア ポピー小牛田店,38.560206,141.041447
薬王堂,38.559344,141.045074
ツルハドラッグ,38.537169,141.119178
薬王堂 栗原志波姫店,38.748208,141.054061
薬王堂,38.734348,141.034409
ツルハドラッグ,38.746720,141.015735
薬王堂,38.747336,141.020036
薬王堂,38.802572,141.066477
ツルハドラッグ,38.803658,141.069617
ココカラファイン,34.551101,135.686834
薬王堂,38.831033,141.001193
ココカラファイン,35.551086,139.541859
キリン堂,34.768291,134.875076
ウェルパーク町田金森店,35.527273,139.459303
コスモス,33.545592,132.648808
薬王堂 栗原一迫店,38.734373,140.959934
クリエイトSD,35.517211,139.474057
ツルハドラッグ,38.323181,141.003499
ウエルシア,35.037751,138.397411
ダイコクドラッグ,34.667055,135.497727
サンドラッグ,38.318432,140.997803
マツモトキヨシ,38.296284,140.991586
クリエイトSD,35.549410,139.525775
ダイコクドラッグ,34.688309,135.564137
クリエイトＳＤ,34.956487,138.997543
杏林堂,34.716102,137.774095
welcia,35.793987,139.746311
ウエルシア,34.988851,138.389943
クリエイトSD,35.546326,139.516803
ツルハドラッグ 角田中央店,37.972671,140.783450
Kyobi,34.781454,134.589423
マツモトキヨシ,38.937615,141.122450
コスモス薬局,38.753429,141.066544
薬王堂,37.910599,140.763227
ツルハドラッグ 矢本関の内店,38.423759,141.224273
ツルハドラッグ 矢本店,38.426268,141.204090
クリエイトSD,35.589524,139.700941
ダイコクドラッグ,34.665904,135.518207
マツモトキヨシ,34.664849,135.518740
ハックドラッグ,34.943969,137.161855
クリエイトSD,35.460922,139.515298
,43.122225,131.953612
ココカラファイン成瀬店,35.543664,139.474642
ドラッグセガミ,34.710397,135.547406
ウェルシア,35.893048,139.630910
マツモトキヨシ,35.980672,139.752295
クスリのアオキ,36.247748,139.523042
サンドラッグ,35.353338,139.531962
サンドラッグ,35.352981,139.532166
クリエイトSD,35.481344,139.406225
ツルハドラッグ,43.189657,141.736843
サンドラッグ,35.510613,139.567961
ツルハドラッグ,38.226782,140.907827
スギ薬局,34.895308,135.224018
サントップ,34.754612,135.447906
沼田薬品,35.013725,135.760335
ウエルシア薬局,34.663126,135.617558
アルカドラッグ,34.850400,135.218158
クリエイト,35.365323,139.542919
キリン堂薬品,34.628430,134.061628
サーバ 川西丸の内店,34.838676,135.419221
welcia,36.195048,139.709111
クリエイトSD,35.512881,139.693378
ドラッグセイムス,35.609589,139.426103
スギドラッグ,34.713133,135.547656
スーパードラッグ シグマ,34.661289,135.617037
スギ薬局,34.990386,137.167700
コスモス,34.669964,135.717364
ツルハドラッグ,36.474108,140.388856
マツモトキヨシ,34.718435,135.555780
ドラッグストアクリエイト,35.653686,140.111964
ツルハドラッグ,38.001624,140.620117
ドラッグユタカ 三山木店,34.801204,135.781596
スギ薬局,34.742261,135.344161
マツモトキヨシ,36.037714,139.412859
welcia,36.043789,139.412307
くすりのレデイ,34.648301,134.025072
クスリのアオキ,37.995597,140.610983
クリエイトSD,36.396297,139.139447
くすりのレデイ 平井店,33.811544,132.822117
サンドラッグ,35.876539,139.516323
マツモトキヨシ,38.283608,140.970998
ツルハドラッグ,38.290120,140.982498
クリエイトSD,35.517345,139.503008
トモズ,38.257555,140.878510
ツルハドラッグ,38.290774,140.913958
ツルハドラッグ 南光台店,38.293980,140.907473
サンドラッグ,38.291019,140.913689
welcia,34.785338,134.589975
ウェルシア ダックス 右京さがの店,35.021327,135.687080
ドラッグストアモリ,31.742217,131.088012
ディスカウントドラッグコスモス 樺山店,31.732852,131.114085
コスモス,31.726081,131.089179
ドラッグストアモリ,31.733726,131.091198
ドラッグストアモリ,31.722127,131.060860
コスモス,31.716503,131.037299
ドラッグストアモリ,31.779625,131.092722
ディスカウントドラッグコスモス 田野店,31.832977,131.301343
サンドラッグ,35.660467,139.522348
サンキュードラッグ,33.998987,130.925112
welcia,35.005573,136.530046
ツルハドラッグ北斗中野通店,41.827168,140.648205
ドラッグストア　コスモス,33.700546,130.967922
マツモトキヨシ,35.644001,139.735950
マツモトキヨシ,35.532093,139.494698
ツルハドラッグ,41.799312,140.771300
ツルハドラッグ 鍛治店,41.807984,140.763191
サツドラ,41.805879,140.761060
クスリのアオキ,36.309044,139.206103
トモズ,35.543192,139.517041
ツルハドラッグ,43.122785,141.354557
ツルハドラッグ,43.121712,141.364588
マツモトキヨシ,37.083383,136.927246
ドラッグセイムス 気仙沼店,38.902465,141.555392
薬王堂 気仙沼田中前店,38.890689,141.561344
ウエルシア江戸川松本店,35.715234,139.876025
ハックドラッグ 葉山一色店,35.264824,139.593563
マツモトキヨシ,35.832131,139.969508
ひまわり薬局,35.440927,139.627841
MMドラッグ,35.441717,139.629218
サンドラッグ揖屋店,35.427278,133.150213
ツルハドラッグ,38.236270,140.948488
ツルハドラッグ,38.266244,140.906411
コスモス,34.051994,131.018983
コスモス,34.066706,131.049115
ウォンツ,34.036782,131.843228
マツモトキヨシ,37.309711,138.783329
マツモトキヨシ,34.966765,135.730866
ドラッグストア モリ,34.056061,131.589702
サンドラッグ,34.745733,135.766899
マツモトキヨシ,34.805496,135.536420
薬王堂 三関店,38.924802,141.144156
ドラッグストアモリ,26.162212,127.725067
ドラッグイレブン八重瀬店,26.158507,127.721352
ツルハドラッグ,43.086678,141.393218
ツルハドラッグ,35.567618,139.394329
サンドラッグ,43.088025,141.394259
ダイコクドラッグ,34.810496,135.495836
サンドラッグ,34.808898,135.494942
ケアーズドラッグ,34.847143,135.622089
スギ薬局,34.785585,135.514828
ウエルシア,34.885689,138.260724
ドラッグセイムズ都留店,35.598000,138.930757
サンドラッグ,35.478374,139.341147
ウェルシア,34.726824,135.275302
新道ひまわり薬局,43.095499,141.396828
スギ薬局,35.004564,136.957471
ウエルシア,35.029312,138.462372
ツルハドラッグ,35.563364,139.400313
ウエルシア,36.427133,139.057201
マツモトキヨシ,35.559366,139.551166
マルエドラッグ,36.251061,138.900433
トモズ,35.660563,139.585723
クスリのアオキ,36.427313,139.267811
ツルハドラッグ,43.093547,141.412543
ツルハドラッグ,43.103797,141.420824
クスリ岩崎チェーン,34.051862,131.563902
クリエイトSD,35.495731,139.451219
コスモス,31.828287,130.296792
スギヤマ,35.172951,136.818241
スギ薬局,35.172505,136.817556
ダイコクドラッグ,34.648099,135.523167
ドラッグセガミ,33.579656,130.416804
Drugstore Mori,33.619660,130.498887
,34.794065,135.510042
スギ薬局,35.150926,136.868390
ウエルシア薬局,35.730952,140.857340
マツモトキヨシ,36.246116,140.195928
クリエイトSD 桂台薬局,35.552673,139.505348
イー・エス・ピー薬品,35.707325,139.769745
ダイコクドラッグ,34.737471,135.583738
アマノドラック,35.170629,136.906447
スギヤマ,35.184085,136.919708
くすりのおみせ あおやぎ,35.702558,139.774900
ツルハドラッグ,43.032274,141.394436
welcia,35.572189,139.446404
クスリのアオキ飯塚店,36.341948,139.002433
ウエルシア 桐生川内店,36.429159,139.303577
マルエドラッグ,36.418197,139.025810
welcia,35.563623,139.371610
マツモトキヨシ,35.529779,139.377031
スギドラッグ,35.000548,137.023298
ユタカ　桂坂店,34.983029,135.668141
サンドラッグ,43.203847,141.781624
スギ薬局,35.576035,139.346669
クリエイト薬局,35.554977,139.554620
ドラッグセイムス,35.515082,139.334970
ハックドラッグ,35.438893,139.362457
マツモトキヨシ,43.059342,141.353804
ドラッグストアセキ,36.014433,139.671398
ドラッグセイムス,36.015265,139.669813
ドラッグユタカ イオンタウン桑名新西方店,35.067398,136.656833
マツモトキヨシ,35.328930,139.348095
サンドラッグ,35.542443,139.447497
マツモトキヨシ,34.779866,135.413437
スギ薬局,35.173282,136.883034
マツモトキヨシ,35.173676,136.882847
ココカラファイン,34.790370,135.461689
クリエイトSD,35.554190,139.404381
クリエイトSD,35.555590,139.554199
ゲンキー矢田川橋南店,34.936538,136.833235
スギ薬局　常滑北店,34.928057,136.829416
スギ薬局,34.461231,135.377375
ドラッグセガミ,34.445953,132.828948
サンドラッグ,43.188541,141.754914
スギ薬局,35.934995,139.479744
クスリのアオキ,37.898545,139.113332
ミネドラッグ,35.696875,139.682064
ココカラファイン,35.697816,139.674007
スギ薬局,35.707945,139.771981
コスモス,34.460730,133.800911
ザグザグ,34.653367,133.870105
ドラックストアセイムス,33.465840,135.781471
マツモトキヨシ,35.705761,139.636190
コスモス,34.034730,131.573108
セイジョー,35.668230,139.600507
サンドラッグ,35.669235,139.600030
新生堂,35.669287,139.600820
マルエドラッグ,36.371483,139.078326
セイムス,35.840350,139.592705
スマイル,35.711865,139.778701
ココカラファイン,35.650746,139.596808
サツドラ,43.057139,141.351075
ツルハドラッグ,38.261718,140.878095
ユタカ,35.021528,135.970028
ドラックストアクリエイト,36.255655,139.541124
ドラッグセイムス館林北店,36.255758,139.536394
ドラッグセイムス館林店,36.239325,139.536812
マツモトキヨシ,35.706869,139.616746
ドラッグストア セキ,36.131611,139.587019
Medi+マツキヨ,34.700408,135.495537
スギ薬局,35.756091,139.496358
ウエルシア騎西根古屋店,36.101880,139.584241
welcia,35.748568,139.510561
ウェルパーク,35.580714,139.397953
ダイコクドラッグ,35.695252,139.701406
マツモトキヨシ,35.708094,139.773382
マツモトキヨシ,35.692594,139.588759
スギドラッグ,35.673509,139.475530
クリエイトSD,35.441067,139.366329
トモズ,35.440572,139.366235
ココカラファイン,34.705114,135.494212
マツモトキヨシ,35.709970,139.773232
スギ薬局,35.147924,136.933836
welcia,36.130479,139.591627
くすりの福太郎,35.706826,139.759831
ドラッグストアセキ加須店,36.129762,139.605509
ドラッグヤマザワ南光台店,38.303422,140.907235
サンドラッグ,38.261231,140.876476
スギ薬局,35.702059,139.693982
ココカラファイン,35.701874,139.696677
コクミン,35.701275,139.701681
マツモトキヨシ,35.700888,139.706241
コクミン薬局,35.701083,139.716328
スギ薬局,35.700822,139.718777
welcia,35.699651,139.731736
マツモトキヨシ,35.700760,139.742109
ダイコクドラッグ,35.698039,139.704868
薬のヒグチ,35.700982,139.746890
くすりのレディ　姫原店,33.867178,132.758409
GENKY岐関大橋西店,35.479892,136.834917
GENKY,35.492537,136.812723
マツモトキヨシ,36.257652,139.422857
マツモトキヨシ館林富士見町店,36.242704,139.523254
ツルハドラッグ,43.017913,141.452823
ナオエドラッグ,35.710026,139.662510
サンドラッグ,35.709978,139.693114
サンドラッグ,35.706008,139.721034
すずらん堂,35.761610,139.719946
サンドラッグ,35.719680,139.652403
ぱぱす,35.781162,139.765607
ぱぱす,35.782995,139.775626
ぱぱす,35.782619,139.793956
セイムス,35.853263,139.825826
調剤薬局クスリのツルハ,43.077221,141.346506
セイムス,43.081385,141.346522
ウエルシア館林大街道店,36.251990,139.526964
マツモトキヨシ,34.821848,135.220899
マツモトキヨシ加須大桑店,36.106373,139.656288
ツルハドラッグ,38.265113,140.870416
クリエイトエス・ディー,34.992776,138.484694
サンドラッグ,35.767143,139.730660
ツルハドラッグ,35.765555,139.727605
スギ薬局,35.695726,139.777305
サツドラ,43.057159,141.269028
ツルハドラッグ,38.284367,141.004103
スギ薬局,35.909226,139.800208
ドラッグストアセキ花田店,35.908785,139.794999
マツモトキヨシ,35.722155,139.705217
,35.698973,139.647598
ザグザグ,34.866924,134.355520
ツルハドラッグ 山形深町店,38.235856,140.316021
コスモス薬品,38.263500,140.314087
ツルハドラッグ 山形桜田店,38.217836,140.324320
ココカラファイン,35.707115,139.774378
ドラッグセイムス菖蒲店,36.038371,139.579194
ココカラファイン薬局,35.644516,139.608830
サンドラッグ,35.645199,139.608502
複合式藥妝店 ディスカウントドラック コスモス りんくう店,34.411977,135.300948
富士,35.649355,139.608174
ココカラファイン,35.667700,139.601643
ツルハドラッグ,38.346082,140.362234
ツルハドラッグ 天童芳賀店,38.336748,140.367955
漢方薬松鶴堂,35.712183,139.778896
ツルハドラッグ,43.062568,141.305527
ドラッグヤマザワ,38.300222,140.348953
オーエスドラッグ,34.753160,135.415528
オーエスドラッグ,34.721140,135.408872
ウエルシア館林松原店,36.234758,139.544905
薬王堂,38.753659,140.518746
ひろのドラッグ,38.754210,140.303398
ドラッグヤマザワ,38.758133,140.287800
ツルハドラッグ,38.760209,140.287963
ツルハドラッグ,38.773175,140.293029
ドラッグストア スマイル,35.721771,139.697079
マツモトキヨシ,38.770010,140.307445
ツルハドラッグ,38.757396,140.304182
マツモトキヨシ,34.982478,138.392788
かどや薬舗,35.710355,139.781781
つるやバラエティードラッグ,36.175526,139.538568
ドラッグストア セキベスタ東鷲宮店,36.096210,139.682450
マツモトキヨシ,35.702122,139.771425
ツルハドラッグ,35.713818,139.702638
薬王堂 酒田八幡店,38.963686,139.924245
薬王堂,39.016697,139.908732
くすりの福太郎,35.676760,139.827247
ツルハドラッグ,43.090153,141.335576
サンドラッグ,33.851680,130.945200
ドラッグヤマザワ,38.909927,139.835154
北原美顔,35.699261,139.768851
ウエルシア,38.900985,139.849042
ツルハドラッグ,38.920180,139.863565
ウエルシア,35.721691,140.189420
ウェルパーク,35.691506,139.506923
マツモトキヨシ,35.706912,140.219766
ドラッグセイムス 酒田北千日店,38.931371,139.839546
ツルハドラッグ,38.935584,139.845351
ツルハドラッグ,43.923180,141.672715
ツルハドラッグ,38.903129,139.816365
ウエルシア,35.725673,140.181012
マツモトキヨシ,35.712448,139.707011
サツドラ,43.080352,141.307500
ココカラファイン,43.096434,141.328779
トモズ,35.531096,139.495979
ダイコクドラッグ,35.693607,139.702288
ひまわり薬局,38.747247,139.764851
くすりの福太郎,35.692242,139.734696
ウエルシア 館林アクロス店,36.241759,139.504004
ドラッグセイムス,36.244274,139.515744
ウエルシア 亀山川崎店,34.901490,136.476488
スギ薬局,34.708636,135.750576
スギ薬局,35.136931,136.802690
クリエイトSD,35.538726,139.628125
ドラッグユタカ,35.406151,136.037360
杏林堂漢方薬局,38.722727,139.830406
オーエスドラッグ,34.679621,135.177659
オーエスドラッグ元町店,34.688573,135.188330
オーエスドラッグ,34.682021,135.164193
スギドラッグ,34.691885,135.194082
サンドラッグ八木田店,37.749750,140.445585
ハシドラッグ腰浜店,37.756411,140.481253
ドラッグセイムス,38.717806,139.830379
ウエルシア薬局,35.723051,139.638283
V・ドラッグ,35.192964,136.987991
サンドラッグ,43.103668,141.330361
サツドラ,43.102404,141.340278
ツルハドラッグ,43.105372,141.333856
薬王堂,38.597749,140.403215
ツルハドラッグ 尾花沢新町店,38.602594,140.410362
スギ薬局,35.352593,136.876747
ドラッグストア スマイル,35.722718,139.777402
ツルハドラッグ,38.598380,140.398359
ドラッグヤマザワ 尾花沢店,38.593802,140.386370
どらっぐ ぱぱす,35.723940,139.662055
welcia,34.840903,138.266756
ツルハドラッグ 村山店,38.476732,140.389483
コスモス薬局 新町店,38.475918,140.390633
ぱぱす,35.722743,139.691438
（株）レデイ薬局 扇町店,34.345345,134.032629
ツルハドラッグ 村山西店,38.482204,140.366837
ツルハドラッグ,38.199845,140.828524
ツルハドラッグ,35.662911,139.874020
welcia,36.097227,139.109775
V Drug,34.986466,137.018422
ドラッグストアセキ 鷲宮西店,36.092680,139.655810
ウォンツ愛宕店,34.396667,132.481763
マツモトキヨシ,38.580738,140.963742
マツモトキヨシ,35.674308,139.762810
ツルハドラッグ,38.428111,140.388582
薬王堂 東根店,38.432354,140.392205
鶴龍,35.705792,139.781287
エスエードラッグ,43.065920,141.479339
ツルハドラッグ,38.414157,140.384510
薬王堂,38.594050,140.975979
薬王堂,38.414734,140.313222
コスモス薬局 河北病院前,38.415007,140.311245
ツルハドラッグ,38.430395,140.321369
ヒノミドラッグ,35.609867,139.711581
マルエドラッグ八幡店,36.325859,139.434830
マツモトキヨシ,38.343678,140.836768
薬王堂,38.313207,140.797053
ドラッグセイムス,35.571251,139.438726
マツモトキヨシ ララガーデン長町店,38.225216,140.875880
ココカラファイン,34.791160,136.860165
マツモトキヨシ,34.748392,137.373224
welcia,35.309281,138.938236
welcia,35.316328,138.941944
サンドラッグ,35.491076,138.743512
ココカラファイン,35.489769,138.764273
サンドラッグ,35.657996,139.567540
ツルハドラッグ,38.568194,140.976607
ツルハドラッグ,38.560638,140.964679
ツルハドラッグ,43.115170,141.335993
吉田,34.779380,134.581421
ココカラファイン,36.713870,137.087589
サツドラ,43.119576,141.333946
ツルハドラッグ,43.114204,141.325407
ツルハドラッグ,38.373888,140.286220
ウエルシア 寒河江栄町店,38.368259,140.281345
大賀郷薬局,33.107441,139.786040
HAC,35.339669,139.150443
ツルハドラッグ,43.107841,141.316316
サツドラ,43.109531,141.315584
ひまわり薬局,34.780231,134.577005
薬王堂 城西店,38.575049,140.949088
薬王堂,38.564213,140.955746
みわ,34.781752,134.589190
ムラオ,34.781926,134.589081
welcia,35.642361,139.410163
V・drug 富士松店,35.033712,137.038532
スギ薬局,35.702998,139.665390
薬王堂 山形朝日店,38.300180,140.155343
マツモトキヨシ,38.249638,140.944488
welcia,37.035079,137.840809
ザグザグ真庭垂水店,35.016544,133.750234
ザグザグ,35.073475,133.748245
ココカラファイン,35.709603,139.688234
コスモス,35.047293,133.752295
ひまわり調剤薬局,38.105627,140.036915
ドラッグストアモリ筑紫野店,33.458407,130.544656
クスリのアオキ,36.714772,137.096542
サツドラ,43.124637,141.243384
ツルハドラッグ,43.045332,141.385782
LA MAISON DU PARFUM,35.710435,139.775115
ツルハドラッグ 小国店,38.057179,139.749412
ココカラファイン 小国店,38.061392,139.742046
薬王堂 山形西川店,38.419477,140.174938
スギ薬局,35.734017,139.542872
サンドラッグCVS,35.728348,139.608363
Welpark,35.729988,139.592933
サンドラッグ,43.120121,141.315884
ツルハドラッグ,38.049479,139.990555
ウエルシア 深谷稲荷町店,36.191668,139.291253
ツルハドラッグ,38.000925,140.051540
ダイコクドラッグ,34.699026,135.497617
スギ薬局,35.060454,137.048437
スギ薬局,35.014998,137.014710
スギドラッグ かりがね店,35.012450,137.019241
ハックドラッグ,35.451953,139.525547
ツルハドラッグ 南陽三間通店,38.052780,140.152763
ツルハドラッグ 南陽東店,38.047616,140.173138
薬王堂,38.048425,140.171256
守田治兵衛商店,35.709265,139.771628
東京生活館,35.701443,139.823619
ウイングス,35.701445,139.822912
薬王堂 南陽店,38.063388,140.140595
ツルハドラッグ 南陽店,38.064736,140.137880
ひまわり薬局,38.149713,140.270323
マツモトキヨシ,35.663302,139.710399
ツルハドラッグ,38.318716,140.891134
ココカラファイン,34.804657,135.515427
セイジョー,35.755696,139.708662
マツモトキヨシ,35.752957,139.710058
セイジョー,35.752204,139.710452
キリン堂,35.019296,135.950530
welcia,35.711017,140.218966
ウォンツ,34.473185,132.430458
マツモトキヨシ愛川店,35.532620,139.330444
ツルハドラッグ,42.999355,141.436077
クリエイト 愛川中津店,35.521096,139.336866
コスモスドラッグ,34.533861,135.564858
welcia,34.493152,136.712872
ヤックスドラッグ,35.438463,139.996725
サンドラッグ,35.643303,139.290329
ウエルシア,35.689757,139.898266
ツルハドラッグ,35.653094,138.562012
サンドラッグ初生店,34.767976,137.716429
ウエルシア,34.872273,138.243467
V・ドラッグ,34.871742,138.246017
スギ薬局刈谷松栄店,34.978166,137.033570
マツモトキヨシ,35.707907,139.775035
コクミン,35.708369,139.775291
コスモス,33.695129,130.764447
サンドラッグ,35.647651,138.524254
ツルハドラッグ,35.659514,138.517287
welcia,35.659684,138.545700
ハックドラッグ,35.468192,139.502519
petit madoca 西八千代店,35.723917,140.092203
クリエイト,35.343787,139.613163
マツモトキヨシ,34.680280,135.178321
ツルハドラッグ,35.603717,139.707752
スギ薬局,35.117137,136.894977
クリエイトSD,35.445273,139.647579
薬王堂 気仙沼鹿折店,38.916821,141.581684
ツルハドラッグ 気仙沼八日町店,38.907336,141.569530
ツルハドラッグ,43.135475,141.331424
サンドラッグ,43.139125,141.339022
ウエルシア,35.086293,138.944401
スギ薬局,35.676843,139.778566
サツドラ,43.141114,141.342317
ドラッグセイムス 中梵天店,39.387113,140.061945
ツルハドラッグ,39.378421,140.055060
薬王堂 由利本荘荒町店,39.356573,140.080079
ウエルシア,34.998665,138.490745
ウエルシア薬局,34.997019,138.484850
マツモトキヨシ,35.585982,138.548699
ツルハドラッグ,35.564142,138.494697
ツルハドラッグ,39.390644,140.050617
ココカラファイン,35.697660,139.786158
薬王堂 由利本荘薬師堂店,39.371161,140.051381
サンドラッグ,35.651150,138.633921
ツルハドラッグ,35.642258,138.559120
ツルハドラッグ,39.389425,140.027994
ツルハドラッグ,37.339356,141.015381
薬王堂,39.235153,140.139327
ツルハドラッグ,38.236011,140.860561
ツルハドラッグ,43.165173,141.307606
ツルハドラッグ,39.701169,141.133362
ドラッグストア アカカベ,34.683769,135.623884
キリン堂,34.671847,135.624239
スギドラッグ 菱江店,34.670669,135.612854
ツルハドラッグ,38.272482,140.747978
薬王堂 由利本荘西目店,39.346718,140.013489
ツルハドラッグ,43.054912,141.796526
サツドラ,43.056042,141.795457
マツモトキヨシ,35.529234,138.858729
サンドラッグ,35.625021,138.572598
ドラッグストアモリ,33.336710,130.571849
クスリのサンロード,35.676744,138.572458
ツルハドラッグ,35.672200,138.551004
サンドラッグ,35.686482,138.667764
ゲンキー,35.907010,136.146455
スーパードラッグ アサヒ 湯沢店,39.157393,140.483716
ツルハドラッグ,43.017200,141.422561
クリエイトSD,35.539996,139.525777
ツルハドラッグ,43.032619,141.419769
サツドラ,43.106096,141.273041
ココカラファイン薬局,34.766174,135.519496
ウエルシア薬局,35.502243,138.816807
ココカラファイン,35.690826,139.736008
Vドラッグ,35.226162,136.968303
V・ドラッグ,35.249296,136.987255
スギ薬局,35.256645,136.976293
スギ薬局,35.247770,136.974703
ドラッグユタカ,35.204660,136.948678
ゲンキー,35.270489,136.981796
B&Dドラッグ,35.270552,136.979627
スギヤマ,35.261086,136.978568
ドラッグストアセキ,36.014296,139.663908
クスリのアオキ,36.700186,137.235586
ツルハドラッグ,35.257595,136.993296
ツルハドラッグ,35.239321,136.982837
ウエルシア薬局,35.682631,138.530070
くすりの福太郎,35.734686,139.800634
ドラッグヤマザワ,38.384961,140.868777
ドラッグストアモリ,33.308825,130.279940
南光台ドラッグ,38.293519,140.895900
マツモトキヨシ,35.161975,136.883284
V・ドラッグ,36.750455,137.190480
ドラッグストア ヘイセイ,38.168210,140.878362
ツルハドラッグ,38.180256,140.876474
welcia,38.191395,140.873234
ぱぱす,35.728241,139.743949
ツルハドラッグ,38.276187,140.922222
マツモトキヨシ,38.290815,141.008941
ドラッグストアモリ,33.260251,130.468141
ツルハドラッグ,43.746024,142.398815
ツルハドラッグ,38.339928,140.887232
ドラッグストアモリ 明石南店,38.340939,140.887308
マツモトキヨシ,38.348342,140.892843
welcia,35.620010,138.519674
ウエルシア,36.380991,139.256238
ドラッグアカカベ,34.656353,135.559578
スギドラッグ,34.942192,138.400627
サンドラッグ,34.708997,135.618910
ココカラファイン,34.710583,135.616655
ウエルシア,35.018237,138.360459
ドラッグストア アカカベ,34.709501,135.618809
ツルハドラッグ,35.662628,138.477108
マツモトキヨシ,35.642137,138.466472
ツルハドラッグ,38.324838,140.888715
クスリのアオキ,36.403023,139.043114
クスリのアオキ,36.415163,139.023533
ドラッグストア　セキ,35.854684,139.779209
スギドラッグ,34.663266,135.591389
セイムス,35.837567,139.902640
岩田エビスドラッグ薬品店,34.660425,135.606830
マツモトキヨシ,26.233256,127.719917
ドラッグイレブン,26.286260,127.746678
ドラッグイレブン,26.229412,127.697742
サンドラッグ,34.602164,135.585588
銀座まるかん,35.671628,139.769264
マツモトキヨシ,35.831531,139.895270
welcia,35.856871,139.884923
ツルハドラッグ,43.144239,141.372386
サツドラ,43.148499,141.360002
サンドラッグ,35.558232,138.469335
welcia,34.755283,137.383162
ウェルシア龍ケ崎佐貫店,35.928613,140.145230
セイムス,36.790879,137.049901
コスモス,34.697060,135.589143
ひまわり薬局,38.292866,141.037919
ドラッグストアモリ 和光店,28.388969,129.522216
ドラッグストア モリ,34.166714,131.207803
スギ薬局,35.167933,136.895519
ツルハドラッグ,35.640639,138.517854
ツルハドラッグ,35.623849,138.524482
マツモトキヨシ,35.699172,139.762809
ココカラファイン,35.586357,139.680305
welcia,35.757967,139.462917
セイジョー,35.736642,139.638277
マツモトキヨシ,35.737166,139.637797
ウエルシア薬局,38.291244,140.844017
キリン堂薬局 氷室店,34.851049,135.590179
よどやドラッグ香南店,33.543914,133.721000
ミドリ薬品 名瀬平田店,28.365197,129.499658
スギ薬局,35.117484,136.887386
ウェルパーク,35.407694,139.447976
クリエイト薬局,35.551086,139.541491
ドラッグユタカ,35.111715,137.051687
オーエスドラッグ,34.849249,135.620973
ドラッグスギヤマ扶桑店,35.362736,136.915764
ツルハドラッグ水海道栄町店,36.018633,139.988930
スギ薬局,35.184175,136.733839
スギドラッグ,35.831101,139.543016
ドラッグミック 鶴見橋薬店,34.646100,135.493612
アオキ薬局,34.646219,135.493975
マツモトキヨシ 高槻駅前グリーンプラザ店,34.851683,135.619032
マツモトキヨシ,39.717729,140.128834
スギ薬局,35.670318,139.733855
ゲンキー,35.522988,136.906553
ドラッグストア マツモトキヨシ 川口戸塚３丁目店,35.866860,139.752906
,36.595351,136.923205
クスリのアオキ,36.686095,136.973450
スギ薬局,35.106895,136.924885
ダイコクドラッグ 花園町駅前店,34.643228,135.496079
マツモトキヨシ,36.592663,139.927699
ウエルシア,36.571927,139.914269
,34.967423,135.809159
ゲンキー,35.557172,136.913916
スーパードラッグ アサヒ 秋田中央店,39.736904,140.110377
マツモトキヨシ,36.604380,139.884464
Vドラッグ,35.253897,137.036135
Vドラッグ,35.255566,137.013460
スギ薬局,35.261787,136.993718
welcia,35.743665,139.635434
ポーラ化粧品,34.856973,134.696539
ゴダイドラッグ 城北新町店,34.856657,134.697623
サンドラッグ,35.753509,139.631044
ぱぱす,35.663577,139.784169
どらっぐぱぱす,35.663165,139.782645
サンドラッグ 茨木阪急本通店,34.817832,135.573910
ダイコクドラッグ,34.816789,135.577457
コクミンドラッグ 新茨木店,34.817600,135.574660
サンドラッグ,34.692003,135.193668
薬王堂,38.823161,140.984638
ひまわり薬局,34.817998,135.581934
コクミン,35.707635,139.775163
ツルハドラッグ,34.350806,135.233580
ドラッグセイムス,35.958105,139.774496
ドラッグストアセキ薬品,35.961355,139.768404
クスリ キリン堂 樽井店,34.366677,135.261325
ドラッグセイムス,35.965903,139.776124
キリン堂 阪南さつき台店,34.344377,135.249911
ツルハドラッグ,34.340968,135.254502
キリン堂,34.346878,135.244310
サンドラッグ,34.418095,135.324471
ココカラファイン,34.421612,135.327885
welcia,35.629986,138.658553
welcia,35.629614,138.657779
welcia,34.399912,135.325255
サンドラッグ,35.553255,139.505716
ツルハドラッグ 大和吉岡店,38.436226,140.884073
ウエルシア 貝塚清児店,34.424045,135.375690
ぱぱす薬局,35.663901,139.783051
ツルハドラッグ,35.702671,138.724924
くすりの福太郎,35.657798,139.896160
ウエルシア シェルピア貝塚店,34.445434,135.355918
セガミ薬局 貝塚店,34.449758,135.360789
セイムス,34.438330,135.347605
コスモス薬局,34.443794,135.352832
スギドラッグ 茨木西店,34.815745,135.560388
ドラッグストアサーバ 茨木中穂積店,34.816693,135.555958
スギドラッグ 茨木上穂積店,34.822811,135.560224
ツルハドラッグ,35.635069,138.570110
キリン堂,34.839272,135.554030
なの花ドラッグストア 南茨木店,34.801792,135.565235
スギ薬局,34.802070,135.567101
スギドラッグ 鮎川店,34.816262,135.594100
キリン堂 柳川店,34.821824,135.593550
くすりの福太郎,35.676944,139.898220
コスモス,33.232391,131.676214
ドラッグストア モリ,33.583626,130.412367
ドラッグ大賀,33.582254,130.407008
サンドラッグ,38.303399,140.814990
サンドラッグ,34.650483,135.638875
スギ薬局,34.651413,135.605786
ココカラファイン,34.633956,135.635615
ウエルシア,34.981147,138.951417
サンドラッグ,35.929210,139.605613
ドン・キホーテ,35.932881,139.615725
デイリーケアセイジョー,34.990130,138.945281
スギ薬局,35.181456,136.871578
ツルハドラッグ,43.337910,142.395217
サンドラッグ,43.028287,141.432979
ココカラファイン,34.746336,136.503259
マツモトキヨシ,34.466879,135.371375
サンドラッグ,34.466108,135.372988
ドラッグセイムス 石巻大街道店,38.430530,141.278171
マツモトキヨシ,35.167118,136.947117
クリエイト 新磯野店,35.508387,139.407378
V Drug,35.075716,136.914076
ウォンツ 八木店,34.481976,132.496609
かさなみ,35.182258,134.621877
サツドラ,35.708277,139.773750
薬ダイコク,35.708624,139.774851
くすりのレデイ 宿毛店,32.929004,132.708723
큰사랑약국,36.563783,128.729388
청구약업사,36.564283,128.726418
V・ドラッグ,35.177464,137.037293
スギ薬局,35.172265,137.033008
welcia,34.494632,135.412600
ココカラファイン,34.498336,135.408753
ツルハドラッグ,38.197596,140.871791
スギ薬局内海店,34.738853,136.868705
ゲンキー内海店,34.738555,136.869303
クスリのアオキ 阿左美店,36.390675,139.315086
ツルハドラッグ,38.242473,140.915176
welcia,34.480481,135.390362
ドラッグひとみ,34.479260,135.392756
キリン堂,34.474722,135.397658
キリン堂 岸和田中井店,34.479480,135.401256
くすりの福太郎,35.692566,139.740528
ドラッグイレブン,24.334894,124.160190
マツモトキヨシ,35.900362,140.489237
ドラッグゆたか大垣店,35.354864,136.616728
ココカラファイン,34.463937,135.392765
ウエルシア,34.465973,135.387573
ウエルシア 岸和田加守店,34.471986,135.384013
ドラッグひとみ 和泉大宮店,34.467260,135.384700
スギ薬局 岸和田上野店,34.469640,135.381501
ケアーズドラッグ,34.850966,135.618968
薬王堂,38.574199,140.940033
薬王堂 角田店,37.980049,140.784889
スギ薬局 岸和田上松店,34.453197,135.392922
ウエルシア 河内長野滝谷店,34.476587,135.565989
welcia,34.490211,135.550218
スギ薬局,34.486830,135.554184
くすりの福太郎,35.709018,140.009485
キリン堂,34.779220,135.505953
ドラッグセイムス,35.674542,139.685148
ウエルシア薬局,38.456564,141.277627
ウェルシア,35.680984,139.295109
スギ薬局,34.685058,135.457663
スギ薬局,34.983998,136.140689
ツルハドラッグ,35.333581,139.886031
コクミン,34.682771,135.466248
アルカドラッグ曽根店,34.788301,134.770628
スギ薬局,34.704295,135.448981
サンドラッグ,34.701715,135.451160
ウェルパーク,35.760646,139.467366
ツルハドラッグ郡山久保田店,37.410203,140.379409
イオンドラッグ 泡瀬店,26.323078,127.827827
,35.591912,139.724102
スギ薬局,34.711674,135.467522
ひまわり薬局,34.710582,135.469223
ウエルシア薬局,34.707603,135.463297
ウエルシア 綾部宮代店,35.301540,135.244350
ゴダイドラッグ 綾部店,35.304522,135.223198
ウェルパーク 愛川春日台店,35.528812,139.329559
クリエイトSD 愛川角田店,35.529726,139.328588
クリエイトSD,35.500706,139.356088
キリン堂,34.774591,134.846485
マツモトキヨシ,34.770156,134.836191
アルカドラッグ 加古川南店,34.761803,134.829494
モリスドラッグ＆ホーム 加古川店,34.762701,134.830479
サンドラッグ 加古川安田店,34.747413,134.833572
ココカラファイン薬局,35.644435,139.670902
ミネドラッグ,35.643710,139.670657
キリン堂 加古川別府店,34.730689,134.847285
スギ薬局 東加古川店,34.736996,134.855057
キリン堂薬局 都島店,34.709931,135.523586
ドラッグセガミ 内代店,34.711870,135.537607
くすりのレデイ 撫川店,34.643716,133.837207
ココカラファイン,35.033337,136.970518
スギ薬局,35.018767,136.976883
クリエイトSD,35.759279,139.619297
スギ薬局,35.265083,136.957601
B&Dドラッグストア,35.245567,136.949115
キリン堂薬局 赤川店,34.725973,135.531892
スギ薬局,35.228621,136.933460
ハッピードラッ根城店,40.502148,141.476368
ココカラファイン,35.649186,139.636354
ミネドラッグ,35.651164,139.637397
ツルハドラッグ,40.511837,141.495258
サンドラッグ,36.799155,139.929390
ドラッグイレブン,26.334136,127.834286
マツモトキヨシ,36.803377,139.935590
クスリ岩崎チェーン,33.945991,131.260132
クスリ岩崎チェーン,33.958554,131.252621
ドラッグユタカ,34.969769,135.694990
ココカラファイン,34.969873,135.694199
マツモトキヨシ,36.681991,139.972983
ツルハドラッグ,40.517195,141.487430
ツルハドラッグ,35.689454,139.661999
スギ薬局,35.690461,139.666127
ミネドラッグ,35.690904,139.670134
マツモトキヨシ,35.834224,139.947576
ハッピー・ドラッグ 田向店,40.494407,141.511166
ツルハドラッグ 八戸市民病院前店,40.494947,141.514370
コスモスミルフィー薬局,34.751763,135.535388
ドラッグセガミ 瑞光店,34.750053,135.535591
ツルハドラッグ 八戸江陽店,40.523479,141.501984
ハッピードラッグ 八戸小中野店,40.520382,141.509424
ツルハドラッグ 八戸小中野店,40.519107,141.512780
ドラッグU,40.517605,141.513843
マツモトキヨシ,38.107155,140.901365
ツルハドラッグ 八戸諏訪店,40.508028,141.512219
ハッピー調剤薬局 青葉店,40.509817,141.512317
ひまわり薬局,35.553899,139.486060
マツモトキヨシ,40.529033,141.495704
ツルハドラッグ,40.537236,141.489192
ハッピー調剤薬局 八戸城下店,40.522551,141.491232
ハッピー・ドラッグ 下長店,40.537771,141.473317
ツルハドラッグ,40.534305,141.477411
マツモトキヨシ 八戸石堂店,40.534253,141.480546
スーパードラッグ アサヒ 八戸店,40.531022,141.474202
スギ薬局,36.031004,139.420716
薬王堂,39.398429,141.123806
どらっぐぱぱす,35.748004,139.758183
ウェルパーク,35.736961,139.575922
ココカラファイン,35.652583,139.646694
ココカラファイン,35.643511,139.646713
ドラッグヤマザワ 宮町店,38.263734,140.337854
ツルハドラッグ,38.267502,140.338505
ひまわり薬局,39.287892,141.110661
ダックス 西京洛西中央店,34.965127,135.679671
サンドラッグ,38.268073,140.759866
屈臣氏,41.655314,123.338208
クリエイトSD,35.738305,139.588333
ツルハドラッグ,35.695457,139.760128
ウェルパーク,35.564740,139.685445
薬王堂 青森名川店,40.455954,141.345727
ツルハドラッグ 福地南部店,40.467742,141.388080
薬王堂 南部町店,40.413095,141.282200
ツルハドラッグ 三戸店,40.397249,141.263197
スギ薬局,35.759852,139.531840
サンドラッグ,35.761629,139.533507
welcia,36.301608,139.126008
マルエドラッグ　玉村店,36.310925,139.115358
welcia,36.302338,139.117152
薬王堂 三戸店,40.371687,141.245043
スギ薬局 古川橋店,34.740338,135.591222
ハッピー・ドラッグ 三戸店,40.377043,141.252147
ツルハドラッグ,43.156121,141.385977
スギ薬局,35.005240,136.945405
スギ薬局,35.012398,136.895867
ディスカウントドラッグ コスモス御堂,34.743003,135.594564
ドラッグユタカ,35.259597,136.997415
ドラッグセイムス,35.526501,139.407408
くすりの福太郎,35.739175,139.722710
welcia,35.752386,139.752773
オーエスドラッグ,34.617367,135.531514
ダイコクドラッグ,34.617732,135.531475
オーエスドラッグ,34.619177,135.531513
ウェルシア,36.742267,139.710950
キリン堂,34.973425,135.701571
ひまわり薬局,39.490602,141.150362
マツモトキヨシ,35.864434,139.920192
マツモトキヨシ,35.743664,139.722496
ヤックスドラッグ,35.563431,140.368279
くすりの福太郎,35.739208,139.730077
welcia,35.697704,139.671101
キリン堂薬局 王子店,34.854095,134.928118
コスモス薬品 王子店,34.857093,134.930426
ドラッグセイムス,35.836711,139.357120
welcia,35.748154,139.583054
クスリのアオキ,35.115399,136.720572
マツモトキヨシ,35.619936,139.442226
サンドラッグ,43.031996,141.492776
welcia,35.742744,139.780264
ココカラファイン,34.704470,135.499027
フィットケアデポ下小田中店,35.570412,139.637613
ドラッグセイムス,35.857606,139.658871
サンドラッグ 東加古川店,34.731965,134.879605
サンドラッグ,35.670201,139.750673
アオキ,35.058822,136.656362
マツモトキヨシ,35.452970,139.393604
クリエイトSD,35.658579,139.574590
トモズ,35.658123,139.575473
マツモトキヨシ,35.666975,139.577490
スギ薬局,35.669973,139.751445
ディスカウントドラッグコスモス,34.375656,131.183319
ディスカウントドラッグコスモス,34.369404,131.174194
くすり岩崎,34.358917,131.177521
クリエイトSD,35.454464,139.429004
サンドラッグ,35.543431,139.446238
くすり岩崎,34.373371,131.061676
サンドラッグ,40.231642,140.379902
ツルハドラッグ,40.230999,140.383564
ぱぱす,35.742095,139.765709
サンドラッグ,35.745001,139.767753
ドラッグぱぱす,35.712845,139.751352
ぱぱす薬局,35.719752,139.763079
ヘルスケアセイジョー,35.602077,139.697359
ゴダイドラッグ 豊岡店,35.552269,134.814638
マツモトキヨシ,35.229598,139.620212
ココカラファイン 藤井寺店,34.572896,135.593647
アルカドラッグストア,34.674572,135.110164
コスモス薬局,35.538077,134.824493
クリエイト薬局,35.665370,139.589785
ツルハドラッグ 潟上昭和店,39.863052,140.061631
welcia,35.305060,139.957434
コスモス薬局 豊岡,35.537017,134.823580
ゴダイドラッグ 豊岡昭和町店,35.532879,134.819001
ツルハドラッグ,35.003524,135.776955
ゴダイドラッグ 江本店,35.527513,134.832775
ドラッグイレブン、キャンドゥ,32.028714,131.474993
ドラッグイレブン、Can Do,32.258320,131.555497
クリエイト薬局,35.549215,139.525678
クリエイトSD,35.347569,139.335385
ツルハドラッグ 天王長沼店,39.812141,140.050140
キリン堂,34.469369,135.733292
ドラッグ コスモス,34.481948,135.733801
ドラッグ ユタカ 長浜店,35.372977,136.275406
キリン堂,35.325752,136.024521
ディスカウントドラッグ コスモス 安曇川店,35.327226,136.025628
동원약국,38.122731,128.203854
中井杏林堂薬局,34.349554,135.695986
ジップドラッグ,34.349187,135.690933
ウェルシア,34.968067,139.094456
クスリのアオキ,37.111839,138.274097
キリン堂,34.355080,135.702934
ウエルシア,34.970384,139.096621
ウエルシア 山形桧町店,38.278565,140.330913
ツルハドラッグ,38.279164,140.330947
ウエルシア,34.949878,139.116167
ウォンツ大竹店,34.220967,132.221537
ドラッグ スマイル,35.544854,139.528231
ドラッグセイムス,38.231034,140.899605
ドラッグセイムス,34.489363,135.731338
ココカラファイン,34.492146,135.734508
マツモトキヨシ,38.259551,140.885456
ドラッグユタカ,34.833048,135.720973
キリン堂,34.839751,135.716393
サンドラッグ,34.835910,135.593650
クスリ岩崎チェーン,34.181627,131.210474
ディスカウントドラッグコスモス,34.179222,131.210877
マツモトキヨシ,34.748555,135.541795
ウエルシア薬局,35.359269,139.391310
ハシドラッグ,37.796969,140.428404
マツモトキヨシ,37.387303,136.903184
スギ薬局,34.664581,135.581002
スギ薬局,34.595419,135.706790
ダイコクドラッグ,34.598473,135.703833
ウエルシア,35.788413,139.778883
ツルハドラッグ,35.784451,139.782740
どらっぐぱぱす,35.803388,139.781606
ウェルパーク,35.813291,139.770165
ドラッグセイムス,35.792750,139.292962
クリエイトSD,35.695650,139.794449
ツルハドラッグ 野辺地店,40.863600,141.126621
マツモトキヨシ,35.872589,139.646317
スーパードラッグアサヒ 野辺地店,40.865293,141.114862
ハッピー・ドラッグ 青森野辺地店,40.866880,141.112806
薬王堂 青森野辺地店,40.855745,141.129226
どらっぐぱぱす,35.731958,139.818365
クスリのアオキ斑鳩店,34.607397,135.714461
マツモトキヨシ,34.697151,137.716922
マツモトキヨシ 新静岡駅前店,34.975094,138.386872
マツモトキヨシ,35.930814,140.203641
福田宝進洞,35.168616,133.322368
くすりのトミヤ,35.169708,133.322803
トミヤ山本薬店,35.168002,133.322009
どらっぐぱぱす,35.752854,139.731099
ドラッグストア アカカベ 忍ヶ丘薬店,34.744694,135.644673
ディスカウントドラッグコスモス上郡店,34.858603,134.363169
サンドラッグ,39.735077,140.098587
ツルハドラッグ,43.158725,141.400208
コクミン,34.532691,135.464168
welcia,34.537207,135.455395
マツモトキヨシ 呉服町店,34.974028,138.384136
HAC,35.232353,139.677903
영민약국,37.546171,127.053527
ドラッグセイムス,35.703294,139.790638
ココカラファイン,34.529491,135.458253
ココカラファイン薬局 鳳店,34.529970,135.458081
ツルハドラッグ,43.433458,144.099091
サツドラ,43.434359,144.092625
クリエイト,34.936344,139.090398
ツルハドラッグ 秋田川尻店,39.713304,140.095786
クスリのアオキ,36.370768,139.002501
welcia,38.319127,141.023135
ドラッグセイムス,35.603522,139.506519
ドラッグランドひかり,35.003777,135.753195
マツモトキヨシ,35.847685,139.670940
コスモス,34.591964,135.484909
welcia,35.735161,139.654741
ココカラファイン,35.733160,139.728474
スギ薬局,35.771160,139.642395
ぱぱす,35.771631,139.637263
スギ薬局,35.712566,139.752882
セガミ薬局,35.736349,139.647814
ツルハドラッグ 山形東原店,38.248922,140.348015
マツモトキヨシ,38.311398,140.891292
サンドラッグ,38.310759,140.891137
ドラッグセイムス 堺綾之町店,34.588870,135.482856
ツルハドラッグ 八乙女店,38.309897,140.894817
ツルハドラッグ 山形小石川店,38.243326,140.352156
スギ薬局碧南新川店,34.901996,136.989928
ウエルシア薬局,35.945846,139.405587
スギ薬局,34.772189,135.384608
ドラッグストアセキ 藤金店,35.944878,139.402680
ドラッグストア・セキ,35.951961,139.412822
ぱぱす,35.731992,139.774652
ツルハドラッグ,34.700467,135.545862
くすりの福太郎,35.709934,139.753469
クリエイト,35.343111,139.450359
クリエイト・SD,35.380855,139.442643
ウェルパーク,35.935901,139.478693
ドラッグストア Wellness,35.489616,134.240813
ツルハドラッグ 山形鉄砲町店,38.238576,140.327731
ドラッグストア スマイル,35.729229,139.783519
Fit Care DEPOT,35.501833,139.675278
クリエイトSD,35.501405,139.680234
Wants,34.436744,132.485858
ドラッグストアセキ鶴ヶ島店,35.930691,139.417823
welcia,36.182975,139.977744
スギ薬局,35.713299,139.668179
トモズ,35.454936,139.389453
ドラッグストア クラモチ,36.179551,139.953952
ウェルシア,35.989503,140.142083
ドラッグセイムス,36.148264,139.394727
ツルハドラッグ,42.824628,141.639321
ウォンツ,34.351869,131.938637
スギ薬局,36.010219,139.613968
マツモトキヨシ,35.662906,139.732088
セイムス,35.431295,139.362364
サンドラッグ,35.700629,140.059903
サンドラッグ,35.908153,139.785057
マツモトキヨシ,35.922311,139.761044
マツモトキヨシ,35.901921,139.780709
マツモトキヨシ,35.922769,139.777923
ドラッグストア セキ,35.922720,139.759201
セイムス,35.918242,139.762215
マツモトキヨシ,35.900421,139.775743
ツルハドラッグ,42.831944,141.637858
ウエルシア船橋田喜野井店,35.704982,140.047317
ツルハドラッグ,35.554280,140.159393
welcia,36.291550,138.488090
ドラッグ セイムス,36.390370,139.041310
ウエルシア,35.719287,139.824839
スギドラッグ,34.656424,135.506271
マツモトキヨシ,35.867261,139.800016
ドラッグセイムス,35.939402,139.397673
コクミンドラッグ,34.654323,135.432669
スギ薬局,35.552305,139.429033
セイムス,35.810008,139.919047
ウエルシア,35.910955,139.783815
クリエイト,35.652760,139.318792
ドラッグストア セキ,35.921645,139.792074
マツモトキヨシ,35.890155,139.627417
ウエルシア岩槻西町店,35.953260,139.692464
ヤックスドラッグ,35.936973,140.200027
welcia,35.624119,139.474840
セイムス,35.924507,139.775421
ドラッグヤマザワ,38.270820,140.968608
ドラッグカモ,34.698967,137.632662
カワチ薬品,36.274364,139.075099
クスリのアオキ,36.263803,139.105594
スギドラッグ 大塚店,36.244140,139.056061
ツルハドラッグ,42.837730,141.653212
サツドラ,42.838004,141.652580
サンドラッグ,36.236820,139.075471
ツルハドラッグ,35.509135,139.385953
アメリカンドラッグ,36.238281,137.899607
ドラッグセイムス土呂駅前薬局,35.931400,139.630975
マツモトキヨシ,35.932570,139.665104
スギ薬局 群馬町店,36.372499,139.001864
コスモス,31.472566,131.093897
マルエドラッグ 吉井店,36.261545,138.989659
ウエルシア薬局,36.250811,138.966527
ドラッグセイムス,35.898652,139.786015
マルエドラッグ 高崎寺尾店,36.297941,139.011104
ウエルシア,35.793684,139.817328
ドラッグストア セキ,35.930821,139.779935
ドラッグセイムス脚折店,35.947971,139.392392
マルエドラッグ 倉賀野店,36.299236,139.035710
welcia,36.306532,139.026714
ツルハドラッグ,35.737642,139.461700
カワチ薬品,36.321841,139.184587
くすりの福太郎,35.739022,139.769385
スギ薬局,35.743107,139.768639
ぱぱす,35.748431,139.782750
マルエドラッグ 新町店,36.274584,139.107003
マツモトキヨシ,38.239004,140.931462
大賀薬局,33.592718,130.414799
マツモトキヨシ,35.945590,139.651693
ドラッグセイムス見沼新堤店,35.927563,139.669123
マツモトキヨシ,35.332753,139.897808
マツモトキヨシ,35.331672,139.898038
ウエルシア薬局,35.914722,139.795581
ドラッグセイムス一本松店,35.934097,139.371982
マツモトキヨシ,35.770210,139.870900
ゲンキー　揖斐川店,35.489792,136.564033
キリン堂,34.689037,135.496406
セイムス,35.795185,139.808251
シメノドラッグ羽咋店,36.895417,136.800390
ココカラファイン,35.609605,139.685506
ドラッグユタカ,35.017603,135.778779
クスリのアオキ今江店,36.385132,136.438746
welcia,35.789334,139.757510
マツモトキヨシ,35.751775,139.878218
イオンドラッグ,26.175634,127.662764
サツドラ,42.828745,141.676179
スギ薬局,36.112218,139.440084
welcia,35.741904,139.843665
ツルハドラッグ,38.245112,140.899310
welcia,35.712216,139.888927
コスモス,31.392211,130.378151
ザグザグ,34.650654,133.936990
セイムス,35.881106,139.519726
ウエルシア薬局,35.677153,139.869150
マツモトキヨシ,35.680051,139.873667
くすりの福太郎,35.687168,139.883040
ゲンキー,35.361987,136.744609
くすりのアオキ,35.359452,136.752244
ココカラファイン,35.179592,136.864026
V Drug,35.184151,136.863294
ドラッグストアサーバ,34.651755,135.475687
welcia,35.721938,139.868066
サツドラ,42.830985,141.652778
くすりの福太郎,35.708541,139.869603
薬王堂 水沢慶徳店,39.144008,141.152690
マツモトキヨシ,36.005570,139.410291
キリン堂,35.018404,135.970891
ヤックスドラッグ,35.332559,139.873863
ドラッグセイムス,35.968749,139.368677
ウエルシア,35.768539,139.767016
ツルハドラッグ,35.661331,139.696806
マツモトキヨシ,39.140223,141.134110
薬王堂 水沢日高店,39.140085,141.130670
ウエルシア薬局,34.534835,135.499182
ウエルシア薬局,34.528719,135.496412
welcia,34.529976,135.497986
スギ薬局,35.192488,136.940306
welcia,35.790966,139.792481
クリエイトSD,35.784303,139.836313
ウェルパーク川鶴店,35.923539,139.411495
ドラッグエース,36.032414,139.397480
スギ薬局 堺泉北店,34.527150,135.487241
ウエルシア 堺深井清水店,34.530991,135.487636
コスモス,32.120672,130.340573
welcia,34.534185,135.486993
くすりの福太郎,35.580154,140.164484
ヤックスドラッグHIT 仁戸名薬局,35.581492,140.163486
スギ薬局武蔵小山店,35.620404,139.707610
ココカラファイン 楽市上野芝店,34.549864,135.481036
マツモトキヨシ,35.762442,139.824483
welcia,34.553912,135.500697
welcia,34.555274,135.498780
マツモトキヨシ,34.543928,135.526151
ツルハドラッグ 水沢大鐘店,39.127637,141.140027
スギ薬局,36.428025,139.085603
マツモトキヨシ,31.514852,130.514819
ツルハドラッグ,43.490176,141.906220
スギ薬局 堺白鷺店,34.548719,135.521160
コスモス,34.544688,135.526568
スギ薬局,34.539307,135.513803
クリエイトSD,35.577734,139.726574
ココカラファイン,26.228397,127.691675
ツルハドラッグ,41.863588,140.127637
スギ薬局,34.561336,135.509380
薬王堂 水沢町屋敷店,39.126484,141.161305
ツルハドラッグ 水沢台町店,39.130831,141.153267
キリン堂,35.872860,139.647838
マツモトキヨシ,35.710280,140.039589
ぱぱす,35.771743,139.667993
マツモトキヨシ,35.766564,139.665452
スギ薬局,34.664507,135.518659
クリエイト,35.783819,139.679357
ココカラファイン 三木店,34.803940,134.975023
キリン堂 三木店,34.803922,134.981231
キリン堂 三木大村店,34.803159,134.970413
welcia,34.558455,135.504717
ヤックスドラッグ,35.789846,139.917158
ドラッグセイムス,35.789591,139.652267
ココカラファイン,34.984066,134.980895
マツモトキヨシ,36.697131,137.861093
ウエルシア,35.784101,139.901843
ツルハドラッグ,35.702627,138.456170
welcia,36.543591,139.890074
マツモトキヨシ,34.966700,136.618280
スギ薬局,34.987204,136.627551
welcia,36.196107,139.282977
マツモトキヨシ,35.784855,139.899622
マツモトキヨシ,35.918137,139.426256
POLA,35.918403,139.427249
クリエイトSD,35.441010,139.380713
welcia,35.950695,139.408314
ココカラファイン,34.765098,135.520086
キリン堂,34.647771,135.782665
ココカラファイン,34.979649,135.701718
薬王堂,39.012011,141.655853
ツルハドラッグ,38.920692,141.586364
マツモトキヨシ,34.979716,135.703474
クスリのアオキ,35.297963,136.784386
ドラッグストアモリ,33.282477,130.402435
くすりの福太郎,35.690996,139.844979
薬王堂,38.682796,141.452484
クリエイト,35.114223,138.924208
キリン堂,35.014562,135.857616
コスモス薬局,35.012115,135.862092
サンドラッグ,35.002762,135.889018
ドラッグユタカ 西大津店,35.028140,135.863887
スギ薬局,35.023699,135.856432
ツルハドラッグ,42.787420,141.598670
ツルハドラッグ,43.217827,141.529646
スギ薬局,35.744455,139.744034
ドラッグユタカ,35.046930,135.872298
ジップドラッグ 唐崎店,35.043914,135.862205
クスリのアオキ,35.045848,135.868388
ウェルパーク 青梅友田店,35.773777,139.283924
ウエルシア薬局さいたま宮原ベルク店,35.936877,139.623995
スギ薬局大宮堀崎店,35.937501,139.655627
ドラッグストアセキ宮原店,35.937149,139.622433
薬のヒグチ,35.670966,139.798669
コスモス,31.563108,130.526320
ウエルシアさいたま大和田店,35.932513,139.652413
セイムス,31.565656,130.541767
スギ薬局,34.969823,137.132631
ドラッグイレブン,35.676370,139.770086
クスリのアオキ,37.030198,136.968086
マツモトキヨシ,37.035252,136.952851
ウエルシア坂戸南町店,35.953618,139.393550
クスリのアオキ,35.398927,136.720723
ぱぱす,35.678393,139.813624
マツモトキヨシ,35.777102,139.915165
スギ薬局,35.122875,135.920806
welcia,35.116053,135.913421
キリン堂,35.117391,135.914838
ドラッグユタカ,35.136367,135.922535
ツルハドラッグ会津坂下インター店,37.556494,139.763051
アルカドラッグ,34.751103,135.425685
マツモトキヨシ,35.801603,139.930980
スギ薬局,35.183927,136.912833
セイムス,31.574721,130.547013
ドラッグストアモリ,31.533129,130.534485
キリン堂,35.112528,135.952052
ウェルシア,35.706339,139.906997
ドラッグセイムス,35.710657,139.891149
マツモトキヨシ,35.692802,139.898158
V・ドラッグ,34.953770,138.411767
welcia,35.595564,140.183206
ツルハドラッグ,34.979419,135.701959
ドラッグユタカ,35.059838,135.984395
スギ薬局,35.061783,135.996203
キリン堂,35.053420,135.996001
ドラッグユタカ,35.054014,135.979263
ウエルシア,35.062488,135.994199
サンドラッグ,35.929033,139.663579
ツルハドラッグ,43.095525,141.400243
クスリのアオキ,35.076808,136.000078
マツモトキヨシ,35.705674,139.903731
ぱぱす,35.731437,139.740658
クスリのアオキ,35.038367,135.973162
キリン堂 栗東店,35.038578,135.968693
サンドラッグ,34.734597,135.432315
サンドラッグ,35.801051,139.984801
セイムス,35.416093,139.466331
コスモス,31.631930,130.403631
ドラッグストアスマイル,35.467356,139.503314
サツドラ,43.338609,142.392266
V・ドラッグ,34.994124,135.921479
くすりのレデイ 寺井店,34.273747,134.026933
アメリカンドラッグ,36.628812,138.238670
ツルハドラッグ土浦生田町店,36.084054,140.189220
アメリカンドラッグ,36.675351,138.212720
スギ薬局,34.491810,135.591893
ウエルシア薬局,36.679571,138.220390
くすりの福太郎,35.697953,139.814280
スギ薬局,34.698009,135.499604
マツモトキヨシ,35.791050,139.938792
マツモトキヨシ,36.054324,139.508874
マツモトキヨシ,35.886028,139.641501
マツモトキヨシ,26.357894,127.836809
マツモトキヨシ,26.323783,127.751352
マツモトキヨシ,26.266331,127.728649
マツモトキヨシ,26.586160,127.985973
マツモトキヨシ,26.190901,127.659863
マツモトキヨシ,26.237735,127.722416
マツモトキヨシ,26.333311,127.798971
マツモトキヨシ,26.161236,127.729977
マツモトキヨシ,26.608068,127.982428
マツモトキヨシ大湾シティ店,26.373731,127.748119
マツモトキヨシ,26.123826,127.667880
マツモトキヨシ,26.153657,127.671066
マツモトキヨシなかぐすく店,26.249456,127.774522
マツモトキヨシ,26.262068,127.742175
マツモトキヨシ,26.301345,127.760301
マツモトキヨシ,26.192119,127.770945
マツモトキヨシ,26.196686,127.677678
マツモトキヨシ,26.274669,127.729087
マツモトキヨシ,26.283417,127.765014
ザグザグ,34.683274,133.932928
マツモトキヨシ,35.856769,139.864257
ウエルシア,35.844820,139.807198
ウエルシア,35.844462,139.801362
マツモトキヨシ,35.836328,139.796703
ドラッグイレブン宮古高校前店,24.797314,125.288630
ドラッグイレブン,26.229742,127.701834
マツモトキヨシ,35.847896,139.884380
キリン堂,35.241881,136.255157
スギ薬局,35.246478,136.250090
ドラッグユタカ 彦根高宮店,35.240365,136.258081
コスモス調剤薬局,35.235580,136.255113
ドラッグユタカ 五個荘店,35.162238,136.197525
ジップドラッグ 千里店,34.803882,136.552798
ウエルシア,35.793909,139.957709
マツモトキヨシ,35.793939,139.961042
ウエルシア薬局,35.851899,139.638541
ウエルシア薬局さいたま南中野店,35.909839,139.662769
サツドラ,43.056241,141.350783
ツルハドラッグ,43.119633,141.317214
スギ薬局 河瀬店,35.228508,136.224625
ドラッグユタカ,35.231328,136.220381
ドラッグユタカ 彦根南店,35.253397,136.234986
スギ薬局 彦根西今店,35.256349,136.235757
ディスカウントドラッグ コスモス ベルロード店,35.259729,136.238493
ゴダイドラッグ 八鹿店,35.403369,134.773057
薬王堂,38.776242,141.131687
キリン堂調剤薬局 彦根八坂店,35.263120,136.226692
マツモトキヨシ,34.431049,132.743354
ツルハドラッグ 彦根店,35.262740,136.242676
後三条ハッピー薬局,35.263094,136.247869
ひまわり調剤薬局,35.267505,136.240890
キリン堂,35.315585,136.282532
クリエイトSD,35.817181,139.935524
ツルハドラッグ,43.763025,142.359883
くすりの福太郎,35.802574,139.945499
マツモトキヨシ,35.722919,139.752329
スギドラッグ,35.084744,138.936065
クスリのアオキ 東近江幸町店,35.107412,136.203685
ツルハドラッグ,42.989370,144.389109
ドラッグタカダ,35.667783,139.681674
V・ドラッグ,35.206133,136.888253
ウエルシア 東近江沖野店,35.099810,136.208718
サツドラ,43.087083,141.404607
セイムス,35.428578,139.963420
ドラッグユタカ,34.950178,135.759892
ドラッグユタカ,34.957459,135.767063
ドラッグストアー アカカベ,34.724952,135.636995
ドラッグユタカ 宇治田原店,34.850480,135.855237
ツルハドラッグ,43.805060,142.387246
ドラッグセイムズ見沼風渡野店,35.935310,139.669868
ドラッグストアーアカカベ 門真江端店,34.721779,135.619035
キリン堂 門真東店,34.726862,135.618111
welcia,35.579955,139.685015
アカカベ ドラッグストア,34.705510,135.604296
ウエルシア,35.349690,139.481227
ウエルシア,35.746903,139.715635
クスリのアオキ,35.108110,136.188317
サンドラッグ,32.803441,130.710337
ドラッグイレブン,32.802419,130.709202
ダイコクドラッグ,32.799698,130.707698
マツモトキヨシ,32.799200,130.707804
マツモトキヨシ,34.665855,135.530083
サンドラッグ,34.677033,135.501304
ツルハドラッグ,35.724663,139.711511
ドラッグセイムス黒磯末広店,36.972503,140.041980
ドラッグスギ,34.756336,135.588356
キリン堂,34.762275,135.591244
ディスカウントドラッグ コスモス 八雲中町店,34.747182,135.574241
ツルハドラッグ,38.273690,140.884584
キリン堂,34.755123,135.595123
マツモトキヨシ,35.745304,139.714530
ツルハドラッグ,35.996532,140.034890
ヤックスドラッグ,35.999637,140.041685
ツルハドラッグ,43.079228,141.306859
ドラッグセイムス吉敷薬局,35.900980,139.636986
セイムス針ヶ谷薬局,35.882931,139.643513
スギ薬局 寝屋川成美店,34.760787,135.613244
ドラッグセガミ,34.784382,135.628920
ツルハドラッグ,38.627266,141.190026
ココカラファイン,34.783396,135.624933
薬王堂,38.613726,141.178763
サンドラッグ 香里園店,34.783399,135.628804
サンドラッグ岩槻店,35.955859,139.698517
スギ薬局,35.952449,139.691840
スギ薬局 寝屋川木田店,34.751234,135.624230
ウエルシア 寝屋川高宮店,34.758541,135.632322
welcia,34.744113,135.637543
スギ薬局 香里西店,34.787625,135.626674
ツルハドラッグ,35.568210,139.724275
ドラッグイレブン,33.587771,130.419241
薬王堂,40.572236,140.493738
スギドラッグ,34.971030,137.066277
ドラッグストア アカカベ,34.802403,135.630941
くすりのレデイ 広見店,33.256421,132.672365
くすりのレデイ 鬼北店,33.251196,132.681640
ドラッグセイムス 鬼北広見店,33.251708,132.679608
ユニバーサルドラッグ,35.725780,139.753676
マツモトキヨシ,35.259824,136.807065
クリエイト薬局,35.256836,139.663293
ドラッグストア　クリエイト,35.256945,139.662998
セガミ薬局,34.657309,135.505338
ココカラファイン,34.501193,136.712401
ツルハドラッグ,37.486501,140.379661
ココカラファイン,35.239300,136.801918
ダイコクドラッグ,26.213334,127.677832
マツモトキヨシ,36.549795,139.900820
ドラッグセイムス,36.701589,137.212536
スギ薬局,34.779280,135.507986
アオキ薬局,35.692609,139.898213
クリエイト エス・ディー,35.773480,140.007790
welcia,35.770427,140.008851
ドラッグストア アカカベ 桜丘店,34.808010,135.671311
クスリ岩崎チェーン,34.058385,131.801984
マツモトキヨシ,36.416211,140.527630
ドラッグストアセキ,35.897066,139.611638
マツモトキヨシ,37.402618,140.327789
ツルハドラッグ,37.419271,140.333226
くすりの福太郎,35.762261,140.000021
サンドラッグ,36.111283,137.952983
ウエルシア薬局,38.050093,139.407507
マツモトキヨシ,38.051080,139.407883
アメリカンドラッグ,36.114817,137.945017
ドラッグコスコ,36.116267,137.949539
ヤックスドラッグ,35.792992,139.936342
スギ薬局,35.742879,139.713879
ツルハドラッグ 西郷店,37.139443,140.152646
マツモトキヨシ,37.117878,140.192619
ツルハドラッグ 福島泉崎店,37.152512,140.303384
サンドラッグ,35.692698,139.903831
サンドラッグ くずは店,34.858166,135.683705
ココカラファイン薬局,35.525477,139.516480
ドラッグストア アカカベ 長尾元町店,34.824982,135.707543
キリン堂,34.825300,135.708626
ドラッグストア アカカベ 木田町店,34.760230,135.622844
キリン堂,34.800308,135.697093
welcia,34.768228,135.617814
ドラッグストア アカカベ 寝屋川池田店,34.768582,135.617234
ドラッグストア アカカベ 門真団地薬店,34.728169,135.608738
クリエイト薬局,35.533873,139.460022
クリエイトSD,35.483309,139.276137
スギ薬局,34.763879,135.507318
マツモトキヨシ,35.679479,140.015887
アメリカンドラッグ,36.582544,138.130054
コクミン,34.741780,135.602757
スギ薬局,34.743419,135.602435
スギ薬局,35.665274,139.638401
ツルハドラッグ 白河西店,37.129062,140.192182
ツルハドラッグ,37.115239,140.200062
コスモス薬局,35.501991,134.820555
ウエルシア 西白河西郷店,37.131382,140.189688
ツルハドラッグ,34.752834,135.592202
スギ薬局,35.478671,136.902307
ユニバーサルドラッグ,35.737931,139.849287
ぱぱす,35.751252,139.867063
クリエイト,35.537251,139.444989
スギ薬局,35.554868,139.442473
マツモトキヨシ,34.726596,135.276538
スギドラッグ　小牧中央店,35.284241,136.937597
ゲンキー　二重堀店,35.289286,136.940028
スギドラッグ 稲沢東店,35.262501,136.819189
サンドラッグ,34.682600,137.627587
ドラッグストア B&D,35.282997,136.920216
ぱぱす,35.732530,139.670069
welcia,35.717441,139.737005
クスリのアオキ 津河芸店,34.802165,136.555205
コスモス,31.798124,130.401585
スギ薬局,34.780057,135.405020
サンドラッグ,34.776970,135.402116
ハックドラッグ,35.464025,139.532758
ハックドラッグ,35.462616,139.532246
マツモトキヨシ,36.497879,137.857010
ウエルシア,34.777368,135.399145
ココカラファイン,34.773393,135.395539
スーパードラッグコスモス串間店,31.457158,131.220383
ドラッグイレブン串間店,31.453676,131.214035
キリン堂,34.798798,135.389175
ココカラファイン,34.618910,135.626817
welcia,34.636123,135.629112
クリエイトSD,35.603267,139.579809
スギ薬局,35.730790,139.722274
ココカラファイン,34.618970,135.617461
ひまわり薬局 那覇店,26.219384,127.693097
ココカラファイン,34.777929,135.539031
vドラッグストア,35.290677,136.910298
スギ薬局,35.291515,136.908823
ココカラファイン,34.642628,135.605618
クリエイトSD,35.470909,139.589773
クリエイトS・D伊東広野店,34.960033,139.091100
ドラッグストアセキ浦和美園店,35.902293,139.729513
マツモトキヨシ,35.691578,139.893898
サンドラッグ,35.555735,139.454941
クリエイト,34.955109,139.112865
マツモトキヨシ,34.744057,135.360620
ドラックストア コスモス 三加茂店,34.036647,133.943664
クリエイトSD,34.882244,139.107753
クスリのアオキ泊駅前店,36.953099,137.555679
杏林堂,34.998701,138.515535
スーバードラッグ シグマ 南植松店,34.612080,135.593401
ココカラファイン 長原東店,34.602002,135.575310
welcia,34.600818,135.613802
ウエルシア 平野長吉長原店,34.602150,135.567539
アメリカンドラッグ,36.603090,138.170140
マツモトキヨシ,35.728435,139.639481
ココカラファイン,34.601391,135.611488
スギ薬局,35.292451,136.933636
セガミ薬局 久宝寺店,34.620834,135.585213
ドラッグセガミ 北久宝寺店,34.630565,135.588472
スギ薬局,34.898368,135.184123
ココカラファイン,34.631147,135.588691
welcia,34.633019,135.589251
スーバードラッグ シグマ 大蓮店,34.634737,135.585435
ゲンキー 二重掘店,35.289272,136.940009
スギドラッグ  小牧中央店,35.284242,136.937555
サンドラッグ,35.719859,139.384216
キリン堂,34.771637,136.138084
ドラッグセイムス,34.778929,136.135540
ココカラファイン,34.815439,135.562425
ウエルシア薬局,35.181024,138.910480
五十嵐薬品,37.945692,139.333408
ドラッグストアー ヨシダ,37.946599,139.332100
クスリのいとう,37.943933,139.329527
ユアサ,37.945534,139.326913
マツモトキヨシ,35.149426,136.935795
くすりの桂,37.947674,139.322903
ウェルパーク,35.722998,139.591319
アメリカンドラッグ,36.659927,138.238439
ツルハドラッグ 西18条店,42.929821,143.162247
ぱぱす,35.738481,139.689524
ココカラファイン,34.941830,136.588169
ヤックストドラッグ,35.528723,140.184412
ツルハドラッグ,35.716868,139.641050
コスモス,34.262089,135.218472
ココカラファイン,34.276695,135.149314
ココカラファイン,35.531876,139.700491
キリン堂,34.621115,136.105965
ドラッグストアセキ,36.039231,139.390512
ココカラファインさいたま大和田店,35.927129,139.656898
くすりの大町キムラ,38.223783,139.478565
村上薬品,38.223865,139.468590
マークスアンドウェブ,35.604129,139.507641
マツモトキヨシ,35.604671,139.507797
スギ薬局高松店,34.982686,137.001479
スギ薬局,35.748723,139.569057
welcia,35.643957,139.618128
マツモトキヨシ岩槻本町店,35.948494,139.696257
ドラッグストアセキ岩槻太田店,35.953597,139.706336
ハッピー薬局,35.690426,139.778517
ドラッグ＆ストアmac,34.134583,133.693710
クリエイトSD,35.672108,139.557539
キリン堂,34.550907,135.498444
サンドラッグ,35.668019,139.861743
ココカラファイン,35.721958,139.705567
ドラッグセイムス落合店,35.880083,139.631550
ツルハドラッグ,35.555490,139.418850
ココカラファイン,34.507047,136.721726
スギ薬局,35.162399,136.850670
スギ薬局,35.006313,136.528284
ディスカウントドラッグ コスモス,33.591158,131.238314
ゲンキー金山店,35.661823,137.155791
ウエルシア,36.021594,140.220361
前川商店化粧品販売店,34.711014,135.493331
ココカラファイン,35.143601,136.796152
くすりの福太郎,35.634905,140.150208
マツモトキヨシ,35.707288,139.665384
ココカラファイン,35.540747,139.449472
welcia,35.614362,139.588111
welcia,35.970706,139.366599
ココカラファイン浜北中瀬店,34.822087,137.806054
ツルハドラッグ,34.757882,135.399666
ひまわり調剤薬局,35.695267,139.667505
スーパードラッグひまわり 向東店,34.401609,133.224851
杏林堂,34.755783,138.090408
V・ドラッグ,34.950083,138.344774
ココカラファイン,34.632900,136.109062
キリン堂,34.637759,136.113900
ドラッグイレブン,33.616278,130.416312
ココカラファイン 伊賀青山店,34.668746,136.174206
ひまわり,34.407363,133.187783
くすりの福太郎,35.702827,139.742496
ココカラファイン,35.671192,139.658695
ココカラファイン,34.533918,136.604455
ディスカウント ドラッグ コスモス 郷津店,34.586945,136.543611
クスリのアオキ 松阪中央店,34.582726,136.544392
スギ薬局 松阪中央店,34.578269,136.542418
ツルハドラッグ,43.081454,141.285964
ウエルシア,35.044884,138.501240
V・ドラッグ,35.027841,138.484533
ウエルシア,35.110571,138.908596
ゴダイドラッグ,34.964284,134.686262
ドラックストア　セキ,36.109854,139.710530
ウエルシア 調剤薬局 大和高田大中東店,34.515233,135.740478
ココカラファイン,35.617058,139.675459
コクミン薬局 五位堂店,34.534002,135.721347
ゴダイドラッグ安富店,34.981938,134.589139
スギ薬局,35.586081,139.590352
welcia,35.164479,138.696889
ドラッグセイムス岩槻店,35.954586,139.688295
スギドラッグ,36.318507,139.653656
ココカラファイン,35.528621,139.442188
マツモトキヨシ,35.660559,139.667590
トモズ,35.635165,139.664548
ココカラファイン 東浦店,34.537976,134.990634
ドラッグスギヤマ,35.117471,137.166222
スギ薬局,34.703578,135.501997
スギ薬局,36.318507,139.653656
welcia,35.159625,138.673407
welcia,36.658646,138.196562
オーエスドラッグ,35.708453,139.665708
スギ薬局,34.861859,134.658755
サンドラッグ,34.854834,134.665986
セイムス 三重大学前薬局,34.743021,136.519593
ココカラファイン掛川店,34.767387,138.031892
マツモトキヨシ,34.733595,136.510706
サンドラッグ,34.730094,136.519872
クスリのアオキ 高店,34.556080,135.701632
ココカラファイン,34.511950,135.793123
キリン堂 八木店,34.510585,135.791110
ココカラファイン ジップドラッグ東洋 香芝南店,34.532072,135.703425
COSMETICサンドラッグ,35.706114,139.649913
ツルハドラッグ,43.139118,141.210865
スギ薬局,34.686526,135.752883
ダックス宇治神明店,34.884897,135.784004
,36.405468,139.317095
マツモトキヨシ,34.767159,134.839019
アルカドラッグ,34.764988,135.420975
ツルハドラッグ,35.143653,136.891662
アルカドラッグ,34.660665,135.142128
ザグザグ,34.759238,134.840934
セイジョー,35.720986,139.644721
ウェルパーク,35.776762,139.586333
スギ薬局,35.769418,139.586678
マツモトキヨシ,34.665798,133.920419
サンドラッグ,35.773688,139.587413
ひまわり薬局,35.772115,139.586333
ウエルシア一関山目店,38.934693,141.121978
ウエルシア薬局,38.927762,141.125971
welcia,38.212452,140.859330
トモズ,35.584027,139.481922
スギドラッグ,34.665882,135.562864
ダイコクドラッグ,34.663752,135.562617
マツモトキヨシ,34.664099,135.563363
ココカラファイン,35.648237,139.636174
サンドラッグ,35.335688,139.488648
クリエイトSD,35.688864,139.774364
アメリカンドラッグコスメ店,36.646705,138.187701
ツルハドラッグ,35.669144,139.600358
クリエイトSD,35.757119,139.573518
スギ薬局,34.680030,135.507308
ツルハドラッグ,37.982349,140.780216
ドラッグセイムス,35.764937,139.570010
クリエイトSD,35.619089,139.564379
福井薬店,34.680835,135.449220
V・ドラッグ刈谷中山薬局,34.992250,137.013982
薬王堂,38.981023,141.116824
マツモトキヨシ,36.264980,139.773179
ココカラファイン,35.011853,135.735899
スギ薬局,35.410807,136.784665
マツモトキヨシ,33.672619,130.450437
ウエルシア 羽曳野恵我之荘店,34.576464,135.573327
コスモス,31.677741,130.313133
コスモス,31.708429,130.280647
マツモトキヨシ,31.720432,130.273154
ウエルシア,34.583616,135.554309
キリン堂 三山木店,34.798682,135.782622
クスリのアオキ 佐山店,34.874863,135.748367
ウエルシア 甲賀水口貴生川店,34.954494,136.151584
ドラッグきぶかわ,34.952795,136.150821
ツルハドラッグ,36.966632,140.888958
ドラッグストアセキ東大門店,35.885280,139.740148
ダックス,34.979204,135.711543
キリン堂,34.572161,135.598864
スギ薬局,34.607222,135.565809
スーパードラッグアサヒ,41.290723,141.186810
ウエルシア,35.684485,139.488758
ウエルシア馬橋駅西口店,35.812438,139.915548
サンドラッグ,35.823802,139.748895
杏林堂ドラッグストア,35.010516,138.373215
コスモス,34.399395,133.173192
ドラッグイレブン,26.186506,127.774631
ココカラファイン薬局,35.566805,139.657093
マツモトキヨシ,35.714742,139.687236
welcia,34.683368,135.505387
サツドラ,43.061936,141.314146
welcia,35.693846,139.698829
マツモトキヨシ,35.613516,140.112731
ハックドラッグ,35.535856,139.632289
ココカラファイン クスリのコダマ上越鴨島店,37.107740,138.272474
くすりの福太郎,35.713582,139.702918
くすりのレデイ,33.809332,132.806389
ココカラファイン ドラッグセガミ天美店,34.586634,135.538323
ドラッグストア ライフォート,34.577194,135.546458
ドラッグストア サーバ 松原天美我堂店,34.581576,135.528824
キリン堂,34.575251,135.553270
マツモトキヨシ,36.042581,139.316415
ドラッグ新生堂,33.588329,130.404651
スギ薬局,34.575088,135.536435
サンドラッグ,35.642611,140.502557
ヤックス,35.660813,140.485803
スギドラッグ大宮宮原店,35.937058,139.613128
サンドラッグ,35.008560,135.746894
サンドラッグ,35.008594,135.747106
ヤックスドラッグ,35.371358,140.367803
Ｖ・ｄｒｕｇ中部薬品黒部店,36.882771,137.448672
ウエルシア,35.900145,139.606958
クスリのアオキ,36.366247,139.222706
,32.768349,129.865710
Matsumoto,32.763086,129.864539
ドラッグセイムス,35.780575,139.571714
アオキ薬局,34.757733,135.494116
대학당 온누리 약국,37.372316,126.958059
welcia,35.783499,139.616704
ドラッグセイムス,35.632086,139.504841
スギ薬局,35.266731,136.792228
ドラッグセイムス,35.921170,139.471713
ツルハドラッグ,37.012049,140.915357
セイジョー,34.642470,138.133264
アオキ,35.989756,139.733934
ウェルパーク,35.772070,139.613443
マツモトキヨシ,34.392731,132.462069
ウエルシア,35.940509,139.610274
ドラッグセイムス宮原西口店,35.939683,139.608599
ドラッグストアセキ内野本郷店,35.935102,139.593680
ザグザグ,34.964740,133.473922
ダイコクドラッグ,34.693250,135.191361
Wants,34.393050,132.462427
ココカラファイン,35.736616,139.673068
スギ薬局,35.018465,135.732727
くすりのレデイ,34.658229,133.883423
ドラッグセイムス,35.509239,139.460364
ウエルシア,34.728779,138.090148
スギ薬局,35.750858,139.591211
クリエイト,35.751449,139.593153
,35.890937,136.343590
ウエルシア,35.649030,139.490822
クリエイト,35.742529,139.735104
スギ薬局,34.750617,135.391769
サンドラッグ,35.740780,139.744079
マツモトキヨシ,35.999819,139.075410
マツモトキヨシ,35.876233,139.822483
バワードラッグワンズ,35.979703,139.751955
マツモトキヨシ,35.722113,140.117988
welcia,35.119704,138.929597
マツモトキヨシ,35.725818,139.591919
ザグザグ,34.660021,133.885260
ウェルシア刈谷高倉店,35.001260,136.997142
キリン堂,34.858946,135.762989
マツモトキヨシ,35.613982,139.484128
ドラッグセイムス,35.613290,139.485261
ぱぱす,35.738943,139.748576
ダイコクドラッグ,34.666233,133.919661
クリエイトSD,35.600448,139.589710
サンドラッグ,35.734203,139.739500
ドラッグセイムス大宮佐知川店,35.905411,139.589101
サンドラッグ,35.855383,139.625372
ドラッグストアセキ与野西堀店,35.861783,139.633426
welcia,35.154129,138.905231
ドラッグストアセキ御蔵店,35.904102,139.667522
ドラッグセイムス浦和木崎店,35.888529,139.656706
ドラッグセイムス柳崎1丁目店,35.854524,139.701122
ユニバーサルドラッグ,35.784365,139.751260
マツモトキヨシ,35.783035,139.764320
マツモトキヨシ,35.767535,140.297284
ココカラファイン薬局,35.469383,139.461286
ウエルシア,35.468452,139.465375
ドラッグセイムス,35.879971,139.671536
イオンドラッグ,26.228650,127.707846
杏林堂,34.779428,137.980427
ドラッグセイムス,35.773822,139.772576
薬王堂 宮城岩出山店,38.641415,140.881716
クスリのアオキ蓮沼店,35.926196,139.661931
ツルハドラッグ,42.653773,141.615205
ぱぱす,35.667692,139.778699
くすりの福太郎,35.701398,140.089683
クリエイト,35.438561,139.454265
マツモトキヨシ,35.689048,139.981212
ディスカウントドラッグコスモス泉台店,33.864562,130.852540
ココカラファイン,34.876765,139.104503
クスリのアオキ,36.682665,139.971532
welcia,35.824255,139.760584
すみや化粧品店,35.003078,137.004367
welcia,35.821537,139.784431
ドラッグセイムス日進店,35.931567,139.603807
クスリのアオキ,36.662679,139.957319
ウエルシア,35.693500,139.899028
ウエルシア薬局,34.765674,138.248572
サンドラッグ,35.649665,139.543173
薬王堂,37.926465,140.772666
ウエルシア,34.838529,138.308183
サンキュードラッグ 石坪店,33.866413,130.841153
キリン堂,34.615897,136.097773
薬王堂 一関千厩店,38.910821,141.328159
ドラッグセイムス,35.756014,139.367249
コスモス,34.521842,135.819163
クスリのアオキ,37.315541,138.792046
V・ドラッグ,35.293249,136.803641
クリエイトSD,35.774784,139.792345
スギ薬局知立駅前店,35.005566,137.041042
ぱぱす,35.770813,139.797358
マツモトキヨシ,35.772720,139.797402
ココカラファイン,35.593192,139.606252
クリエイト,35.773896,139.803698
サンドラッグ,35.778108,139.802359
スギ薬局,35.776543,139.809751
ココカラファイン薬局,34.776958,135.541530
ココカラファイン,34.614935,135.497105
サンドラッグ,35.789792,139.807817
マルエドラッグ榛東店,36.428370,138.987183
サンドラッグ,35.655089,139.303814
マツモトキヨシ,36.941935,140.852736
クリエイトSD,35.723492,139.402128
マツモトキヨシ,34.588404,133.772017
ココカラファイン薬局,34.478024,135.431671
サンドラッグ,35.794552,139.794718
ウエルシア,35.721975,140.153472
コスモス薬局,35.726592,139.719300
ウエルシア,35.772019,139.816215
welcia,35.769515,139.817507
クリエイト,35.768405,139.822795
コスモス,34.526690,135.948732
ウォンツ飯室店,34.559548,132.448319
ツルハ・ドラッグ方木田店,37.744573,140.451438
ウエルシア,34.926112,138.368110
くすりのアオキ,36.227813,136.187362
CREATE,35.909901,139.482514
ココカラファイン,33.539217,130.332660
ドラッグイレブン,33.553070,130.330165
ドラッグセイムス,36.131537,139.677571
ドラッグストアセキ,36.132732,139.678680
マツモトキヨシ,35.607799,140.146167
welcia,35.750695,139.598644
薬王堂薬局,35.715837,139.688465
マツモトキヨシ,26.261305,127.697990
ドラッグイレブン,31.278935,130.291933
薬王堂,38.194842,140.885974
マツモトキヨシ,38.260930,140.873881
ツルハドラッグ,33.572161,130.330554
ドラッグ新生堂,33.575553,130.330128
マツモトキヨシ,38.261273,140.876754
クリエイトSD,35.537417,139.271357
ウェルシア,35.925348,140.640074
Officina profumo-farmaceutica di Santa Maria Novella,35.003975,135.760999
ドラッグセイムス,35.361632,139.539728
ココカラファイン,34.210737,136.334379
ミヤモトドラッグ,35.787092,139.612527
サンドラッグ,33.564185,130.240340
コスモス,33.569972,130.243441
ドラッグイレブン,33.581111,130.260423
ツルハドラッグ,33.581462,130.265251
マツモトキヨシ,33.582128,130.267065
ウエルシア,35.778760,139.828655
くすりの福太郎,35.777252,139.831761
アメリカンドラッグ,36.656639,138.247316
クスリのアオキ,36.738666,137.256195
V Drug,35.179747,136.978412
ドラッグユタカ,35.167319,136.945707
スギ薬局,34.657776,135.529021
ウエルシア,34.853915,138.259611
ココカラファイン,43.059314,141.782553
ウォンツ亀山店,34.524500,132.499494
ディスカウントドラッグコスモス亀山店,34.520431,132.499313
マツモトキヨシ,34.671558,133.947733
くすりのラブ,34.627117,133.903942
コスモス,33.548907,131.735875
くすり長島,35.255527,136.718801
スギ薬局,35.252287,136.721549
ウォンツ 藤垂園店,34.367362,132.372455
ドラッグセガミ皆賀店,34.373572,132.365252
ウォンツ,34.375635,132.367451
ウエルシア,35.944633,139.609371
クリエイトSD,35.419939,139.654970
ウォンツ 五日市コイン通り店,34.367196,132.354985
ウェルシア新宿目白店,35.721903,139.699538
レデイ薬局 五日市店,34.379010,132.360700
マツモトキヨシ,33.262966,131.355626
ドラッグセイムス,35.960075,139.605762
くすりの生和,35.316704,139.548990
ドラッグストアセキ,35.954093,139.602422
ドラッグセイムス大宮吉野町店,35.947574,139.615312
マツモトキヨシ,34.451650,135.572274
アルカ スーパードラッグ,34.456123,135.566298
マツモトキヨシ,27.380680,128.646387
ツルハドラッグ,43.109214,141.336848
CREATE,35.468451,139.622736
ツルハドラッグ,43.052463,141.344525
ツルハ,42.923153,143.220794
ドラッグストアモリ,27.385250,128.651057
くすりのおおくま,38.065599,140.860886
ドラッグコスモス,31.276430,130.291849
Ｖ・ｄｒｕｇ 多治見旭ヶ丘店,35.366492,137.116762
ドラッグユタカ 旭ヶ丘店,35.366178,137.115481
くすりのコダマ,37.318471,138.793008
ぱぱす,35.752870,139.794439
マツモトキヨシ,38.212352,140.855444
ツルハドラッグ,38.213533,140.857071
ウォンツ 海老園店,34.360460,132.358608
サンドラッグ,35.765593,139.731415
ウエルシア薬局,35.891632,139.947623
ドラッグストアセキ岩槻城南店,35.940695,139.715754
ダイコクドラッグ,34.739525,135.375111
ぱぱす,35.764372,139.736179
,34.070722,130.901374
スギ薬局,35.533016,139.436856
해성약국,37.539616,127.201707
ツルハドラッグ 白川店,33.044610,130.466931
ゲンキー倉重店,36.452236,136.544733
セガミ,33.553573,130.351701
ツルハドラッグ,38.216203,140.883833
マツモトキヨシ,35.723410,139.624153
ウエルシア,36.246209,138.476218
マツモトキヨシ,35.741958,139.795925
マツモトキヨシ,34.702004,135.495892
ドラッグイレブン,31.643744,130.570662
スギドラッグ 天川大島店,36.367664,139.105380
セイムス,35.828823,139.877650
マツモトキヨシ,35.825270,139.879406
ココカラファイン,35.649505,139.756758
マツモトキヨシ,35.832491,139.829286
ツルハドラッグ,43.002616,144.378276
スギ薬局,35.160464,136.902097
옵티마 하남 약국,37.539852,127.201881
マツモトキヨシさいたま本郷町店,35.946278,139.620991
マツモトキヨシ,31.491984,130.506028
マツモトキヨシ,35.748792,139.802260
屈臣氏,37.501664,122.114685
くすりの福太郎,35.706259,139.958037
ファミリードラッグ,35.827974,137.960857
セガミ,33.582473,130.358403
サンドラッグ,43.010822,144.361383
ディスカウントドラッグストア コスモス,33.794477,132.786394
コスモス 車出入口2,33.794808,132.786303
コスモス 車出入口1,33.794459,132.786758
マツモトキヨシ,40.599418,140.484834
スギ薬局,35.155678,136.804040
ドテランド,35.907521,139.632241
ドラッグストアセキ太田窪店,35.857417,139.678428
ドラッグセイムス南浦和薬局,35.850337,139.673447
スギ薬局,35.847985,139.658152
ひまわり薬局広尾,35.649354,139.721606
ドラッグセイムス,36.681901,137.855151
ウエルシア,35.642845,139.900410
トモズ,35.772668,139.520784
マツモトキヨシ,34.703877,135.206068
ココカラファイン 灘駅前店,34.705511,135.215855
ドラッグセイムス,35.763830,139.812034
ぱぱす薬局,35.668156,139.830499
くすりの福太郎,35.887425,139.946979
マツモトキヨシ,35.741122,139.393733
マツモトキヨシ,35.651997,139.892152
スギ薬局 水道筋店,34.712331,135.222330
クリエイト,34.706074,135.222803
ドラッグスギ,36.371861,139.084632
マツモトキヨシ,35.102649,140.094478
ヤックスドラッグ,35.107188,140.097592
マツモトキヨシ,35.108218,140.101827
コスモス,33.794496,132.786386
ココカラファイン,35.523744,135.096936
welcia,35.107318,136.987015
スギ薬局,35.109166,136.989044
ツルハドラッグ,35.769270,139.826032
サンドラッグ,34.734871,137.397863
ゲンキー 熊野店,34.861377,136.857856
クスリのアオキ,36.356086,139.234872
ウェルシア薬局,35.683455,139.551593
マツモトキヨシ,38.263131,140.871040
サツドラ,42.891155,141.598058
サンドラッグ,35.709216,139.665698
だるまや,34.535935,136.039491
ツルハドラッグ,43.136598,141.366913
Vドラッグ,34.941985,136.596441
ドラッグセイムス,35.938275,139.631582
スギ薬局,35.943436,139.626050
ドラッグセイムス,35.960530,139.594030
welcia,35.961904,139.598370
ドラッグストアセキ,35.947183,139.601802
ドラッグセイムス奈良町店,35.945276,139.603358
コクミン,35.765938,139.846384
ココカラファイン,35.765542,139.847423
ココカラファイン,35.167422,136.968531
スギ薬局,34.779596,135.497287
ウエルシア薬局,35.868333,139.668925
サンドラッグ,35.871608,139.678666
welcia,35.758827,139.848014
マツモトキヨシ,34.749248,135.474328
ツルハドラッグ,35.759362,139.843565
ドラッグセイムス与野鈴谷薬局,35.870748,139.625460
クリエイト,35.106991,138.560191
ドラッグ白樺,36.249160,137.637584
ココカラファイン,34.712837,135.241290
ダイコクドラッグ,34.715691,135.238464
ひまわり薬局,34.714587,135.239974
マツモトキヨシ,34.711550,135.238820
スギ薬局,34.707685,135.234015
アルカドラッグ 神戸新在家店,34.704434,135.237414
ココカラファイン ドラッグストア ライフォート水道筋店,34.712435,135.223084
スミヨシドラッグ,34.720218,135.261841
,37.482253,140.270726
ココカラファイン,34.037855,135.179800
クスリのアオキ,36.378238,139.732320
ドラッグセイムス,35.764228,139.833418
ウエルシア 平野瓜破西店,34.603483,135.545676
ひまわり薬局,34.080918,135.119302
ココカラファイン 箕島店,34.087704,135.113320
ぱぱす薬局,35.748104,139.839746
ぱぱす,35.747927,139.839497
ココカラファイン,34.656522,135.126829
ココカラファイン,34.643521,135.113504
マツモトキヨシ,37.744271,139.188076
ドラッグストアセキ白鍬店,35.882290,139.606388
ココカラファイン,34.448980,135.385413
ツルハドラッグ,38.261653,140.887266
ココカラファイン 印南店,33.818245,135.216652
コスモス,33.735885,135.358923
サンドラッグ,35.709089,139.665977
スーパードラッグ キリン 田辺東山店,33.723019,135.395215
スーパードラッグ キリン 上富田店,33.696609,135.425291
マツモトキヨシ,37.875753,139.039790
ドラッグセイムス,33.719480,135.993279
ぱぱす,35.741185,139.834908
ドラッグセイムス,33.723256,136.003858
ココカラファイン,35.871887,139.643913
トモズ調剤薬局,35.542162,139.516649
ドラッグセイムス,33.886633,136.095740
ドラッグセイムス 尾鷲末広店,34.075634,136.189188
ミキモト化粧品,34.702640,133.901179
ココカラファイン,34.751749,136.511150
ココカラファイン,34.665265,134.962062
ディスカウントドラッグ コスモス 貴崎店,34.657517,134.960028
ラブ,34.658925,133.890542
ココカラファイン ドラッグストア ライフォート 西明石店,34.669776,134.967330
スギ薬局 神戸持子店,34.670972,134.981545
キリン堂 明石林崎店,34.649574,134.969398
スギ薬局,34.727697,137.442714
ドラッグスギヤマ 多米店,34.762344,137.437847
ダイコクドラッグ,34.648963,134.990955
薬局グリーンドラッグ,34.650361,134.983055
ウエルシア 神戸高津橋店,34.666263,134.993787
ぱぱす,35.731065,139.841177
キリン堂 朝霧店,34.651988,135.010707
ドラッグあさぎり,34.649123,135.013040
ディスカウントドラッグ コスモス JR朝霧駅前店,34.645316,135.016374
ココカラファイン ドラッグセガミ 舞子店,34.633662,135.034097
薬局 センタードラッグ 本店,34.630009,135.055160
薬局センタードラッグ 神田店,34.629873,135.054754
スギ薬局 東垂水店,34.642102,135.068155
福田ひまわり薬局,34.642328,135.064734
マツモトキヨシ,35.873520,139.697297
ドラッグセイムス,35.878371,139.693443
ドラッグストアモリ 槻田店,33.866275,130.844155
大賀薬局 北町店,34.726833,135.145789
ウエルシア 垂水名谷店,34.665757,135.072951
スギ薬局 名谷店,34.663989,135.073362
ココカラファイン,34.725857,135.134386
キリン堂,34.723486,135.137165
ココカラファイン ドラッグストア ライフォート 泉台店,34.737319,135.142471
マルエドラッグ菅谷店,36.380230,139.017596
,43.151003,131.909615
ウエルシア 神戸大池店,34.778873,135.195765
ひまわり薬局 五社店,34.811256,135.212983
ココカラファイン,34.828119,135.246710
トモズ[2F],35.543047,139.517056
ココカラファイン,35.745972,139.855946
キリン堂,35.005082,135.946311
コクミン薬局 神大店,34.685500,135.169518
ドラッグストア サーバ 中央再度筋店,34.692248,135.175987
ココカラファイン ジップドラッグ,33.894228,135.150804
マツモトキヨシ,35.482990,139.341672
ツルハドラッグ,40.514151,141.535458
セイムス,35.750901,139.560171
welcia,34.778650,135.035103
くすりの福太郎,35.770281,139.868123
ココカラファイン,35.769990,139.870024
マツモトキヨシ,35.769861,139.870357
スギ薬局,36.372899,139.134676
ウェルパーク,35.760043,139.558159
ザグザグ,34.668152,133.740965
ザグザグ,34.677507,133.748206
ドラッグセイムス,34.670265,133.732448
V・ドラッグ,35.194597,136.886825
ザグザグ,34.670044,133.752449
スーパードラッグひまわり,34.669508,133.749767
ウエルシア福島本宮店,37.518941,140.398231
ドラッグコスモス青山店,34.785886,135.034082
白沢ドラッグ,34.914234,136.965472
トモズ,35.747102,139.840296
カワチ,37.894065,139.047630
ダイコクドラッグ,34.407525,135.298172
ツルハドラッグ,43.099509,141.292313
マツモトキヨシ,34.666530,133.918587
薬王堂,38.420970,141.364147
ココカラファイン,38.050258,140.782483
ザグザグ,34.613453,133.931493
welcia,34.379655,135.267162
ドラッグセイムス,34.776317,136.126676
ドラッグストアセキ岩槻本宿店,35.964466,139.691940
サンドラッグ,31.547055,130.544286
クリエイトSD,35.523900,139.509709
ザグザグ わかば店,34.610046,133.948769
オーエスドラッグ,34.565414,135.492744
ドラッグストアセキ深作店,35.955053,139.655779
サンドラッグ,34.616118,135.546953
ウエルシア薬局,35.881269,139.742313
コスモス,34.598654,133.476713
マツモトキヨシ,35.672463,139.819853
ザグザグ 児島下の町店,34.479924,133.820366
スーパードラッグひまわり,34.472373,133.824770
ザグザグ,34.473763,133.825433
ドラッグセガミ,34.503709,133.505914
くすりの福太郎,35.672059,139.819964
ウエルシア,34.837059,138.190122
ザグザグ 福富店,34.624832,133.927814
スーパードラッグひまわり,34.625841,133.918995
ザグザグ,34.634497,133.929385
ココカラファイン,35.510792,139.470810
ぱぱす,35.761219,139.869622
コスモス,34.498301,133.526369
ココカラファイン,34.778861,135.517158
ひまわり薬局,38.056829,140.773793
くすりの福太郎,35.690523,140.014521
スギ薬局,34.834341,135.498182
スーパードラッグひまわり,34.581006,133.734459
ドラッグセイムス,35.885259,139.686291
セイムス浦和松木薬局,35.883462,139.688545
ドラッグはなぶさ,35.881102,139.690640
スギ薬局,35.843354,139.735427
ライフォート,34.720782,135.439921
アオキ薬局,34.568913,133.741911
ドラッグユタカ フレスポ福知山店,35.297547,135.111403
ツルハドラッグ 能代店,40.182235,140.052368
ハッピー・ドラッグ 三沢堀口店,40.686674,141.382955
薬王堂 むつ下北店,41.284281,141.190035
薬王堂 むつ中央店,41.292351,141.180037
ツルハドラッグ,43.075051,141.349414
マツモトキヨシ,35.517408,140.150031
ウエルシア 福知山昭和新町店,35.304432,135.116250
ゴダイドラッグ 福知山荒河店,35.311707,135.112244
ウエルシア 福知山荒河東店,35.314401,135.113180
ココカラファイン,43.196113,140.997294
ディスカウントドラッグ コスモス 曽根店,34.778677,134.779411
ぱぱす,35.751115,139.879898
ココカラファイン,35.525742,139.516781
ドラッグ ヤマザワ 汐見台店,38.296498,141.055183
キリン堂 松陽店,34.777336,134.782787
welcia,34.764894,134.776403
ココカラファイン薬局 高砂荒井店,34.756768,134.795798
サンドラッグ,34.770340,134.801429
トモズ,35.624539,139.721048
マツモトキヨシ,35.532966,137.864602
ウエルシア薬局,35.439224,139.364550
スギ薬局 宝殿店,34.782990,134.811677
キリン堂 高砂米田店,34.785214,134.808830
マツモトキヨシ,35.694197,139.692984
マツモトキヨシ 長町たいはっくる店,38.228432,140.884637
スーパードラッグアサヒ,40.597396,140.473236
올리브영,37.544392,127.055078
セイムス,33.457706,132.432956
サンドラッグ,35.762636,139.721245
セイムス,33.460285,132.420847
くすりの福太郎,35.742926,139.884251
薬王堂 青森階上店,40.455273,141.613920
ココカラファイン,34.775024,135.370810
ドラッグユタカ,34.975740,135.706122
ぱぱす,35.740912,139.878062
ココカラファイン,34.455372,135.562673
マツモトキヨシ,35.761333,139.721197
スギドラック,35.179347,136.985479
V・ドラッグ,34.849553,138.247828
コクミン薬局 宝塚第一病院前店,34.807748,135.360589
ココカラファイン,34.808295,135.357767
スギ薬局,34.746400,135.373271
スギ薬局,34.746395,135.373144
スギ薬局,34.750139,135.321070
ニシイチドラッグ 健康館苦楽園店,34.749233,135.318767
ドラッグゆたか,35.365066,136.539267
マツモトキヨシ,34.664887,133.923030
ウエルシア薬局,34.751266,135.330614
キリン堂,34.740924,135.326848
コクミン,35.711695,139.797158
ヤックスドラッグ市原八幡店,35.530097,140.119826
ココカラファイン,34.743443,135.338400
,35.176303,136.891828
ドラッグセガミ,35.876578,139.744838
くすりの福太郎,35.679084,139.776994
ひまわり薬局,34.735128,135.339089
クリエイトSD,35.682236,139.569755
ジャパン野田川店,35.534782,135.123098
ぱぱす,35.729940,139.862315
ゴダイドラッグ,35.625902,135.066416
ココカラファイン,35.617283,135.076726
ウエルシア,35.733390,139.865084
ディスカウントドラッグ コスモス 大宮店,35.599835,135.088074
ドラッグかしま 武庫川店,34.705353,135.370102
ウエルシア 西宮駅前店,34.738736,135.347386
遠山薬品,35.164779,137.867457
やまご化粧品店,35.165070,137.867405
大坂屋,35.165675,137.867591
大賀薬局,33.569334,130.432060
ドラッグストア・モリ,33.397010,129.978706
スーパードラッグキリン　御坊店,33.901623,135.167713
マツモトキヨシ,35.703745,139.962971
ツルハドラッグ 甲子園店,34.726520,135.362670
ココカラファイン,34.727013,135.349258
屈臣氏,45.769260,126.614252
セイムス上木崎薬局,35.886146,139.639546
クスリのアオキ西大宮店,35.930884,139.575635
ゴダイドラッグ 宮津店,35.524915,135.191308
ゴダイドラッグ 野田川店,35.536148,135.115565
クスリのアオキ 男山店,35.571715,135.160484
キリン堂,35.428956,135.324885
ゴダイドラッグ 西舞鶴店,35.434778,135.333491
くすりの福太郎,35.732896,139.882465
くすりの福太郎,35.732670,139.882708
ユニカムドラッグ,34.782262,135.489531
クスリのアオキ,35.973869,139.609044
マツモトキヨシ,35.668054,139.562190
スギドラッグ,36.052725,139.518229
ウエルシア薬局,34.734023,135.321167
ココカラファイン,34.728458,135.318453
クリエイトSD,35.348662,139.581307
スギ薬局,35.914812,139.567672
ココカラファイン,34.720641,135.316335
スーパードラッグアサヒ調剤薬局,40.591198,140.474086
クスリのアオキ,36.628812,138.210524
アメリカンドラッグ,36.629522,138.210763
ハッピー・ドラッグ,40.599752,140.473921
ウエルシア,35.669323,140.155401
マツモトキヨシ,35.918965,140.488211
マツモトキヨシ,31.530789,130.519619
ドラッグセガミ,34.078616,134.570084
ヤックスドラッグ,35.013222,139.955454
ひまわり薬局,35.696742,139.524237
クスリのアオキ,35.898769,139.734891
クリエイトSD,35.347221,136.871933
クリエイトSD,35.449936,139.329419
ひまわり調剤薬局,40.614675,141.204091
ツルハドラッグ 十和田店,40.612683,141.200467
ひまわり薬局,34.719390,135.400519
スギ薬局,34.723657,135.292261
サンドラッグ,40.622737,141.214665
ツルハドラッグ,40.621289,141.212025
コスモス,34.770744,136.143428
アオキ,34.770156,136.141014
スギ薬局,34.774575,136.131145
ココカラファイン,34.776263,136.124695
ココカラファイン,34.747873,136.136592
サンドラッグ 十和田西,40.603786,141.200571
ハッピー・ドラッグ 十和田西金崎店,40.604238,141.194397
ハッピードラッグ 十和田穂並町店,40.605872,141.219791
ツルハドラッグ,40.607516,141.221154
ドラッグスギヤマ,35.174604,136.932672
ぱぱす薬局,35.731268,139.790126
ハックドラッグ,35.459712,139.515028
クリエイトSD,35.090407,138.941284
マツモトキヨシ,31.597686,130.536646
welcia,35.684917,139.737444
ぱぱす,35.692211,139.722671
マツモトキヨシ,35.688608,139.698372
スギ薬局,35.691333,139.710484
ミネドラッグ,35.692302,139.705500
ミネドラッグ,35.693382,139.701176
薬王堂 十和田元町店,40.621832,141.200216
薬王堂 青森上北店,40.730033,141.273224
ハッピー・ドラッグ 青森上北町店,40.735778,141.264962
薬王堂 青森乙供店,40.781877,141.214648
ドラッグストア　フタバ 西小山店,35.615722,139.697951
ドラッグストアセキ東宮下店,35.928464,139.677300
ツルハドラッグ,40.797261,140.762222
スギ薬局,35.689694,139.810914
サツドラ,43.141220,141.331353
スギ薬局,35.604678,139.360219
ツルハドラッグ,39.193967,140.410100
ひまわり薬局,35.494226,134.232165
ドラッグスギヤマ,35.152518,136.997609
ウエルシア薬局,35.937076,139.630802
V・drug,35.361598,137.261450
welcia,35.693873,139.698867
ぱぱす,35.689379,139.813474
ココカラファイン,35.705587,139.619266
ツルハドラッグ,43.058636,141.320167
クスリのアオキ,37.487513,139.948752
ドラッグストアセキ東岩槻店,35.966414,139.710588
ウエルシア,35.069132,138.521697
マツモトキヨシ,36.433744,139.067856
ひまわり薬局,40.824760,140.759728
マツモトキヨシ,40.828499,140.734522
スギ薬局,35.183687,136.953254
スギ薬局,35.191493,136.999079
ドラッグスギヤマ,34.826549,137.222223
マルエドラッグ,36.309017,138.848991
ウエルシア薬局,37.487259,138.996009
クスリのアオキ,37.481853,138.994116
ドラッグスギヤマ,35.162106,137.029480
ドラッグスギヤマ,35.208782,137.064471
ゲンキー,35.313598,137.161266
V・ドラッグ,35.209709,137.085990
スギ薬局,35.185672,137.017610
ハッピー・ドラッグ 青森浪館店,40.812815,140.721013
ハッピー・ドラッグ 青森久須志店,40.817637,140.726953
スーパードラッグ メガ 石江店,40.824812,140.706870
ツルハドラッグ,40.808815,140.734740
ひまわり薬局 緑店,40.807153,140.750990
ドラッグセイムス,35.753975,139.374478
ゲンキー,35.360135,137.242429
B&Dドラッグストア,35.182794,136.890731
サツドラ,43.128608,141.256372
スギ薬局,35.684374,139.915966
市川龍清堂,35.702704,139.636131
ひまわり薬局,40.824297,140.738543
welcia,35.605117,139.622972
ぱぱす,35.701256,139.708378
ココカラファイン,35.693968,139.720741
ココカラファイン,35.694069,139.721001
ウォンツ,34.443315,132.482317
スギ薬局,35.689288,139.708720
マツモトキヨシ,35.521538,134.200837
ウエルシア薬局,34.775167,135.536070
くすりのレデイ,34.471858,132.487614
ディスカウントドラッグコスモス,34.467833,132.482852
サツドラ,42.468797,140.878931
アメリカンドラッグ,35.536109,137.887076
ドラッグイレブン,33.548901,130.483904
ディスカウントドラッグ　コスモス,33.548945,130.483105
セイムス,35.003732,136.943711
ウエルシア,34.696585,138.190225
クリエイト エス・ディー 柏豊四季台店,35.864518,139.956643
クリエイトSD,35.112952,138.903875
クリエイトSD,35.557068,139.549248
キリン堂,35.605204,139.500980
クリエイトSD,35.589406,139.230801
スギ薬局,35.568033,139.553945
セイジョー,35.570808,139.553366
ウエルシア,35.037019,138.940230
スギ薬局　倉治店,34.793723,135.684963
アサヒドラッグ 行啓通店,43.041677,141.346473
ウエルシア薬局,34.666656,138.911683
ウエルシア薬局,35.355131,139.467856
クリエイトSD,35.361971,139.468703
ツルハドラッグ,42.981889,141.555004
サンドラッグ,42.984565,141.559054
ZAGZAG,34.310381,134.073786
ウエルシア,35.041210,138.478491
マツモトキヨシ,37.807412,140.911620
マツモトキヨシ,33.835603,130.939780
マツモトキヨシ,35.331902,139.620393
クスリのアオキ あかね店,38.056848,139.395432
キリン堂,34.575819,135.615094
ニシイチドラッグ,34.765656,135.362998
マツモトキヨシ,39.903568,140.083312
トモズ,35.467042,139.626841
ココカラファイン,32.783619,129.860800
サンドラッグ,35.705772,139.499987
薬ヒグチ,34.906877,135.719632
ツルハドラッグ,40.124503,140.371134
スギ薬局,35.532485,139.461611
ドラッグストアセキ,36.009331,139.609904
コスモス,34.942834,134.757504
ドラッグセイムス,36.014135,139.602444
薬王堂 潟上追分店,39.818080,140.049535
ドラッグセイムス,36.007768,139.605881
ココカラファイン,35.659691,139.642666
ツルハドラッグ,36.381663,140.417205
ココカラファイン,34.588544,135.602096
ココカラファイン ドラッグストア ライフォート 八尾南店,34.587762,135.606932
コスモス但馬日高店,35.478976,134.782553
マツモトキヨシ,34.738748,135.517270
ダイコクドラッグ,34.738965,135.517846
ウエルシア薬局,34.857754,135.623571
マツモトキヨシ,36.364812,140.449659
クスリのアオキ,36.372695,140.425309
ウエルシア薬局,36.348464,140.478182
ウエルシア薬局,36.379441,140.537659
マツモトキヨシ,35.984298,139.619607
コスモス 春日宝町店,33.535322,130.458480
ウエルシア,35.989390,139.642740
あいあいドラッグ,34.719331,135.476379
せんぶりや,34.719434,135.478803
クスリのアオキ,37.443853,138.866228
,35.663596,139.859603
トモズ,35.905629,139.621762
ドラッグイレブン,33.600100,130.428682
大賀薬局,33.605872,130.424831
ドラッグストアセキ,35.977034,139.640005
スギ薬局,34.744048,135.534069
マツモトキヨシ,35.788356,139.611746
スギ薬局,34.850022,135.621411
マツモトキヨシ,37.446077,138.806647
ココカラファイン,34.646287,135.515560
ウェルシア,34.728817,135.333743
ココカラファイン,34.573506,135.557324
スギ薬局,34.574483,135.557229
welcia,34.547505,135.530175
ウエルシア 松原岡店,34.565736,135.557525
スギドラッグ,34.535603,135.547007
ウエルシア薬局,34.542209,135.529949
ディスカウントドラッグ コスモス 高野口店,34.301578,135.564046
ハッピー・ドラッグ,40.831440,140.727127
マツモトキヨシ,35.633905,139.356877
ウエルシア,34.861919,138.233445
ツルハドラッグ,36.311125,140.440590
マツモトキヨシ,34.740318,135.514522
올리브영,37.540832,127.124522
ドラッグ・フジカワ本店,33.276530,132.541346
マツモトキヨシ,35.374925,139.566852
コスメキッチン,34.805317,135.535503
スギ薬局,34.527594,135.524404
スギ薬局,34.523193,135.540637
ツルハドラッグ,40.839081,140.719125
サンドラッグ 堺草尾店,34.522366,135.530467
welcia,34.518139,135.533719
ツルハドラッグ,40.832575,140.711706
ウエルシア 堺南余部店,34.532224,135.547057
キリン堂 土佐屋台店,34.505069,135.506484
コクミンドラッグ 深阪店,34.509586,135.498600
スーパードラッグアサヒ,40.831786,140.703798
ハッピー・ドラッグ 青森油川店,40.849136,140.702358
ドラッグセイムス,35.546311,139.445305
ツルハドラッグ,42.980305,141.563894
ケアーズドラッグ浦堂店,34.864978,135.603768
ココカラファイン,35.476658,139.540270
ダイコクドラッグ,34.674246,135.501473
コクミン,34.672165,135.501443
スギ薬局,34.673961,135.501473
サンドラッグ,36.692690,139.963940
ハックドラッグ,35.439767,139.523592
クリエイトSD,35.547092,139.502815
ツルハドラッグ,38.216077,140.836352
クリエイトSD,35.315903,139.502479
ツルハドラッグ,38.679268,141.452279
コスモス,35.651007,139.722065
ウエルシア,35.790419,139.653644
welcia,34.499265,135.492594
ディスカウントドラッグ コスモス 原山台店,34.482590,135.499830
welcia,34.475876,135.505332
ひまわり薬局 新青森駅前店,40.829674,140.692219
コスモス薬局 湯野沢店,38.471274,140.321409
ツルハドラッグ馬事公苑前店,35.639634,139.633013
クリエイトSD,35.429066,139.507126
サツドラ,43.071853,141.360089
ドラッグセイムス宮原店,35.939413,139.615196
クリエイトSD,35.482916,139.530481
クリエイトSD,35.483903,139.527997
スギ薬局・スギドラッグ 大津中央店,35.005391,135.877918
コスモス中陰店,35.553354,134.813186
ゲンキー沢渡店,34.930022,136.992707
クリエイト,35.471290,139.584843
クスリのアオキ,36.360632,140.470679
サンドラッグ,33.770237,130.486762
ツルハドラッグ,35.470344,139.461629
ドラッグセイムス,35.966051,139.728450
ウエルシア薬局,36.344720,140.464700
クリエイトSD,35.330062,139.511673
薬のヒグチ,34.660766,135.539224
サンドラッグ,35.526608,139.473719
トモズ,35.619995,139.704775
あさひドラッグ,33.469944,129.952206
サンドラッグ,35.684460,139.840740
クリエイト,35.249503,138.610071
ドラッグヨコハマ,35.430889,139.638159
スギ薬局,35.971535,139.699539
クリエイト,35.489097,139.540859
マツモトキヨシ,38.178575,140.943981
ツルハドラッグ 八戸大杉平店,40.500815,141.481635
ココカラファイン,34.681638,134.938345
レデイ薬局 朝日町調剤薬局,34.348491,134.063985
くすりのオダギリ,35.469071,139.460790
スギ薬局,35.430128,139.513679
セガミ薬局,34.642125,135.511460
ウエルシア,35.241492,138.609325
マツモトキヨシ,36.590158,139.854810
ココカラファイン,33.593839,130.405958
ドラッグストア スマイル,35.412737,139.464715
セイムス,35.412112,139.466391
ウエルシア福崎駅前店,34.959852,134.750324
マツモトキヨシ,35.792546,139.465029
ツルハドラッグ,37.802472,140.919069
スギ薬局,34.676191,135.175097
スギ薬局,35.430025,139.495129
ツルハドラッグ,34.663041,135.503602
オーエスドラッグ,34.598366,135.512462
ココカラファイン,34.599694,135.514423
スギ薬局,34.599736,135.515864
サンドラッグ,34.599524,135.511419
ココカラファイン,34.599712,135.512583
ウエルシア,34.952893,138.415298
杏林堂,34.960505,138.412223
スーパードラッグアサヒ,40.654171,140.505880
小沢薬店,40.574756,140.451362
ツルハドラッグ,40.589518,140.455802
ココカラファイン,32.806721,129.836458
ウエルシア,35.954084,139.631381
ツルハドラッグ,35.363003,139.472593
マツモトキヨシ,36.578713,139.845397
カワチ薬品,36.562721,139.847460
マツモトキヨシ,35.007531,139.870399
ウエルシア薬局,35.368576,139.467548
welcia,35.954074,139.382732
マツモトキヨシ　坂戸入西店,35.969350,139.372272
ウエルシア薬局,35.944623,139.398204
ココカラファイン　西伊豆仁科店,34.771334,138.773016
マツモトキヨシ,35.931789,139.411070
ドラッグセイムス,35.938215,139.308632
ドラッグストア　セキ,35.993395,139.583111
ドラッグセイムス,35.958663,139.386472
スギドラッグ 坂戸店,35.968126,139.390762
V・ドラッグ,36.703890,137.229886
くすりの福太郎 松戸小山店,35.773896,139.891698
サンドラッグ,34.671305,135.543430
ドラッグセイムス,43.043102,141.392421
ドラッグミック,34.763442,135.621265
ドラッグセイムス,31.512051,130.510020
ツルハドラッグ,34.752322,135.637106
アオキ,35.372834,136.533829
ドラッグセイムス,35.089325,139.848619
スギ薬局,34.532292,135.725656
クスリのアオキ玉鉾店,36.570555,136.628677
ドラッグアルカ,34.945222,134.757785
ゲンキー新庄店,36.501136,136.607817
ゲンキー,36.425079,136.630995
サツドラ,41.760018,140.719741
オーエスドラッグ,34.739883,135.516276
スギ薬局,36.341344,138.989678
ドラッグストア モリ,33.584587,130.391426
ドラッグイレブン,31.574839,130.529153
クスリのアオキ,36.034685,136.202987
ツルハ・ドラッグ,35.146527,136.850815
クリエイトSD,35.467827,139.579540
ディスカウントドラッグコスモス 中村店,32.980641,132.942997
ディスカウントドラッグコスモス 具同店,32.980161,132.916716
マツモトキヨシ,35.594187,139.345256
サンドラッグ,36.617548,140.677866
サンドラッグ,43.043791,141.404794
スギ薬局,35.598865,139.735925
ドラッグユタカ,35.009703,135.759427
クリエイト,35.481431,139.576400
B&D ドラックストア　塩釜口店,35.131121,136.977907
クリエイトSD,35.717066,139.435310
ドラッグセイムス,35.992667,139.563454
マツモトキヨシ,35.732781,139.778885
マツモトキヨシ,35.712702,139.793090
ココカラファイン,34.759905,135.500339
ウェルパーク,35.727901,139.787521
ツルハドラッグ,43.046413,141.396440
ディスカウントドラッグコスモス 大久保店,34.695261,134.936170
ウエルシア,37.698283,139.177801
マツモトキヨシ,35.998127,139.552212
ドラッグセイムス,35.852537,139.651235
ココカラファイン,34.593573,135.480637
ココカラファイン,34.755854,135.650348
welcia,35.939228,139.373597
スギ薬局,34.698101,135.506417
屈臣氏,45.299719,130.979882
ゲンキー 小牧市民会前館店,35.293262,136.921896
ダイコクドラッグ,34.662899,133.929205
ダイコクドラッグ,34.556215,135.505619
ドラッグぱぱす,35.767117,139.798409
ドラッグタカノ,35.890443,139.454108
V・drug,35.198832,136.924067
キリン堂,34.796500,135.478817
クリエイトSD,35.382007,139.212954
ツルハドラッグ,38.262615,140.893466
ツルハドラッグ,37.504879,139.914938
クリエイトSD,35.520721,139.439039
ドラッグストア メガ 新国道店,39.732863,140.099588
どらっぐぱぱす西五反田店,35.626768,139.715534
クリエイトSD,35.250773,138.627586
スギ薬局,35.525251,139.475478
ココカラファイン,35.447632,139.598324
マツモトキヨシ,33.602316,130.420195
welcia,35.689367,140.088342
キリン堂,34.817057,135.576243
ハッピー薬局,38.305345,141.024170
welcia,35.958071,139.582788
クリエイトS・D,35.247742,139.727298
スギ薬局,34.704464,135.495977
クスリのアオキ,34.858803,138.296381
welcia,34.859652,138.299501
ウエルシア薬局,35.754115,140.297588
种子经销部,45.296762,130.703502
兰岭兽药店,45.296183,130.702102
种子农药化肥百货,45.295810,130.700198
クリエイトSD,35.172883,138.915994
サンドラッグ,36.077828,140.115087
サンドラッグ,34.862715,138.306846
ウエルシア薬局,35.066197,134.772527
ココカラファイン,34.922938,135.692446
スギドラッグ,34.679371,135.590883
ツルハドラッグ 亘理逢隈店,38.048445,140.851136
薬王堂 亘理祝田店,38.035820,140.847982
マツモトキヨシ,36.936695,138.809569
ドラッグセイムス,35.550956,139.365376
올리브영,35.836849,127.155201
コスモス,35.175097,136.727816
Genky,35.165033,136.738505
スギ薬局,35.177935,136.761217
サンドラッグ,35.176590,136.729749
スギ薬局,35.166379,136.732019
Vドラッグ,35.168729,136.721698
ウエルシア薬局,38.322166,140.886014
ウェルパーク,35.729671,139.394942
ドラッグストアモリ 古川若葉店,38.587583,140.950529
ウエルシア 古川中里店,38.568441,140.961122
スギ薬局,35.515535,139.420838
スギ薬局,35.515362,139.424434
ツルハドラッグ,38.049846,140.730128
ウエルシア 大河原高砂店,38.051480,140.747744
クスリのアオキ,35.985847,139.592698
welcia,35.983968,139.589423
ココカラファイン,34.393354,132.458368
サンドラッグ,34.393172,132.458987
Wants,34.392972,132.459119
ツルハドラッグ,38.065238,140.736249
クスリのアオキ,38.062117,140.760818
サンドラッグ,35.556863,139.513593
くすりのレデイ 今治衣干店,34.045515,133.013476
セイジョー,35.622468,139.698003
ドラッグヤマザワ 白石北店,38.021202,140.624009
ツルハドラッグ,38.021210,140.625679
welcia,35.662794,140.061436
ココカラファイン,35.769749,139.747501
ココカラファイン,34.742935,135.565054
ドラッグイレブン,31.868561,130.432504
ドラッグセイムス,31.877238,130.445454
welcia,35.974844,139.577145
サンドラッグ,35.977774,139.581962
ドラッグストアセキ上尾川店,35.962345,139.573173
サンドラッグ,35.981705,139.604858
ドラッグセイムス,35.975171,139.600198
ドラッグストアセキ,35.873770,139.628484
スギ薬局,35.696044,139.421948
スギ薬局,35.150622,138.637134
ツルハドラッグ,38.054556,140.784537
ドラッグセイムス,32.959276,132.567256
ツルハドラッグ,38.109478,140.725160
薬王堂,37.997647,140.611507
ひまわり薬局 坂元店,37.925663,140.897618
ドラッグミック,34.819775,135.510608
welcia,35.757082,139.617290
スギ薬局,34.837578,135.555452
ゲンキー西金沢,36.554776,136.620759
ゲンキー押野,36.546154,136.616978
レデイ薬局 馬越店調剤,34.053678,132.983573
クスリのアオキ,36.715957,136.943280
コスモス,36.716808,136.943117
薬王堂 東松島矢本店,38.427861,141.218246
サンロード,35.830689,138.383271
ウエルシア,34.853505,138.282968
新生堂薬局,35.565330,139.452835
welcia,38.338351,140.966068
サンドラッグ,35.693912,139.601645
スギ薬局,35.692208,139.606139
くすりのレデイ 鐘場店,34.083404,132.990301
キリン堂,34.798360,135.577533
マツモトキヨシ,35.977443,139.755849
ツルハドラッグ,38.402149,140.885551
薬王堂,38.403056,140.891799
mac 今治店,34.048359,132.996829
ウエルシア薬局,35.942529,139.769376
ウエルシア,35.963635,139.765511
キリン堂,34.867843,135.616110
マツモトキヨシ,37.789402,140.443531
薬王堂,38.087622,140.804857
マツモトキヨシ,34.717186,135.365067
MIZ本店,33.250765,130.304552
マツモトキヨシ,35.936734,139.777904
ドラッグセイムス,35.935070,139.770016
サツドラ,41.789364,140.735642
ウエルシア,35.340514,139.484431
welcia,35.409540,139.611003
ドラッグコスモス,33.611974,130.447212
ドラッグストア セキ,35.978164,139.761804
スギ薬局,35.973217,139.773486
マツモトキヨシ,35.726680,139.512676
ひまわり薬局,38.735226,140.957926
ヤックスドラッグ,35.731158,140.469290
ウエルシア,35.933114,137.973911
B&D ドラッグ,35.150476,136.998586
ツルハドラッグ 若柳川北店,38.771044,141.145325
クリエイトSD,34.946792,138.412616
mac 大西店,34.062204,132.926286
ドラッグストア スマイル,35.935773,139.774880
サンドラッグ,35.967506,139.737462
ウエルシア,35.972473,139.767240
ドラッグセイムス,35.947129,139.766494
ディスカウントドラッグ　コスモス,34.069180,131.779711
セキ薬品,35.949670,139.767334
ツルハドラッグ,38.722641,141.259578
ドラッグストアセキ 曲本店,35.837376,139.642456
グリーンドラッグ,26.255419,127.716746
ウエルシア武蔵浦和店,35.843891,139.645654
薬王堂 登米中田店,38.704835,141.227530
薬王堂,38.661521,141.157953
マツモトキヨシ,38.913170,141.329353
オーエスドラッグ,34.684459,135.456306
くすりのレデイ 国分寺店,34.292396,133.962302
スーパードラッグひまわり,34.909044,134.738762
コスモス,34.873832,134.730186
ドラッグかつはら砥堀店,34.868179,134.730301
薬王堂 小牛田北浦店,38.545415,141.061944
コスモス,31.834428,130.311549
マツモトキヨシ,35.942491,139.783605
オーエスドラッグ,34.811003,135.495158
スギ薬局,34.986047,135.888168
サンドラッグ,35.681564,139.915279
ひまわり薬局 南町支店,38.525557,140.946403
ひまわり薬局 北町支店,38.530811,140.942704
スギ薬局,35.696515,139.414896
セイムス北浦和薬局,35.872141,139.642998
薬王堂,38.597093,141.045786
ウエルシア薬局,35.978511,139.752937
トモズ,35.770839,139.645397
ツルハドラッグ,35.602664,137.898300
マツモトキヨシ,35.450178,139.634091
ココカラファイン,37.882771,138.983186
ツルハドラッグ,38.446605,141.274250
ツルハドラッグ,38.434627,141.270478
ウエルシア薬局,34.790523,138.014604
クリエイトSD,35.375504,139.589462
welcia,34.660314,135.574483
薬王堂,40.412171,141.710682
ドラッグセイムス,35.778479,139.290982
サンドラッグ,35.804090,139.718952
マツモトキヨシ,34.739511,135.374809
マツモトキヨシ,34.878622,135.681590
クスリのアオキ鍋田店,36.714854,137.243619
ディスカウントドラッグコスモス 綾田店,36.702658,137.238121
ディスカウントドラッグコスモス 上小泉店,36.751379,137.353651
ドラッグイレブン,26.251968,127.737250
クリエイトＳ・Ｄ 我孫子都店,35.847773,140.139153
マツモトキヨシ,35.706795,139.665803
マツモトキヨシ,35.939115,139.423975
ツルハドラッグ,43.752963,142.370477
ヤックスドラッグ大多喜店,35.288756,140.251399
ウエルシア大多喜船子店,35.287193,140.253062
ドラッグセイムス,35.424987,140.285493
マツモトキヨシ,35.428527,140.286414
ウエルシア春日部八丁目店,35.989588,139.757675
ツルハドラッグ いすみ店,35.229266,140.387195
マツモトキヨシ ミサキショッピングガーデン店,35.288397,140.393511
ドラッグセイムス いすみ岬店,35.315159,140.401630
ヤックスドラッグ 小櫃店,35.324115,140.055358
くすりの福太郎宮久保4丁目店,35.736687,139.930963
ドラッグセイムス,35.647834,139.360667
アルカドラッグ,34.886337,135.204354
コスモス,34.900693,135.195673
ドラッグストアセキ 三郷早稲田店,35.860046,139.888068
ドラッグセイムス 吉川きよみ野店,35.897176,139.853269
マツモトキヨシ 吉川旭店,35.930851,139.842224
ウェルパーク,35.926628,139.822429
ドラッグストアセキ 平沼店,35.888797,139.859063
ドラッグストア セキ,35.927053,139.823693
ドラッグストアセキ 松伏店,35.923147,139.822132
ドラッグストアセキ 新松伏店,35.922955,139.815206
ドラッグストアセキ 春日部米島店,35.981812,139.809250
ドラッグセイムス 庄和町店,35.978644,139.816159
ドラッグストアセキ 南桜井店,35.978017,139.811082
サンドラッグ,35.638785,140.301809
サンドラッグ,35.676766,140.290223
マツモトキヨシ,35.680911,140.288257
ヤックスドラッグ日向店,35.634733,140.356082
welcia,34.834459,138.177901
ツルハドラッグ,39.730017,141.106752
ツルハドラッグ,39.735338,141.100642
薬王堂,39.731397,141.096231
薬王堂,39.733790,141.100991
クスリのアオキ,35.921804,140.145871
マツモトキヨシ,35.625341,140.128424
ウエルシア千葉東寺山店,35.624507,140.129482
サンドラッグ,35.616164,140.132300
ドラックセイムス佐倉王子台店,35.723792,140.179299
ゴダイドラッグ,34.844220,134.638906
コスモス,34.840188,134.576763
ドラッグアカカベ,34.681536,135.501423
ウエルシア,34.853357,135.579159
マツモトキヨシ,37.473817,139.925338
ドラッグセイムス,35.801421,139.707595
セイムス,35.805849,139.711812
トモズ,35.801772,139.713394
ドラッグセイムス,35.811189,139.716017
スギ薬局,35.812284,139.718255
クリエイトSD,35.487596,139.611819
ドラッグユタカ,34.724870,135.396594
ユタカ薬局,34.704447,135.373800
ドラッグ ユタカ,34.704578,135.373996
スギ薬局,34.674816,135.566551
ココカラファイン,35.758459,139.631814
コスモス,34.754119,137.383777
サンドラッグ,35.559649,139.596664
アマノ,35.198651,136.889988
ツルハドラッグ 古河諸川店,36.202126,139.807850
キリン堂,34.698943,135.206002
マツモトキヨシ,35.516430,137.848720
薬王堂,38.345566,140.820059
ココカラファイン,35.563571,139.464001
マツモトキヨシ,35.772858,140.387395
welcia,34.837818,135.573978
ウエルシア,35.869996,139.741611
ココカラファイン,35.672766,139.479444
ウォンツ,34.476124,132.490069
マツモトキヨシ,35.812401,139.730367
サンドラッグ,35.814341,139.576851
ドラッグセイムス,35.601136,139.328478
クスリのアオキ,38.586349,140.969352
薬王堂,38.589555,140.962853
キリン堂,34.670636,135.460459
welcia,35.758977,139.532510
クリエイトSD,35.366377,139.560446
クリエイトSD,34.960599,138.398726
ウエルシア,36.364459,139.109757
イオンドラッグ,26.391803,127.728964
サンドラッグ,35.363916,139.565581
スギ薬局,35.904219,139.480213
Fit Care DEPOT,35.561701,139.590413
マツモトキヨシ馬橋店,35.812883,139.915713
ツルハドラッグ,43.063363,141.327537
マツモトキヨシ,33.589064,130.421617
ツルハドラッグ,36.352224,140.482820
ハート・イン北里,35.538154,139.393838
セリア;サンドラッグ,35.388784,139.495995
薬王堂,38.272803,140.743645
ウエルシア,35.950634,139.639258
クリエイトSD,35.629534,139.387716
アメリカンドラッグ,36.520971,138.128670
ドラッグセイムス,35.824225,139.734096
スギドラッグ鳩ヶ谷店,35.828079,139.734368
ウエルシア,35.853146,139.704375
ドラッグセイムス,35.863865,139.702667
サンドラッグ,35.550772,139.713534
マツモトキヨシ,35.682202,139.914675
オーエスドラッグ,34.727691,135.276222
ドラッグセイムス 東大宮西口店,35.947716,139.635390
スギ薬局,35.695830,139.767833
クリエイトSD,35.379506,139.509329
クリエイトSD,35.385621,139.525567
クリエイトSD,35.395826,139.515217
マツモトキヨシ,36.342985,139.081100
スギ薬局,35.876627,139.636650
スギ薬局,34.662583,135.527304
ココカラファイン,34.763262,135.468238
オーエスドラッグ,34.814938,135.648407
スギ薬局,34.815421,135.648774
アサヒドラッグ,33.442972,129.957226
ドラッグストアセキ 武蔵嵐山店,36.039984,139.319465
サンドラッグ,33.735191,130.464416
,34.771445,138.005573
ツルハドラッグ,36.559404,139.765898
ツルハドラッグ 宇都宮徳次郎店,36.645093,139.845933
ドラッグヤマザワ,38.315678,141.029776
ツルハドラッグ 日光板橋店,36.685211,139.723632
スギドラッグ浦和大牧店,35.865734,139.697101
サンドラッグ,35.869397,139.701908
マツモトキヨシ,35.729794,139.715549
ウエルシア太田岩瀬川店,36.274965,139.358100
ウエルシア前橋青柳店,36.422231,139.068069
ディスカウントドラッグコスモス 大堤店,36.171618,139.714537
ツルハドラッグ 土浦小松店,36.072583,140.203601
welcia,36.155731,139.389994
ウエルシア栃木日の出町店,36.385528,139.740078
ツルハドラッグ 新栃木店,36.392574,139.736929
ウエルシア掛川上西郷店,34.790764,138.014556
スギ薬局,35.691495,139.537968
オーエスドラッグ,34.573891,135.484180
スギドラッグ,34.776682,135.531838
ウエルシア袋井月見の里店,34.789969,137.903310
杏林堂薬局 袋井旭町店,34.753130,137.920722
サツドラ,44.173360,142.397394
ウエルシア,34.745775,138.227552
ウエルシア牧之原相良店,34.685678,138.192077
クスリのアオキ 細江店,34.752980,138.234446
コスモス,35.567632,139.343111
スギ薬局,35.121376,137.110307
ウエルシア,35.863397,139.615028
セイムスさいたま上大久保薬局,35.873144,139.614863
ツルハドラッグ,43.053034,141.410779
ひまわり薬局,39.703240,141.137336
薬王堂,40.588369,140.413260
ツルハドラッグ,35.637389,140.462058
ココカラファイン,34.716839,135.016313
オーエスドラッグ,34.719292,135.017213
ダイコクドラッグ,34.693441,135.192691
マツモトキヨシ,35.003579,135.765660
杏林堂吉田店,34.789049,138.247617
ウエルシア船橋行田店,35.721713,139.968373
ウエルシア船橋藤原店,35.739935,139.988281
ツルハドラッグ,43.052172,141.366587
丸善薬粧,43.014998,141.420496
welcia,35.499313,139.540355
クリエイトSD,35.370043,139.235606
ツルハドラッグ,43.026356,141.453277
ツルハドラッグ,37.235271,140.571188
スギ薬局,35.035660,137.138224
コスモス,35.693389,139.703232
アメリカンドラッグ,36.690659,138.315078
アメリカンドラッグ 飯山静間店,36.833400,138.355812
ザグザグ,34.791470,134.608988
ドラッグストアモリ,32.971438,130.801294
マツモトキヨシ,34.691755,135.546219
ココカラファイン,33.555856,130.322155
ドラッグイレブン,33.592664,130.385576
ドラッグイレブン,33.577164,130.377930
クリエイトSD,35.568396,139.417651
クリエイト,35.118111,138.853428
ウエルシア,35.117017,138.852110
薬王堂　盛岡名須川店,39.711354,141.153579
クリエイトＳ・Ｄ,35.769776,139.908353
サンドラッグ,35.390672,139.573310
マツモトキヨシ,37.947313,139.100636
大賀薬局,33.760416,130.495583
ドラッグイレブン,31.915107,131.432161
マツモトキヨシ新松戸中央店,35.828136,139.907838
ココカラファイン,35.198623,136.752735
ジップドラッグ,35.193612,136.751970
サンドラッグ,35.184577,136.775728
スギ薬局,34.940435,136.962829
マツモトキヨシ,35.896707,140.063199
welcia,35.673392,139.483066
コスモス,33.746326,130.472036
ウエルシア,35.090378,138.956784
湘南薬品,35.297038,139.577583
セイムス,35.250049,139.715672
クスリのアオキ,39.148206,141.145469
トモズ,35.789119,139.456267
ツルハドラッグ,35.019354,135.718281
ハッピードラッグ,40.654218,139.939027
アルカドラッグ,34.699144,135.030348
丸八ドラッグ,35.169528,136.899642
スギ薬局,35.028607,136.944812
welcia,35.727096,140.084357
welcia,35.723380,140.098547
welcia,35.698727,139.771950
サンドラッグ,35.703590,139.600322
トモズ,35.704246,139.600023
ミネドラッグ,35.704151,139.599053
しなの薬工,36.624528,138.148514
スーパードラッグひまわり呉築地店,34.243523,132.548066
ココカラファイン,34.222498,132.553060
クリエイトSD,35.166160,138.903019
サツドラ,43.047256,141.324796
クスリのアオキ,35.953626,139.661341
ドラッグセイムス,33.228403,131.609614
ドクターベルツ化粧品空,26.223090,127.727735
ドラッグストアセキ清河寺店,35.933689,139.580636
ドラッグセイムス,35.931714,139.579020
ドラッグセイムス,35.923328,139.584581
ツルハドラッグ,38.312610,141.003028
マツモトキヨシ,36.378089,139.726801
ドラッグイレブン,31.574694,130.539949
サンドラッグ,35.576910,140.168362
マツモトキヨシ,35.588661,140.154715
サンドラッグ,38.329220,140.972571
薬王堂,38.812641,140.324099
クスリのアオキ,36.456041,136.508933
welcia,34.933479,138.384155
ドラッグセイムス,35.741003,139.525099
ツルハドラッグ,39.709096,141.161062
ドラッグスギ宝来店,35.921681,139.563934
マツモトキヨシ,35.919551,139.565845
スギドラッグ土屋店,35.906004,139.572730
ドラッグセイムス,35.847936,139.383393
ウエルシア那須塩原黒磯店,36.967676,140.046643
クリエイトSD,35.447999,139.560768
welcia,35.811678,139.958545
どらっぐぱぱす,35.726071,139.775848
ぱぱす薬局,35.726188,139.775571
マツモトキヨシ,35.777196,140.314126
クリエイトSD,35.729259,140.122542
クリエイトSD,35.480224,139.584849
クリエイト薬局,35.480346,139.585018
ディスカウント ドラッグコスモス,34.719792,135.459231
サンキュードラッグ,33.948073,130.971151
クリエイト,35.829150,139.977737
ウエルシア薬局,35.801133,140.001020
ディスカウントドラッグ コスモス,35.933728,139.766242
コスモス薬局,35.933817,139.766206
アルカドラッグストア,34.678725,135.093719
ツルハドラッグ,41.779393,140.801663
ツルハドラッグ黒磯豊浦北町店,36.977907,140.040910
クリエイトSD,35.595765,139.589202
ひまわり,34.561045,133.271758
クリエイトSD,35.182243,137.020756
ウエルシア小牧久保一色店,35.322092,136.944093
サンドラッグ,35.711638,139.797631
セイジョー,35.633225,139.534876
ドラッグセイムス,35.961412,139.761571
サンドラッグ,35.827998,139.908394
くすりの福太郎,35.758469,140.012938
ウェルパーク,35.628342,139.548376
ドラッグセイムス,35.839335,139.663954
ドラッグセイムス,35.835849,139.658798
スギ薬局,35.839190,139.653207
マツモトキヨシ,35.676939,139.736483
ドラッグストア モリ,32.502414,130.619148
ウエルシア薬局,35.975216,139.751052
マツモトキヨシ,36.157647,139.535440
マツモトキヨシ,35.616670,139.707903
サンドラッグ,35.597350,139.470546
スギ薬局,35.981664,139.808390
マツモトキヨシ,35.826642,139.915241
マツモトキヨシ,31.543647,130.544910
ツルハドラッグ,39.703234,141.146687
スギドラッグ,34.648935,135.513656
ドラッグヤマザワ 余目店,38.845565,139.898186
ドラッグコスモス,35.577244,139.412996
ドラッグセイムス,35.860872,139.667384
GENKY,35.148740,136.844153
スギ薬局,35.123722,136.855295
クスリのアオキ,35.142054,136.845049
ココカラファイン,35.607315,139.622415
薬王堂,40.405499,141.437545
ココカラファイン,34.674840,135.501541
ココカラファイン,35.749419,139.807884
ココカラファイン,35.748962,139.809360
クリエイトSD,35.553087,139.422394
ドラッグスギヤマ 土岐店,35.344469,137.176488
ココカラファイン,33.591610,130.420050
ココカラファイン,35.745941,139.856463
ドラッグおおうら,35.740388,139.849430
ひまわり薬局 阿波町店,36.970712,140.036726
ハッピー・ドラッグ,40.508629,141.469123
スギ薬局,35.350549,139.408117
トモズ,35.637715,139.691106
セイジョー,35.637180,139.692272
スギ薬局,35.636416,139.694334
マツモトキヨシ,35.628381,139.736992
マツモトキヨシ那須塩原上厚崎店,36.961516,140.029933
オーエスドラッグ,35.003974,135.766783
スギ薬局,35.401373,139.592063
ココカラファイン,33.754708,130.494702
マツモトキヨシ,35.383177,139.616665
ココカラファイン,34.739308,135.319587
ココカラファイン薬局,34.739161,135.319248
ハックドラッグ,35.383570,139.617044
マツモトキヨシ,35.624939,139.775615
マツモトキヨシ,34.683804,137.699934
Zip drag,35.010712,136.648738
ココカラファイン,34.786196,135.505663
セイムス北里薬局,35.536842,139.396351
スギ薬局,35.451783,139.467175
スギ薬局,35.676739,139.736541
ウォンツ,34.459701,132.473880
ココカラファイン,34.476393,135.469231
スギ薬局,34.694830,135.474284
ツルハドラッグ,34.158466,135.198259
マツモトキヨシ,35.593723,139.374322
スギ薬局,34.652070,135.471757
ココカラファイン,35.750542,139.803848
ドラッグイレブン,31.590592,130.556612
スギ薬局,35.043663,135.777842
くすりのアオキ,36.955226,140.032184
マツモトキヨシ,31.581191,130.539192
薬王堂 加美小野田店,38.573832,140.793985
ドラッグストアmac 垣生店,33.814768,132.705935
ぱぱす,35.775166,139.870770
ディスカウントドラッグコスモス 錦店,32.195115,130.818481
スギ薬局,35.676579,139.736531
スギ薬局,34.683794,135.505745
マツモトキヨシ,40.611538,140.483175
Zipドラッグ,35.199399,137.099358
マツモトキヨシ,35.776862,140.314175
welcia,35.171693,138.906446
ココカラファイン,34.459976,135.455999
ココカラファイン,34.462017,135.454919
ウエルシア枚方御殿山店,34.824666,135.658107
ディスカウントドラッグコスモス,34.463613,135.456926
コクミン薬局,35.519864,139.412681
スギ薬局,35.927419,139.679024
マツモトキヨシ,35.726566,140.659776
マツモトキヨシ,35.777885,140.313246
welcia,35.216898,138.638446
スギ薬局,35.418946,136.760025
マツモトキヨシ,35.778639,140.284583
V・ドラッグ,35.422712,136.763865
マツモトキヨシ,35.794667,140.317145
薬王堂,38.197291,140.900162
マツモトキヨシ 西鉄二日市駅店,33.502724,130.517816
マツモトキヨシ,35.732838,140.332216
ツルハドラッグ,39.701508,141.144544
ウエルシア薬局,35.735396,140.368388
올리브영,35.521751,129.431420
ドラッグ ユタカ,34.845890,135.785159
올리브영,37.391416,127.076333
薬王堂 山形河北東店,38.427476,140.320299
ドラッグヤマザワ 神町店,38.414276,140.383394
ウエルシア薬局,38.413111,140.383507
Drugstore Mori,33.246704,130.284422
올리브영,37.480234,127.148249
올리브영,37.350296,127.108293
マツモトキヨシ,34.842294,135.785087
ツルハドラッグ,38.294297,140.270708
スギ薬局 新白岡店,36.032531,139.675338
ダイコクドラッグ,34.630052,135.604698
クリエイトSD,35.017044,138.463692
ウエルシア薬局,35.900600,140.493128
ドラッグセイムス,35.724038,139.491375
スギ薬局,35.730918,139.501851
マツモトキヨシ,35.728301,140.103623
マツモトキヨシ,35.728874,140.077431
マルエドラッグ富岡一ノ宮店,36.250497,138.859844
ハックドラッグ汐入店,35.280840,139.661106
ディスカウントドラッグコスモス あさぎり店,32.225602,130.880820
ドラッグストアモリ,32.225906,130.877842
ドラッグ新生堂薬院店,33.581607,130.403959
クスリのアオキ,35.719306,140.659191
ウエルシア薬局,35.741503,140.794558
マツモトキヨシ,35.730046,140.865051
올리브영,37.274781,127.116709
ウエルシア川口朝日5丁目店,35.807859,139.747206
ドラッグセイムス,35.803186,139.743133
ディスカウントドラッグコスモス,34.635293,135.560531
ドラッグイレブン,33.581854,130.426688
薬王堂,37.456604,139.894344
コクミン,34.663916,135.563594
スギ薬局,34.677699,135.506159
杏林堂,34.841358,138.256486
スギ薬局,36.260727,139.072477
スギ薬局,34.986145,135.697310
クスリのアオキ 宮代南店,36.017135,139.729764
クスリのアオキ,38.437937,140.878788
薬王堂登米迫店,38.680427,141.191934
マツモトキヨシ,31.592202,130.556902
ドラッグセイムス,35.726825,139.471215
welcia,35.726912,139.476237
ウォンツ 宇部亀浦店,33.942787,131.288045
ディスカウントドラッグコスモス 丸河内店,33.978203,131.184187
マツモトキヨシ,35.840512,140.598304
ウエルシア薬局,35.849826,140.611468
スギ薬局,35.799055,139.739302
ドラッグストアセキ三室店,35.890282,139.676634
ドラッグイレブン,33.232107,131.606366
welcia,34.676171,135.484717
スギ薬局,34.731216,137.734624
コスモス,34.119892,133.650306
コスモス,34.222170,133.671139
マツモトキヨシ,35.657460,139.337798
スギ薬局,35.658388,139.336314
サンドラッグ,35.663880,139.349843
ウエルシア薬局,35.078319,138.939855
サンドラッグ,33.549399,130.194952
ディスカウント ドラッグ コスモス,33.550459,130.200346
ドラッグストア・モリ,33.559733,130.212568
スーパードラッグアサヒ,40.634533,140.598539
スーパードラッグアサヒ,40.667087,140.600866
ヤックスドラッグ,35.743597,140.376944
クリエイトSD,35.766323,139.738437
ツルハドラッグ,35.401615,139.441453
マツモトキヨシ,35.930979,139.890619
ヤックスドラッグ,35.933226,139.878664
サンドラッグ,36.274988,139.260755
ウエルシア薬局,35.661918,139.413259
くすりのレディ,34.663004,133.898273
マツモトキヨシ,36.237307,139.191548
ココカラファイン薬局,35.603258,139.510179
クリエイト龍城ケ丘店,35.318319,139.347302
スギ薬局,36.243358,139.186782
ツルハドラッグ,34.953817,135.771411
サンドラッグ,35.327422,139.387716
ドラッグアカカベ,34.739745,135.529653
welcia,35.758393,139.653929
クリエイトSD,35.336422,139.306215
ココカラファイン,34.502571,135.489994
ココカラファイン,34.750516,135.483857
クリエイトSD,35.032609,138.940992
サンドラッグ,36.356133,139.129331
ドラッグイレブン,31.583547,130.542345
ドラッグイレブン,31.583927,130.541355
セガミ薬局,34.694398,135.489764
ウエルシア薬局,35.038621,138.946145
ウェルネス薬局,35.063757,134.001665
ココカラファイン,35.669093,139.469163
マツモトキヨシ,35.845040,139.646988
ウォンツ,34.349780,132.313845
コスモス,34.360968,132.339924
マツモトキヨシ,34.319910,132.301088
ドラッグセイムス,35.816969,139.748145
マツモトキヨシ,37.529216,138.908477
ザグザグ,34.542623,133.316976
ひまわり,34.549455,133.282636
ザグザグ,34.545097,133.292637
ザグザグ,34.542821,133.363368
マツモトキヨシ,35.824100,139.916372
ツルハドラッグ,35.765169,139.668884
クスリのアオキ,36.444534,139.095786
ウエルシア薬局,35.851244,139.775165
マツモトキヨシ,36.113777,139.197522
スギ薬局,35.750491,139.605627
welcia,35.749472,139.574430
ドラッグストアモリ,31.591793,130.557252
ウォンツ 福山三吉店,34.495000,133.378334
セイムス調剤薬局,35.801343,139.301175
マツモトキヨシ,36.665811,139.107939
V・ドラッグ,34.990064,137.171608
ディスカウントドラッグコスモス,36.526588,136.592146
スギ薬局,36.527512,136.594477
クスリのアオキ,36.527892,136.594200
,37.565725,127.016458
北川薬粧,40.472956,140.631562
くすりの福太郎,35.872236,140.011737
ミネドラッグ,35.743045,139.605342
マツモトキヨシ,35.735453,139.629618
クリエイトSD,35.459266,139.391602
マツモトキヨシ,33.884204,130.867028
ココカラファイン,34.595782,135.837068
クリエイトSD,35.792731,139.288385
ツルハドラッグ,38.282179,140.867885
ドラッグストア セキ,35.765917,139.353615
マツモトキヨシ,31.630025,130.398275
スギ薬局,35.687694,139.697220
Cosmetic Shop Matubaya,35.714736,139.787154
ドラッグセイムス,35.863126,139.755033
ウエルシア薬局,35.855488,139.693991
マツモトキヨシ,36.585579,138.846630
ディスカウントドラッグコスモス,34.345797,134.094416
大賀薬局,33.564231,130.377860
クスリのアオキ,35.135842,136.785082
ドラッグセイムス 東習志野店,35.697473,140.069200
ヤックスドラッグ,35.595683,140.508479
ドラッグセイムス,35.862579,139.768171
ウエルシア薬局,35.600341,140.407836
ヤックスドラッグ,35.600726,140.409628
ツルハドラッグ,26.210924,127.760980
サンドラッグ,35.643936,140.368673
ウェルパーク,35.805977,139.456201
くすりの福太郎,35.724008,139.804846
ツルハドラッグ,39.315031,141.100548
ツルハドラッグ,38.188332,140.886826
スギ薬局,35.859648,139.657417
クスリのアオキ,37.503678,139.946446
ダイコクドラッグ,34.738011,135.347008
ひまわり薬局,35.750157,139.801732
welcia,35.118720,138.911700
マツモトキヨシ,35.826129,139.920824
welcia,38.169032,140.880368
ザグザグ,34.738416,134.152802
ココカラファイン,35.272098,139.012635
コスモス,34.786716,133.928486
ココカラファイン,34.245631,132.565065
ウォンツ,34.242863,132.564914
ウォンツ,34.209692,132.544711
,35.444964,137.415212
ダイコクドラッグ,34.656540,135.505486
K-port,35.634812,139.713549
ウェルネス薬局,34.790496,135.525528
コスモス,35.451803,137.413067
V・drug,35.450197,137.410744
新生堂薬局,31.592624,130.556965
トモズ薬局,35.543776,139.516294
クリエイトエス・ディー,34.982866,138.336374
サンドラッグ,34.741279,135.492554
セイムス,35.640050,139.747816
ツルハドラッグ,42.341384,142.355025
ドラッグセイムス,35.669596,140.337394
ツルハドラッグ,42.340478,142.358050
ケアーズドラッグ,34.852528,135.615385
クスリのアオキ,34.845798,135.600272
クリエイトSD,35.563398,139.438705
サツドラ,41.788333,140.767028
スギ薬局,34.738046,137.925169
アオキ薬局,35.827946,139.915503
ココカラファイン,35.530935,139.434876
マツモトキヨシ,35.878000,140.006314
ツルハドラッグ,38.320125,140.843689
ディスカウントドラッグ　コスモス,33.845318,130.626006
ツルハドラッグ,43.018142,142.892335
ツルハドラッグ,38.237584,140.932118
ドラッグセイムス 牛浜店,35.735851,139.333629
三昭堂薬店,35.790192,139.270816
スギ薬局,34.535207,135.506538
スギ薬局,34.648246,135.513526
ココカラファイン,34.783792,135.538051
クリエイトSD,35.337382,139.232167
ココカラファイン,34.810711,135.564353
マツモトキヨシ,35.833956,140.012843
よどやドラッグ　朝倉店,33.543919,133.493997
アルカドラッグ,34.772097,135.467381
キリン堂薬局,35.018366,135.777393
ココカラファイン,35.590435,139.728103
マツモトキヨシ,36.938840,138.218982
クスリのアオキ,37.224215,138.326686
ツルハドラッグ,37.360932,138.556342
クスリのアオキ,37.654955,138.927250
ドラッグトップス,37.652721,138.914712
ココカラファイン,33.583009,130.359597
シンヤクドー アビー店,35.476682,134.218175
ツルハドラッグ,43.786443,142.351462
サンドラッグ,34.669326,135.501476
クリエイト エス・ディー,35.001289,138.402553
ウエルシア薬局,35.555789,139.418356
ハッピー・ドラッグ,40.818825,140.754556
サンドラッグ,34.666169,135.501335
ツルハドラッグ,26.139110,127.672764
キリン堂,34.565571,135.515154
ツルハドラッグ,43.788432,142.361466
マツモトキヨシ,35.607375,140.102253
ウエルシア薬局,35.548726,140.361130
ドラッグセイムス,35.569708,140.374665
マツモトキヨシ,35.556608,140.361262
ドラッグセイムス,35.555135,140.362220
マツモトキヨシ,35.823471,139.919530
サンドラッグ,34.757745,135.495809
ツルハドラッグ,43.777960,142.377783
薬王堂,38.168155,140.894717
ウエルシア薬局,34.972389,139.961210
マツモトキヨシ,35.520574,140.315358
スギ薬局,36.573231,136.654003
コスモス,34.555812,133.388040
コスモス,34.848832,135.601506
ツルハドラッグ,43.081093,141.309139
ツルハドラッグ,43.081168,141.309173
ツルハドラッグ,43.085409,141.312989
サツドラ,43.078099,141.310967
クリエイトSD,35.330446,139.487616
コスモス,35.069691,135.195651
サツドラ,43.087673,141.314749
スギ薬局,35.735371,139.736745
マツモトキヨシ,35.733655,139.737888
越中屋 黒川薬店,43.764924,142.360772
ウエルシア薬局,35.731004,139.881265
スギ薬局,34.733914,135.496089
どらっぐぱぱす,35.687459,139.781060
ドラッグセイムス,34.624854,133.909163
ザグザグ,34.637118,133.898966
ツルハドラッグ,35.581818,140.432518
ザグザグ薬局,34.633828,133.894861
コスモス,34.625381,133.884423
ドラッグセイムス,34.611794,133.861613
クリエイトSD,35.187050,139.626746
スーパードラッグひまわり,34.578852,133.825258
ドラッグセイムス,34.576260,133.826556
ザグザグ,34.588387,133.800208
ココカラファイン,34.860667,135.712910
スギ薬局,35.536720,139.395052
サンドラッグ,38.187475,140.890499
ツルハドラッグ,38.172762,140.892172
ツルハドラッグ,35.530872,140.396374
ヤックスドラッグ,35.528379,140.447455
コスモス　湯梨浜店,35.480040,133.850675
マツモトキヨシ,35.551357,140.388212
ドラッグストアウェルネス淀江店,35.451026,133.412947
ディスカウントドラッグコスモス 淀江店,35.449516,133.408875
クリエイトSD,35.819734,139.907403
ココカラファイン,34.668379,135.163801
ウェルシア旭太子橋店,34.739021,135.560299
ZAG ZAG,34.554178,133.268417
ツルハドラッグ,36.304283,138.463153
キリン堂,34.728978,135.511026
岡森ドラッグ,34.760221,136.136050
ヤックスドラッグ,35.610253,140.141567
ドラッグ セガミ,35.656408,140.320573
クリエイトSD,35.585038,139.619220
クリエイトSD,35.583935,139.629460
くすりのアオキ,35.433582,139.966094
サンドラッグ,42.982048,141.452363
セイジョー,35.767249,139.849349
マツモトキヨシ,35.704684,140.559531
welcia,34.628094,135.750046
ココカラファイン,34.650550,134.973862
サンドラッグ,34.660933,135.015844
ツルハドラッグ,38.222984,140.793999
薬王堂,38.222861,140.789372
マツモトキヨシ,35.919503,140.487859
ウエルシア薬局,38.235530,140.838040
ヤックスドラッグ,35.657416,140.308702
ツルハドラッグ 日光鬼怒川店,36.813480,139.711569
マツモトキヨシ,35.835158,139.919329
イオンドラッグ,26.239897,127.691286
マツモトキヨシ,35.761667,139.826393
ぱぱす,35.761981,139.826360
マツモトキヨシ,34.680930,135.530226
ドラッグクラモチ,36.288773,139.870018
マツモトキヨシ,35.671139,139.704884
ドラッグユタカ信楽,34.879959,136.059736
クリエイト,35.402966,139.619146
ウォンツ,34.440554,132.468707
スマイル,35.439917,139.642489
ウエルシア薬局,35.898612,140.057965
ウェルシア新福寺店,36.292198,139.870344
美粧堂薬品,35.352713,139.567429
ココカラファイン,35.353991,139.538238
ツルハドラッグ,38.267551,140.862281
ココカラファイン,35.702453,139.579448
トモズ銀座3丁目店,35.671598,139.768474
トモズ,35.673623,139.759319
ココカラファイン,35.704919,139.580322
ウェルシア,36.286874,139.877455
ウェルシア,36.449289,139.987694
サツドラ,42.976002,141.480987
クリエイトSD,35.348737,139.581968
ツルハドラッグ,36.813090,139.711256
クリエイト,35.925437,139.443134
サツドラ,42.968522,141.469835
どらっぐぱぱす,35.711100,139.808676
コスモス,34.738295,134.404678
サンドラッグ,35.690381,139.842926
ツルハドラッグ,42.386364,141.071560
コクミン,43.067535,141.350676
ツルハドラッグ,43.796149,142.412924
ツルハドラッグ,43.570272,141.932851
,35.658063,139.878193
マツモトキヨシ,35.862841,139.970034
ツルハドラッグ,43.731835,142.039341
コスモス,34.964245,136.165540
コスモス,34.978011,136.166752
ツルハドラッグ,43.393029,145.128369
ツルハドラッグ,43.110273,141.352447
ツルハドラッグ,42.954202,144.072285
ツルハドラッグ,43.798009,143.851052
ツルハドラッグ,43.806202,143.907678
ツルハドラッグ,44.337211,142.451911
ツルハドラッグ,45.385601,141.698852
ツルハドラッグ,45.385658,141.698709
サツドラ,43.899878,144.658930
ツルハドラッグ,44.367023,143.335142
ツルハドラッグ,36.555131,139.746560
ツルハドラッグ,43.811296,142.435924
welcia,35.848550,139.909090
ツルハドラッグ,43.089992,141.294632
マツモトキヨシ,34.656517,135.144364
クスリのアオキ,38.258629,140.764208
welcia,35.796114,140.317456
サンドラッグ,35.789453,139.661940
ココカラファイン,35.821857,139.574831
ツルハドラッグ,43.129361,141.235010
マツモトキヨシ,34.719684,135.414808
マツモトキヨシ,35.794585,139.792394
スギ薬局,34.720601,135.411161
サンドラッグ,34.720262,135.412549
ツルハドラッグ,43.092250,141.307037
スギ薬局,34.721497,135.409017
ハックドラッグ,35.378555,139.595246
ツルハドラッグ,35.572594,139.464089
,35.590993,139.727546
ハックドラッグ,35.379080,139.594862
マツモトキヨシ,35.379982,139.594349
サンドラッグ,35.600018,139.613459
ミネドラッグ,35.620694,139.571073
ウエルシア薬局,35.658102,139.339585
マツモトキヨシ;京王リトナード稲城店,35.636613,139.500338
サンドラッグ,35.641187,139.426673
コスモス,35.238920,137.014112
スギ薬局,34.671016,135.546511
マツモトキヨシ,35.814160,139.802115
くすりの福太郎,35.802581,139.931077
セイジョー,35.850809,139.694025
マツモトキヨシ,35.872562,139.920856
コスモス,35.391370,133.390194
ドラッグストアセキ指扇店,35.912388,139.584011
ココカラファイン,35.844504,139.669803
ドラッグセイムス 秩父太田店,36.053778,139.055323
정관장 양평점,37.490626,127.496503
ドラッグセイムス,43.055147,141.405764
セイジョー,35.535818,139.471201
クリエイト薬局,35.438554,139.454481
セイムス岸町4丁目薬局,35.855074,139.655981
サンドラッグ,35.407837,139.595172
ココカラファイン,35.589151,139.727880
サンドラッグ,35.659117,139.699884
スギ薬局,35.689745,139.772733
オーエスドラッグ,35.671613,139.703306
マツモトキヨシ,35.660905,139.698667
OSドラッグ,35.659365,139.699628
ツルハドラッグ,43.022391,141.434018
スギ薬局,35.541732,139.447644
マツモトキヨシ,34.668586,135.437692
マツモトキヨシ,35.581051,139.370890
クリエイトSD,35.581320,139.370404
くすりの福太郎,35.708499,139.732327
サンドラッグ,35.751459,139.505464
올리브영,37.597859,127.092475
ココカラファイン,34.717109,135.386472
,33.871198,130.884849
マツモトキヨシアルガード茂原店,35.427063,140.303646
ココカラファイン,35.907009,139.483983
ココカラファイン 南海岸和田店,34.460110,135.378308
クスリのアオキ,35.982177,140.636790
ツルハドラッグ,38.590844,140.966390
ココカラファイン,34.582392,135.470356
コスモス保険薬局,42.976265,141.480753
ディスカウントドラッグコスモス与野店,35.887078,139.615441
ドラッグストア ウェルネス 桜谷店,35.468827,134.245280
クリエイトSD,35.402102,139.573714
ウエルシア薬局,34.741343,135.534329
マツモトキヨシ,35.911499,139.956578
サンドラッグ,35.657379,139.338928
セイムス薬局,35.743957,139.776103
welcia,36.003373,139.090369
クリエイトSD,35.392934,139.603542
ウエルシア薬局,36.033487,139.107957
サンドラッグ,35.368225,139.283819
ウエルシア薬局,35.967854,139.780694
ひまわり薬局,34.662978,135.563849
サツドラ,42.955001,144.077200
ツルハドラッグ,35.550693,139.747177
ツルハドラッグ,35.541092,139.708336
マツモトキヨシ,35.614734,139.542484
ゲンキー,35.143087,136.798083
クリエイトSD,35.537981,139.481855
マツモトキヨシ,32.479116,131.655009
ココカラファイン,35.653442,139.543930
マツモトキヨシ,35.872181,139.925805
ココカラファイン,35.823011,139.574432
サツドラ,43.066660,141.307465
コクミン,35.562249,139.714895
トモズ,35.562360,139.714508
くすりの福太郎,35.836833,139.900041
コスモス,33.851812,130.947312
ドラッグセイムス小倉貫店,33.819129,130.934516
レデイ,34.233585,133.789766
ドラッグセイムス,35.575469,139.719008
スギドラッグ 生江店,34.722687,135.534874
ウエルシア薬局,33.986818,133.573609
ウォンツ,34.281166,132.551315
薬王堂 メガステージ会津坂下店,37.567510,139.808965
ドラッグセイムス,35.610607,140.116560
マツモトキヨシ,36.340032,139.422966
スギ薬局,36.262934,139.471839
サツドラ,43.068867,141.293988
マツモトキヨシ,33.886122,130.874442
薬の大信,33.883889,130.877921
スギ薬局,34.743827,134.860918
ダイコクドラッグ,34.986955,135.760908
ディスカウントドラッグ コスモス,34.062973,134.165483
薬のレディ,34.063385,134.167493
ツルハドラッグ,34.705033,135.457651
WELEDA,34.687944,135.194679
ココカラファイン,34.715711,135.543005
キリン堂,34.388451,135.795347
保利薬品,37.913886,139.059525
ウエルシア薬局,34.815152,135.575109
ハッピー調剤薬局,40.815572,140.763201
クリエイト薬局,35.553009,139.546771
スギ薬局,35.550792,139.541162
クリエイトSD,35.493641,139.635552
HACドラッグ,35.310160,139.488725
ウェルパーク,35.657012,139.340975
ドラッグスギヤマ 千代田店,35.198247,136.982815
スーパードラッグ シグマ,34.670717,135.556705
スギ薬局,35.695916,139.751884
スギヤマ調剤薬局,35.201336,136.901903
スギヤマ,35.194685,136.903671
スギヤマ,35.203441,136.901720
ひまわり薬局,35.711536,139.815063
くすりの福太郎,35.712060,139.816251
トモズ,35.710344,139.814317
スギ薬局,35.101138,137.018838
マツモトキヨシ,33.589719,130.411597
くすりのレデイ 多度津店,34.275669,133.767233
レデイ薬局 多度津店,34.275540,133.767187
サンキュードラッグ,33.877275,130.869719
クリエイトSD,35.565187,139.607219
クリエイトSD,35.534477,139.605819
ハッピー・ドラッグ,40.822454,140.776203
ツルハドラッグ釧路昭和店,43.021888,144.359533
welcia,34.711659,135.594728
マツモトキヨシ,35.171630,136.907646
ドラッグストアモリ,32.911296,129.961827
マツモトキヨシ,35.612266,140.114378
スギ薬局,35.613631,140.111535
クリエイトSD,35.468561,139.622688
ウエルシア薬局,34.707060,135.582941
ザグザグ,34.277853,133.796919
ココカラファイン,34.343809,134.049962
アオキ,35.997799,139.751679
クスリのアオキ,36.372326,138.295030
ウェルネス,35.442928,133.335188
ウエルシア薬局,34.715746,135.563665
ウェルシア,35.784092,139.902035
薬 HAC welcia,35.543929,139.574072
welcia,35.708910,139.371138
DRUGユタカ 緑境松店,35.061615,136.979670
ドラッグスギヤマ,35.099040,137.012961
オーエスドラッグ,35.542784,139.447142
ココカラファイン,35.783271,139.899055
ダイレックス,34.338614,134.077058
マツモトキヨシ,34.308030,134.092487
ダイレックス,34.329659,134.064274
サンドラッグ,35.730129,139.715902
サンドラッグ,35.730424,139.713179
マツモトキヨシ,39.663543,140.161211
マツモトキヨシ,35.784728,139.900444
ひまわり,34.337869,134.108342
セイムス与野調剤薬局,35.884979,139.636138
マツモトキヨシ,35.714463,139.798065
マツモトキヨシ,35.714480,139.797914
サンドラッグ,34.730703,137.389054
ディスカウントドラッグ コスモス,34.315864,134.173725
ドラッグイレブン,31.579408,130.547797
welcia,35.682403,139.773270
ドラッグストア コスモス,33.517210,130.435275
スギ薬局,35.183668,136.912460
コクミン,35.749650,139.804662
マツモトキヨシ,35.750181,139.803743
サンドラッグ,35.750970,139.800669
ココカラファイン,34.623131,135.515536
調剤薬局マツモトキヨシ,35.825846,139.919973
キリン堂,34.609555,135.512784
スギ薬局,35.164125,136.906820
ココカラファイン,35.165820,136.906980
ココカラファイン,35.165910,136.907450
スギ薬局,35.166455,136.907350
ウエルシア薬局,34.928503,137.158668
올리브영 원주단구점,37.330818,127.948113
スギ薬局,35.773453,139.723799
漢方艸薬堂,34.739974,135.499453
ウェルパーク,36.031749,139.532114
スギ薬局,35.667630,139.758735
ダイコクドラッグ,38.261383,140.877304
クリエイト薬局,35.707577,139.815796
マツモトキヨシ,34.688484,135.566889
ココカラファイン,37.915507,139.056224
スギドラッグ 玉出店,34.624543,135.490346
ココカラファイン,34.043627,132.961952
ヤックスドラッグ,35.661018,140.571232
ドラッグストアセキ大野原店,36.023617,139.100887
ココカラファイン,35.637339,140.093759
スギドラッグ吉祥寺店,35.704384,139.579390
ドラッグアカカベ 桑津店,34.636093,135.532907
クスリのナカヤマ,35.615460,139.565521
マツモトキヨシ,35.664155,139.511098
マツモトキヨシ,34.688543,135.188067
スギ薬局,35.494396,139.648230
ココカラファイン,34.633351,135.536721
クリエイトSD,35.111727,138.859858
熊代薬店,34.632841,135.541423
マツモトキヨシ,31.583701,130.542496
ツルハドラッグ,26.576859,127.984084
V・ドラッグ,35.120113,137.167516
マツモトキヨシ,35.121336,137.166168
マツモトキヨシ,35.093052,137.162527
ツルハドラッグ,34.668364,135.501379
Fit Care Express,35.545929,139.574546
サツドラ,43.013773,141.346021
キリン堂,34.734970,135.494768
FitCareDEPOT,35.478830,139.490013
ココカラファイン,34.371124,132.531312
Fit Care DEPOT,35.516497,139.558102
ミネドラッグ,35.651566,139.446178
スギ薬局,35.077541,137.122642
マツモトキヨシ,35.335140,137.121380
ツルハドラッグ,38.277771,140.865747
ウェルシア,36.031047,138.117301
マツモトキヨシ,35.796812,139.964122
welcia,34.655314,135.159213
ココカラファイン,33.953218,133.269263
サンドラッグ,35.721548,140.615910
ヤックスドラッグ,35.709702,140.715633
マツモトキヨシ,35.910159,139.668948
ギオン薬舗1,35.003702,135.774358
ココカラファイン,35.683681,139.737749
サンドラッグ,40.798416,140.759296
ココカラファインプラスイズミヤ,35.016952,135.751301
welcia,35.141876,138.912141
コスモス薬局,34.410825,133.202933
ドラッグセイムス,35.973073,139.657725
ドラッグセイムス,35.956827,139.653607
ウエルシア,35.148258,138.621072
ウエルシア盛岡本町通店,39.707734,141.147795
サンドラッグ,34.932932,135.762415
キリン堂薬局,35.554738,139.581109
ハックドラッグ,35.486847,139.604544
ウェルシア,35.789730,139.896072
ヤックス,35.660763,140.485952
welcia,35.726521,139.539312
V Drud,35.360335,136.583743
コスモス,35.366349,136.536166
コスモス,35.362374,136.569593
どらっぐぱぱす,35.710872,139.795114
マツモトキヨシ浅草店,35.711942,139.796283
ツルハドラッグ,38.243597,140.878626
ココカラファイン,35.701109,139.560445
くすりの福太郎,35.711957,139.794936
マツモトキヨシ,35.714398,139.798082
ツルハドラッグ,39.606488,140.329517
ツルハドラッグ,39.705940,141.156094
ツルハドラッグ,37.980729,140.777582
マツモトキヨシ,35.910533,139.905704
welcia,35.580557,139.353167
サンドラッグ,35.559834,139.379430
大賀薬局 二日市中央店,33.497596,130.517813
サンドラッグ青山店,39.726345,141.114235
薬王堂,39.720918,141.114207
大賀薬局 五条2丁目店,33.512700,130.526286
キリン堂,34.720971,134.887892
スギドラッグ 鳳東町店,34.535709,135.463768
サンドラッグ,35.578994,139.408473
サンドラッグ,35.595937,139.320420
セイムス,35.579373,139.354657
マツモトキヨシ,35.583550,139.481499
スギ薬局,35.372754,136.929532
マツモトキヨシ,43.056081,141.353485
サンドラッグ,34.705569,135.511281
ダイコクドラッグ,34.735695,135.493988
ドラッグコスモス 西長住店,33.545137,130.391145
ココカラファイン,34.670170,135.137643
くすりの福太郎,35.688137,139.813812
サンドラッグ,35.608310,139.685520
ココカラファイン薬局,35.607940,139.685309
welcia,35.458114,139.595184
ツルハドラッグ,45.386560,141.699197
ウエルシア薬局,36.535329,140.527348
ツルハドラッグ,36.532954,140.529086
ふくろう堂,35.761708,139.821205
サンドラッグ,35.756488,139.825754
マツモトキヨシ,35.762289,139.826824
コスモス,36.238898,139.077583
コスモス　調剤薬局,36.238731,139.077358
トモズ,35.553938,139.646217
サンドラッグ,36.380633,138.962431
スギ薬局,36.367485,139.085567
アミューゼ,35.711965,139.795784
m&repos,35.711833,139.796103
ウエルシア薬局,35.584446,139.362375
スギ薬局　鷹匠店,34.977213,138.392336
クスリOSドラッグ,35.712155,139.794670
ドラッグストアセキ,35.975757,139.776766
マツモトキヨシ,36.385883,139.085825
ウエルシア薬局,37.825592,140.446229
ドラッグコスモス,33.601732,130.484139
ツルハドラッグ,43.094815,141.525460
Kirindo,34.757843,135.452994
ザグザグ,34.308885,133.810223
サツドラ,43.071984,141.360064
Avin,35.808758,140.689254
ウエルシア,35.830898,140.692723
ツルハドラッグ,43.018003,141.452773
ココカラファイン,34.724485,135.638285
マツモトキヨシ,35.696203,139.775060
온누리약국,37.535799,127.082422
Vdrug　長久手南店,35.160416,137.033352
マツモトキヨシ,35.777256,139.831466
コスモス薬局,35.777541,139.832911
ゲンキー,35.188346,136.738730
田中薬品,33.851070,132.785270
ツルハドラッグ,39.744947,141.125437
マツモトキヨシ,39.742717,141.123997
ドラッグストアセキ大間木店,35.875411,139.695333
キリン堂,34.661341,135.139364
ウエルシア,35.173708,137.006141
ドラッグストアセキ蕨西店,35.830998,139.667518
ドラッグストアセキ,35.823673,139.676618
,37.378583,127.115157
薬王堂,38.095297,140.031370
コスモス調剤薬局,34.900906,135.195593
スギドラッグ 松原北新町店,34.583328,135.530152
くすりの福太郎,35.725342,139.819499
ココカラファイン,35.447534,137.411391
レデイ薬局,34.289018,133.804143
ユニバーサルドラッグ薬局,35.732865,139.819814
くすりの福太郎,35.726773,139.827933
くすり,37.034429,136.956343
ドラッグストアセキ蓮田店,35.975274,139.658318
マツモトキヨシ,34.411244,135.316766
杏林堂,34.860232,137.815629
welcia,34.886523,137.815562
薬王堂,39.750638,141.128331
welcia,35.765242,139.848665
welcia,34.267619,133.821424
スギ薬局,34.927709,137.166052
ひまわり薬局,35.763526,139.730518
マツモトキヨシ,35.663917,139.872805
ツルハドラッグ,38.549487,140.850645
薬王堂,37.132461,140.170119
クスリのアオキ,37.133353,140.167681
杏林堂,34.678556,137.736277
welcia,34.824668,137.920984
ココカラファイン,34.830867,137.922980
マツモトキヨシ,35.842930,139.947339
くすりのレデイ,34.026157,133.808586
くすりの福太郎,35.706287,139.904309
ココカラファイン,34.744020,135.360932
올리브영,36.784242,127.014618
ドラッグセイムス,35.849677,139.620675
ツルハドラッグ,35.588001,139.628723
welcia,34.494136,136.717780
クスリのアオキ,34.520962,136.732324
パワードラッグワンズ,34.339508,134.052100
welcia,35.115519,138.818345
ヤックスドラッグ,35.519084,140.151051
ココカラファイン,34.913075,139.120353
セイムス,35.536007,139.589195
HACドラッグ,35.545277,139.575027
ツルハドラッグ,43.049665,141.380604
マツモトキヨシ,35.694276,139.701579
ココカラファイン,35.692097,139.702782
サンドラッグ,35.691329,139.702186
クスリのアオキ,36.416256,139.284084
くすりの福太郎,35.687174,139.883286
くすりの福太郎,35.684168,139.865892
ハシドラッグ,37.724860,140.384712
コスモス,35.635200,140.045883
ウォンツ,34.254202,132.565256
welcia,35.071150,136.961336
ウエルシア,35.183031,137.047287
ドラッグストアセキ七里店,35.938571,139.667288
オーエスドラッグ,34.852301,135.616771
welcia,35.279689,139.670012
マツモトキヨシ,35.972308,139.587535
ウエルシア,35.149057,138.898308
ヤナガワ,35.536816,139.588462
アメリカンドラッグ,36.649511,138.228269
ウエルシア,34.997974,138.383858
サンドラッグ,35.725842,139.369768
ダイモン薬品,35.561253,139.723489
ツルハドラッグ,36.706849,138.284118
スギ薬局,35.978873,139.585773
くすりの福太郎,35.639180,140.047834
ウェルパーク,35.717788,139.491631
キリン堂,34.870890,135.661740
,36.417134,139.288252
マツモトキヨシ,34.747589,135.355140
コスモス薬局,35.664957,139.858718
クスリのかつまた,35.463232,139.586694
元気堂,35.456478,139.602988
スギドラッグ上尾地頭方店,35.953095,139.569760
サンドラッグ,35.956888,139.565342
ドラッグストアセキ,35.968474,139.580163
スギ薬局,35.980459,139.578036
マツモトキヨシ,36.415731,139.292618
マツモトキヨシ,35.968981,139.568758
ドラッグセイムス,35.986954,139.578077
スギ薬局,35.616763,139.395970
welcia,38.568547,140.961184
マツモトキヨシ,35.872330,139.817379
ツルハドラッグ,35.684788,139.862877
一陽館薬房,34.508822,135.790595
ぱぱす,35.699031,139.850588
ココカラファインヘルスケアセイジョー和田町店,35.464807,139.587892
welcia,34.745879,138.995580
クスリのアオキ,38.574465,140.970650
ドラッグセイムス,38.572979,140.972285
クリエイトSD,35.765747,139.615254
コスモス調剤薬局,35.245119,136.986163
ツルハドラッグ,39.458795,140.496923
マツモトキヨシ,35.753870,139.940990
welcia,35.753650,139.940193
スギドラッグ,35.976161,139.557994
ドラッグストアセキ小泉店,35.973569,139.566208
ドラッグスギ井戸木店,35.990628,139.560764
スギ薬局,35.989351,139.579025
クスリのアオキ,34.914847,137.152469
マツモトキヨシ,34.765411,137.982280
マツモトキヨシ,34.658745,135.472501
,36.427709,139.276020
ダイコクドラッグ,34.660490,135.472919
トモズ,38.260248,140.883471
올리브영,37.606739,127.106839
petit madoca,35.925386,139.883288
ココカラファイン,35.668975,139.682565
クスリのアオキ,36.099313,140.201593
モリ,32.057768,130.605241
ココカラファイン薬局,34.778481,135.506103
クリエイトSD,35.720701,140.126496
和光薬品,36.938039,138.806650
ツルハドラッグ,39.661231,140.164064
セイムス,35.428236,139.961011
銀座まるかん,34.408584,132.451218
welcia,36.175086,137.962326
くすりのレデイ,33.992643,133.573063
Sugi Drug,34.898264,136.852560
マツモトキヨシ,33.206635,129.722235
ダックス京田辺駅前店,34.821170,135.770855
クリエイトSD,35.514360,139.420728
ツルハドラッグ,40.189005,140.078406
くすりの福太郎,35.720654,139.751735
スギ薬局,35.511568,139.417407
くすりのレデイ,33.561074,133.695995
ハッピー・ドラッグ,39.728447,140.115341
ツルハドラッグ,40.248562,140.575073
Магазинчик японских товаров,43.265273,132.068689
Русский двор,42.853662,132.958842
ツルハドラッグ,33.569766,133.549475
スギ薬局,34.924800,137.557174
ドラッグセイムス,35.860859,139.294351
セイムス,35.716638,139.956197
Wants,34.382693,132.410518
수내365약국,37.377522,127.115792
welcia,34.917464,135.689286
スーパードラッグアサヒ,40.821139,140.782456
ダイコクドラッグ,26.213924,127.680838
サツドラ,26.214473,127.682465
レデイ薬局,34.378353,132.409897
ココカラファイン,35.726401,139.719109
ヴァインドラッグ,26.206294,127.764287
V・ドラッグ,35.087728,136.987757
ミネドラッグ,35.696863,139.681893
マツモトキヨシ,35.697349,139.681779
,34.723065,135.485555
ココカラファイン,34.646544,135.512263
ドラックストアセキ,35.784292,139.317114
ドラッグストア モリ,38.158180,140.866426
クリエイト薬局,35.840219,139.918437
ひまわり薬局,35.128819,138.915274
マツモトキヨシ,35.669997,139.702993
コスモス,35.953788,139.867919
ドラッグストアコスモス,34.799797,134.649733
クリエイトSD,35.538020,139.417924
ダイコクドラッグ,34.681804,135.821038
スギ薬局,34.603585,135.738081
welcia,35.134895,138.920772
クスリのアオキ,36.090356,136.290722
GENKY松岡店,36.089210,136.288252
マツモトキヨシ,38.195633,140.894385
V・ドラッグ,36.088492,136.239624
welcia,35.651915,140.169003
welcia,35.678612,140.161642
welcia,35.714671,140.142612
マツモトキヨシ,35.714344,140.219145
スギ薬局,34.506694,136.714264
コープドラッグ,42.976320,144.418371
welcia,34.471650,135.476431
クスリのアオキ,36.728941,136.961054
ゲンキー,36.062741,136.245028
クスリのアオキ,36.062686,136.243683
クスリのアオキ,36.068098,136.234470
ゲンキー,36.069556,136.232986
スギ薬局,36.066386,136.226120
スギ薬局,34.999835,135.940548
ヤックスドラッグ,35.105929,139.840229
スギ薬局,35.005162,135.759849
スギ薬局,34.879249,135.705193
セイムス,35.796710,139.600930
ツルハドラッグ,38.359757,140.880562
クスリのアオキ,36.080351,136.253468
HEIWAドラッグ,36.079144,136.236588
ゲンキー,36.089247,136.231543
ひまわり薬局,35.945752,139.694951
杏林堂薬局,35.653680,139.797834
くすりの福太郎,35.653861,139.796751
welcia,36.744765,139.624038
スギ薬局,35.209973,136.874048
ドラッグセイムス,35.614650,139.720505
サンドラッグ,35.614626,139.720610
ドラッグイレブン,26.375692,127.855514
ドラッグストアモリ,26.374150,127.852969
スギ薬局,35.645739,136.072380
welcia,34.678446,135.641624
Vdrug,35.649395,136.075187
マツモトキヨシ,35.823203,139.575771
ダイコクドラッグ,26.215908,127.688269
ドラッグユタカ,34.710275,135.364919
マツモトキヨシ,35.264140,137.043634
welcia,35.755972,140.025852
welcia,35.726796,140.040554
welcia,35.733573,140.014620
クスリのアオキ,36.072102,136.233908
スギ薬局,36.075766,136.217768
ドラッグセイムス,35.806724,139.770836
コスモス,36.303339,139.120599
クスリのアオキ,35.808945,139.961351
くすりの福太郎,35.819360,139.973780
ウエルシア,35.820859,139.971474
マツモトキヨシ,35.854168,139.977692
"Бонжур. Бытовая химия, парфюмерия.",43.126002,131.914249
マツモトキヨシ,35.494988,138.763834
マツモトキヨシ,35.470105,139.431042
マツモトキヨシ,35.861254,139.971715
サンドラッグ,35.861021,139.971429
コスモス,33.230417,130.334943
ドラッグストアコスモス,35.645501,140.501492
アインズ＆トルペ,35.465646,139.621154
マツモトキヨシ,35.466732,139.621853
マツモトキヨシ,35.467428,139.620046
ゲンキー,36.052302,136.247099
クスリのアオキ,36.044618,136.228659
ゲンキー,36.044754,136.223450
クスリのアオキ,36.040656,136.220785
ツルハドラッグ,38.293566,141.010220
welcia,35.742228,139.423847
ゲンキー 学園台店,36.779115,136.733503
ゲンキー釜屋店,36.906459,136.776270
十字の漢方,35.231670,136.951573
スギ薬局,35.596871,139.744385
かわせ,35.231702,136.958368
サンドラッグ,34.526211,135.499398
ぱぱす,35.721087,139.785829
サンドラッグ,35.228416,136.961341
welcia,35.174909,136.897856
ドラッグイレブン,33.584727,130.403682
ウォンツ,34.388450,132.458824
キリン堂,34.577218,135.560671
ダイコクドラッグ,26.216891,127.689740
ツルハドラッグ,35.599835,139.493832
드림약국,37.377344,127.112500
クスリのアオキ,34.996174,138.482970
welcia,35.970948,139.583346
건대 가온약국;송돼지냉면,37.546585,127.075259
원약국,37.540743,127.068989
welcia,35.931821,139.480500
welcia,35.742436,139.437558
ドラッグスギヤマ,35.211582,137.022755
welcia,35.430855,140.311213
ゲンキー,36.159296,136.269615
クスリのアオキ,36.160176,136.266325
welcia,36.150348,136.274216
クスリのアオキ,36.146322,136.275973
ゲンキー,36.145038,136.275598
,45.933736,133.734576
マツモトキヨシ,35.656737,139.798582
マツモトキヨシ,35.707946,139.959515
くすりの福太郎,35.709504,139.958860
ドラッグストア モリ,38.198538,140.875975
Kirindo,34.779177,135.012185
welcia,36.506275,138.136198
スギ薬局,35.120590,138.844231
スギ薬局,35.788175,139.610664
ウエルシア薬局,35.785389,139.609385
薬　マツモトキヨシ大泉学園北口店,35.750721,139.585809
マツモトキヨシ,35.803148,139.558189
東日本橋ドラッグ,35.692349,139.785141
,34.600741,135.490155
ゲンキー,36.098830,136.243890
ドラッグストアモリ 防府新田店,34.027061,131.566213
クリエイト薬局,35.567149,139.552717
青木薬店,34.415401,132.356146
スギ薬局,35.601885,139.367709
ココカラファイン,35.568809,139.393957
スギ薬局,35.698971,139.762575
クスリのアオキ,36.751985,137.201391
ツルハドラッグ,35.552420,139.741720
ココカラファイン,35.723504,139.928255
,35.651625,139.752475
ココカラファイン,35.583074,139.672931
キリン堂薬局 土山駅前店,34.720751,134.887945
スギ薬局,34.709458,135.499364
ゲンキー,36.019956,136.214974
ツルハドラッグ,37.204275,139.778345
ゴダイドラッグ 長田川西通店,34.664136,135.149980
ドラッグストアコスモス 綾瀬市役所前店,35.436135,139.429219
スギ薬局,34.665838,135.529507
ドラッグストア セキ,35.983430,139.454280
薬王堂,39.691720,141.133090
V・drug,36.034585,136.207326
スギ薬局,36.036926,136.213300
モリモト薬品,34.637028,135.499282
ダイコクドラッグ,34.637432,135.497319
コクミン,34.600792,135.489078
マツモトキヨシ,35.951237,139.875295
ココカラファイン,33.169172,129.679969
ゲンキー,36.127751,136.221633
トライウェル,35.960338,139.871143
welcia,35.839763,139.798232
ディスカウントドラッグコスモス西大宮店,35.930196,139.574935
スギ薬局,35.206897,136.857105
薬王堂,38.749736,140.305626
マツモトキヨシ,35.606650,139.349825
薬王堂,38.777945,140.302761
welcia,38.766545,140.307794
マツモトキヨシ,35.669843,139.819300
ゲンキー,36.115056,136.227460
Vdrug,36.117780,136.241960
ココカラファイン,34.679383,135.178963
マツモトキヨシ,34.343224,134.050004
サンドラッグ,34.752087,137.376841
ダイコクドラッグ,34.342797,134.049923
コスモス,34.440327,133.234720
調剤薬局ツルハドラッグ,33.579658,130.397976
ツルハドラッグ,33.579533,130.398047
サンドラッグ,39.171022,140.483543
サンドラッグ,35.349590,137.104711
ココカラファイン,34.751098,135.536526
マツモトキヨシ,35.561869,139.717113
welcia,35.654970,139.722590
ひまわり薬局,34.956851,135.771170
セイムス鶴川台薬局,35.600312,139.469158
クスリのアオキ,36.645603,136.640243
약수 약국,37.536206,127.083328
,35.693887,139.814452
スギ薬局,35.221887,136.876853
クスリのアオキ　高松北店,36.771916,136.726782
DSドラッグ,35.704932,139.649081
クスリのアオキ,34.672612,135.644111
薬王堂,38.852531,140.249300
ツルハドラッグ,38.859499,140.253555
マツモトキヨシ,35.709141,139.774668
ドラッグセイムス,34.612348,135.591547
welcia,35.913489,139.428335
ドラッグイレブン,33.577259,130.412593
welcia,35.693903,139.561464
マツモトキヨシ,35.756212,139.738895
くすりのレデイ 道後緑台店,33.852591,132.780030
ドラッグ　ユタカ,35.198027,136.822242
,44.392255,131.153811
ウェルシア,35.142405,139.098532
Каори,43.134032,131.899409
ひまわり薬局,35.863659,139.447539
マツモトキヨシ,35.862061,139.426813
スギ薬局,35.608901,139.429345
ジャパン,35.147596,136.185033
杏林堂,34.708202,137.723936
スギ薬局,34.671102,135.492226
ココカラファイン,35.727449,139.575456
スギ薬局,34.816991,135.367579
ユタカ薬局　在宅調剤センター,34.958050,135.756484
くすりの福太郎,35.770591,139.946542
スーパードラッグシグマ　アクロスプラザ八尾店,34.604156,135.622475
ツルハドラッグ,38.310045,140.847056
サンドラッグ,35.880156,139.518317
アメリカンドラッグ,36.209879,138.489130
スーパードラッグひまわり,34.188424,133.828779
,35.771504,139.485835
コスモス薬局,35.215072,137.048868
医用冷敷贴,45.292461,131.002243
ウェルシア,34.943759,137.162251
サンドラック新発寒５条店,43.113242,141.273673
ザグザグ,34.608106,133.955251
マツモトキヨシ,35.664196,139.746465
屈臣氏,43.369286,128.243730
ツルハドラッグ,43.120725,141.262799
クリエイトSD,35.465961,139.423961
ココカラファイン,35.588996,140.121958
ツルハドラッグ,33.581557,130.401510
よどやドラッグ,33.504243,133.907861
キリン堂薬局,34.683702,135.506932
コスモス,35.960771,136.187635
welcia,35.956288,136.189526
ドラッグセイムス,35.873790,139.608019
サンドラッグ,35.414254,139.499174
クリエイトSD,35.407499,139.500450
クリエイトSD,35.405787,139.504203
ゲンキー,35.948149,136.245854
ゲンキー,35.910731,136.232555
サンドラッグ,35.425318,139.526941
ドラッグストアコスモス 東大阪加納店,34.699082,135.626717
welcia,35.727041,140.155546
ツルハドラッグ,37.499809,139.938510
くすりの福太郎,35.728677,140.181345
杏林堂薬局,35.668599,139.816651
くすりの福太郎,35.669698,139.815060
コスモス調剤薬局,35.697893,139.762504
クスリのアオキ,38.105845,140.861411
ドラッグストアモリ,26.215342,127.684957
ツルハドラッグ,33.428916,134.008417
ドラッグセイムス,33.430248,134.007274
薬王堂,39.693637,141.169339
ドラッグイレブン,33.585695,130.395754
マツモトキヨシ,35.618154,139.565252
マツモトキヨシ,36.000672,138.151016
V Drug,35.097468,136.702968
スギドラッグ,35.131130,136.874801
ドラッグセイムス,35.964085,139.624828
ドラッグストアセキ,35.970833,139.622998
セイムス,35.772288,139.521114
サンドラッグ,35.010721,135.708001
Vdrug,36.041007,136.236095
セイジョー,35.777419,139.494076
マツモトキヨシ,35.815616,139.586665
クスリのアオキ,36.393687,138.256698
マツモトキヨシ,36.231213,137.964473
ツルハドラッグ,34.777987,135.416083
マツモトキヨシ,36.210583,137.959545
welcia,33.590801,130.389779
マツモトキヨシ,37.057541,140.898844
ドラッグストアセイムス原山店,35.874149,139.674483
セイムスどれみ薬局,35.874160,139.675701
ツルハドラッグ,38.297385,140.891743
クリエイトＳ・Ｄ綾瀬深谷上店,35.443770,139.431904
welcia,35.866021,139.673816
トモズ,35.871521,139.648216
Wants,34.409771,132.451107
ゲンキー,36.156872,136.201240
マツモトキヨシ,34.666475,135.519669
ゲンキー,36.167170,136.222779
ドラッグストアコスモス 三宅店,32.100838,131.400535
ドラッグストアモリ 西都店,32.101428,131.402800
サンキュードラッグ,33.896714,130.820236
キリン堂,34.731745,135.510184
門脇薬店,34.998759,134.910990
くすりのレデイ,34.195903,133.837958
ウェルシア,36.106631,136.297328
スギ薬局,35.489277,136.785322
セイムスダイワロイネット大宮西口店,35.903218,139.621069
コクミン,34.692453,135.502480
どらっぐぱぱす,35.704928,139.814572
スギ薬局,34.722465,135.749788
マツモトキヨシ,35.899641,139.930723
クスリのアオキ 金津店,36.208570,136.224969
ココカラファイン,34.716428,135.797021
スギドラッグ,35.858071,139.655321
サンドラッグ,34.716257,135.835818
クスリのアオキ,34.848123,138.264580
マツモトキヨシ,35.902289,139.637107
ドラッグユタカ草津追分南店,34.998630,135.960043
クスリのアオキ,36.546045,136.588663
ドラッグセイムス 海陽四方原店,33.605818,134.351662
ドラッグセイムス 海陽店,33.599205,134.355607
ゲンキー覚善店,36.222427,136.160926
キリン堂,34.709443,135.526558
コスモス薬局,35.835370,139.904007
スギ薬局,35.262609,137.036639
スギ薬局,34.712302,135.453182
청주으뜸약국,36.622977,127.432175
コスモス薬局,36.416008,138.223316
ドラッグセイムス,35.870208,139.729693
welcia,35.987778,136.186787
セイムス,35.469445,139.460853
ゲンキー,35.980800,136.167197
Vdrug,35.977135,136.178240
ユタカ,34.874777,135.601707
ドラッグストア モリ,34.084792,134.286770
コスモス,34.667493,135.616353
サンドラッグ,38.269130,140.849338
welcia,35.907443,139.482069
スギ薬局,35.609737,140.119650
welcia,35.807698,139.564073
ウエルシア,35.890796,139.781204
Mori,33.307309,131.474370
クスリのアオキ,33.921154,133.281936
ゲンキー,35.963493,136.174356
マツモトキヨシ,34.716165,135.530316
ドラッグストアコスモス 八尾福栄店,34.642832,135.627282
サンドラッグ,34.643468,135.613582
キリン堂,34.618862,135.585731
クリエイト薬局,35.576268,139.624529
welcia,35.470582,139.440057
Vdrug,35.948888,136.197092
スギ薬局,35.941835,136.193695
スギドラッグ 東大阪楠根店,34.686744,135.581723
セイムス,35.838000,139.586431
くすりのレデイ宇和島新町店,33.222493,132.566947
クスリのアオキ,34.723452,135.725936
クスリのアオキ,34.624955,135.587602
薬王堂福島松川店,37.658233,140.459721
welcia,34.681473,135.567669
茂木商店,37.653866,140.485119
キリン堂,34.669391,135.564026
スーパードラッグひまわり,34.398841,132.416988
ツルハドラッグ,34.672320,135.579629
ザグザグ 林田店,34.331554,133.891626
ドラッグトップス　南高田店,37.090283,138.231936
サンドラッグ,43.798577,143.871796
Vドラッグ,35.164644,136.808338
B&D,35.252299,136.933403
ツルハドラッグ,43.808673,143.871681
ひまわり薬局,34.738162,135.523442
クリエイト薬局,35.804233,139.947609
welcia,34.667776,135.585755
Jeyko,43.799361,131.949285
セガミ,34.296410,132.558034
V・ドラッグ,35.256173,136.976188
ザグザグ,34.249576,132.561092
スギヤマ,35.260615,137.002784
コスモス,35.700861,140.554037
ツルハドラッグ,38.221176,140.872166
クリエイトSD,35.659384,139.422537
スギ薬局,35.259461,136.982647
マツモトキヨシ,34.668135,135.503275
ドラッグセイムス,33.225252,132.556246
ツルハドラッグ,33.587025,130.402490
welcia,38.118446,140.039199
スギ薬局,35.903078,139.614181
クスリのアオキ,35.939196,136.192895
スギ薬局,35.944578,136.179953
クスリのアオキ,35.933085,136.179939
ゲンキー,35.872121,136.167092
スギ薬局,35.146192,136.877191
くすりの福太郎,35.728556,139.771650
マツモトキヨシ,35.830787,139.931175
,36.403629,139.332431
ドラッグセイムス,35.696349,139.824711
コスモス,33.918755,134.666915
ドラッグセイムス,34.643020,135.574930
クリエイトSD,35.828975,139.934156
ゲンキー,36.081107,136.389429
クスリのアオキ,36.072626,136.479123
ゲンキー,36.075097,136.479813
ドラッグセイムス,33.220755,132.560400
ふじドラッグス,35.797879,139.948945
ツルハドラッグ,43.057020,141.350468
ダイコクドラッグ,43.056998,141.350363
スギ薬局,36.532550,136.562479
薬クリエイト,35.850281,139.882637
,35.635400,139.884379
ツルハドラッグ,37.628946,140.954257
クリエイトSD,36.370298,139.357522
クスリのアオキ,37.730344,140.459285
,36.400017,139.335177
クリエイトSD,35.592123,139.325221
ツルハドラッグ,43.039487,141.371133
トモズ,35.338192,139.445793
HAC welcia,35.335355,139.441379
Юми,43.128070,131.919917
マツモトキヨシ,34.691914,135.192937
ドラッグイレブン,26.267192,127.721803
クスリのアオキ,36.385230,139.342307
ココカラファイン,34.712320,135.445228
クスリのアオキ,36.563548,136.582012
マツモトキヨシ,33.582390,130.357706
マツモトキヨシ,36.371693,138.206895
コスモス,34.074367,134.231140
ココカラファイン,34.491052,135.479231
コスモス,34.027395,133.805513
サンドラッグ,34.739345,135.347329
welcia,35.404381,139.483698
ゲンキー,36.066842,136.496648
スギ薬局,36.066404,136.498883
ココカラファイン,34.788637,135.538555
ココカラファイン,35.691385,140.021829
マツモトキヨシ,35.690448,140.022731
オーエスドラッグ,34.702942,135.498009
キリン堂,34.063565,134.158696
ツルハドラッグ,43.028666,141.440575
クスリのアオキ,34.683222,137.934465
,35.324291,139.915451
welcia,36.012487,136.509287
ゲンキー,35.997225,136.498579
クスリのアオキ,35.990939,136.489438
ゲンキー,35.976846,136.500665
クスリのアオキ,35.986787,136.500509
ツルハドラッグ,35.518777,139.685992
スギ薬局,34.728734,135.276215
welcia,35.173536,136.908685
スーパードラッグアサヒ,40.799626,140.454115
マツモトキヨシ,34.850323,135.618177
ドラッグセイムス,35.782963,139.668301
スギ薬局,35.786355,139.670610
サンドラッグ,34.587427,135.630746
ドラッグハシモト,36.069546,136.507909
クスリのアオキ,36.058337,136.505551
ゲンキー,36.054691,136.511448
コスモス,35.102602,136.827612
クスリのアオキ,36.047880,136.204365
ゲンキー（予定地）,36.047771,136.201385
スギ薬局,36.042430,136.188159
クスリのアオキ,36.044092,136.181534
ゲンキー,36.052377,136.188589
V・ドラッグ,36.055275,136.188623
クスリのアオキ,36.056860,136.182780
コスモス,36.063666,136.192018
コスモス,34.101829,134.341089
クスリのアオキ,35.911980,136.240996
キリン堂,35.015767,135.735990
スギ薬局,36.094753,136.210216
V・ドラッグ,34.644591,135.057251
V・ドラッグ,36.080384,136.209539
薬クリエイト,35.435583,139.576030
,35.407622,138.876975
コスモス,35.561189,140.371378
コマツ,39.300928,140.285522
くすりの福太郎,35.875352,139.987706
シバハシ薬店,35.166179,134.792669
ツルハドラッグ 南花屋敷店,34.818920,135.402049
ディスカウント・ドラッグ・コスモス,30.383493,130.657287
ウエルシア,34.832830,138.325611
アカカベ,34.668648,135.505464
アカカベ,34.668061,135.505957
マツモトキヨシ,35.796963,139.308932
カワナベ,38.841071,141.580629
ドラッグトップス長岡喜多町店,37.451761,138.802438
青稚护手霜,45.773311,126.612348
welcia,34.756996,135.655687
キリン堂,34.758410,135.655231
キリン堂,34.757193,135.654918
セガミ薬局,35.850130,139.884156
屈臣氏,42.904585,129.506552
V・ドラッグ,34.844377,138.317518
ドラッグユタカ日進香久山店,35.135710,137.022339
マック,33.288362,134.151561
ツルハドラッグ,33.292288,134.157351
welcia,34.856915,138.317458
コスモス,33.634323,130.796532
ドラッグセイムス,33.232118,132.568184
コスモス,34.583340,135.566893
ココカラファイン,34.692805,135.782573
コクミン薬局,33.583358,130.360442
ダイコクドラッグ,34.706400,135.497602
スギノ薬局,34.787362,135.536496
スギ薬局,35.886342,139.646389
マツモトキヨシ,33.871202,130.870616
ツルハドラッグ,34.701690,135.559846
V・ドラッグ,35.001376,138.364543
キリン堂,35.006115,135.768997
サンドラッグ,35.007478,135.768811
ドラッグセイムス,35.733981,139.286914
ディスカウント ドラッグ コスモス,35.732712,139.287018
サンドラッグ,35.731646,139.287079
オーエスドラッグ,35.007928,135.769202
ヤマモト　キヨシ,35.008658,135.768800
welcia,34.669129,133.942801
welcia,38.332759,140.847167
ドラッグストアコスモス 萱島店,34.750414,135.619587
マツモトキヨシ,34.641747,133.881140
スギ薬局,34.746094,135.619351
スギ薬局,35.029425,135.755424
ココカラファイン,35.778320,139.633047
ココカラファイン,35.778543,139.632315
トモズ,35.728083,139.539978
ドラッグストアモリ 中沢店,33.210615,132.558032
ヤマザワドラッグ,38.232566,140.306005
よどやドラッグ窪川古市店,33.207856,133.142168
mac 窪川店,33.209965,133.131203
ツルハドラッグ,38.228190,140.312674
コスモス,36.043003,139.327359
マツモトキヨシ,35.827354,139.804488
オカムラドラッグ,34.646397,135.527653
マツモトキヨシ,36.050526,140.137275
ゆめタウン,34.666170,134.092958
ドラッグセイムス,35.427336,139.570118
ダイコクドラッグ,26.215455,127.686087
ドラッグストアコスモス 宇和島南店,33.207159,132.547082
わかばドラッグ,34.734692,135.749386
ウォンツ,34.544397,133.328955
ココカラファイン,35.027061,135.730966
ココカラファイン,33.836124,132.765216
welcia,35.029792,138.470325
ドラッグストアモリ 串間店,31.458558,131.222141
コスモス,33.206526,132.555160
ドラッグセイムス,38.259349,140.887151
ココカラファイン,34.433851,135.244453
スギ薬局,35.014391,136.640665
くすりのレディ 寄松店,33.204009,132.554883
キリン堂,34.708310,135.751642
ツルハドラッグ,36.544263,139.879128
ココカラファイン,35.637037,139.690888
HACドラッグ,35.464310,139.617495
welcia,35.211981,136.840830
B&Dドラッグストア,35.212799,136.835825
V Drug,35.200640,136.809972
クリエイトSD,35.186241,136.836345
スギ薬局,35.219999,136.829780
クスリのアオキ,35.214211,136.809142
ココカラファイン,35.495916,139.447473
ドラッグストアコスモス,36.159340,139.535120
ドラッグストア セキ,36.168058,139.539988
welcia,36.162500,139.531297
くすりの福太郎,35.666988,139.893297
welcia,35.869832,139.988441
スギドラッグ,35.166627,136.898016
ドラッグイレブン,31.745234,130.761308
マツモトキヨシ,33.586650,130.398773
マツモトキヨシ,35.691738,139.926602
くすりの福太郎,35.863018,139.969101
スギ薬局,35.996800,139.550010
ツルハドラッグ,37.297348,140.361173
トモズ,35.785422,139.471192
スギドラッグ 守口寺方店,34.724114,135.571392
ニシイチドラッグ,34.820273,135.388197
スギドラッグ 近江町店,36.571793,136.656987
サンドラッグ,36.185735,139.315559
ダイコクドラッグ,26.316539,127.759268
マツモトキヨシ,36.080535,139.722920
三思堂ファーマシー,35.898794,139.911006
サンドラッグ,34.795231,135.775933
どらっぐぱぱす石原店,35.700180,139.802214
ドラッグイレブン,33.582612,130.358723
クリエイト,35.434427,139.571383
くすりの福太郎,35.711430,139.704035
welcia,34.833101,138.219681
マツモトキヨシ,34.365263,132.461501
welcia,33.588475,130.355651
ダイコクドラッグ,26.224199,127.695706
マツモトキヨシ,33.577526,130.375720
サンドラッグ,35.704616,139.580200
ココカラファイン,34.734364,135.573552
welcia,36.349821,139.824636
マツモトキヨシ,35.727318,140.218396
ウエルシア,34.972319,138.369744
クリエイト東山北店,35.355863,139.104204
クリエイト薬局,35.733860,139.695148
Drugユタカ,35.249920,136.811793
マツモトキヨシ,35.864142,139.499089
welcia,35.006501,138.942178
ツルハドラッグ,35.117470,137.018585
みさき薬品,26.412694,127.732524
マツモトキヨシ,33.589424,130.412676
くすりのレデイ,33.237511,132.568317
コスモス,33.243403,132.568803
ココカラファイン,34.748462,135.600702
コスモス薬局,35.526023,139.431489
薬クリエイト,35.468894,139.503265
阪神ドラッグ,34.689118,135.506401
サンドラッグ,35.733118,139.739889
マツモトキヨシ,35.734050,139.738921
サンドラッグ,35.612913,139.470437
マツモトキヨシ,35.523490,140.180842
ココカラファイン,33.563091,130.226187
サンドラッグ,34.662059,135.607278
スギ薬局取石店,34.519158,135.459659
マツモトキヨシ,34.773652,135.355750
コスモス,33.646167,130.711698
スギ薬局,35.663356,139.731897
ヤックスドラッグ,35.951133,139.858638
スギ薬局,34.738589,135.483523
B&Dドラッグストア,35.257937,136.808806
ゲンキー,36.075698,136.224546
スギ薬局,36.080238,136.197054
クスリのアオキ,36.075214,136.201657
ゲンキー,36.076063,136.202593
マツモトキヨシ,35.700702,139.771221
welcia,36.074147,136.197673
クスリのアオキ,35.920721,136.160289
クスリのアオキ,35.917078,136.157201
コスモス,35.913117,136.155838
スギ薬局,35.902749,136.154910
ゲンキー,35.902195,136.154008
ゲンキー,35.896357,136.155745
ココカラファイン,35.561560,139.715070
クスリのアオキ,35.902008,136.146327
クスリのアオキ,35.908762,136.162856
ゲンキー,35.908741,136.163599
welcia,34.883817,135.200991
スギ薬局,34.839922,135.590898
コクミン,35.735883,139.747063
スギ薬局,35.688139,139.723166
マツモトキヨシ,33.649156,130.440082
ドラッグイレブン,33.644241,130.433211
スギ薬局,35.143236,136.902011
トモズ,35.696873,139.827738
クリエイト開成町店,35.334133,139.119411
スギ薬局,36.142901,137.257711
ダイコク,36.140712,137.252231
マツモトキヨシ,35.907041,139.625074
つるや薬品,33.591054,130.371609
성인약국,37.486523,126.856106
구로프라자온누리약국,37.488191,126.856458
대성약국,37.486152,126.854240
늘사랑약국,37.486071,126.852835
옵티마 차기정약국,37.486269,126.852108
くすりのレディ,33.221885,132.560088
welcia,34.590412,135.540502
コスモス,36.211849,136.158244
マツモトキヨシ,35.619243,139.653606
クリエイトSD,35.503363,139.449824
サンドラッグ,35.725468,139.530062
ウェルシア薬局,34.762493,135.390446
ドラッグセイムス開成宮台店,35.328485,139.121504
キリン堂薬局,34.700646,135.761749
スギ薬局,34.685246,135.802547
welcia,34.768640,135.599273
サンドラッグ,34.393908,132.456352
ツルハドラッグ,39.715950,140.148399
コスモス薬局,34.394235,132.456104
スギ薬局,34.714297,135.835010
ウエルシア薬局奈良町店,35.946138,139.602391
온누리약국,36.634257,127.489592
청주 밝은미소약국,36.636480,127.488451
봄약국,36.617699,127.455300
くすりのラブ,34.674056,133.943719
スーパードラッグひまわり,34.670623,133.941718
ケアーズドラッグ,34.791815,135.549059
キリン堂,34.762000,135.476350
welcia,36.010310,138.176011
welcia,35.736407,139.652386
スギ薬局,35.737523,139.746128
ココカラファイン,34.338642,134.048992
マツモトキヨシ,35.989000,138.172632
マツモトキヨシ,35.998903,138.143023
ドラッグストア　コスモス,35.390036,139.939647
welcia,34.682377,137.362640
キリン堂,34.718677,135.378216
ウェルパーク 練馬平和台店,35.760590,139.664521
スギ薬局,35.738717,139.649599
welcia,36.112953,139.340148
龍千堂コトブキ薬品,42.622356,141.526624
welcia,34.772464,135.609832
ゴダイドラッグ,34.755599,134.390652
スギ薬局,35.747081,139.648054
welcia,35.747579,139.649239
マツモトキヨシ,34.664518,133.917250
マツモトキヨシ,36.337427,139.183516
サンドラッグ,33.712391,130.451130
マツモトキヨシ,35.753334,139.638100
ウォンツ薬局,34.386134,132.411570
スギ薬局,34.727849,135.494061
ツルハドラッグ,42.654396,141.629543
V・ドラッグ,36.730681,137.014948
セントラル広場,35.012277,135.740738
V・ドラッグ,36.738641,137.001203
,33.559134,130.361716
マツモトキヨシ,35.552535,139.739703
コスモス,34.753568,134.022537
セガミ薬局,34.700371,134.024178
ウエルシアさいたま今羽町店,35.953091,139.623653
welcia,36.421629,139.286614
くすりのアオキ,36.778692,137.076035
サンドラッグ,38.921125,139.859248
クリエイトSD,35.152557,138.886804
マツモトキヨシ,33.588218,130.400870
スギ薬局,34.903387,135.784558
コスモス,34.709511,134.049814
ココカラファイン高雄店,33.734894,135.376542
レデイ薬局,34.685501,133.971612
ザグザグ,34.687635,133.975048
スギ薬局,35.714967,139.335653
スーパードラッグひまわり,34.608274,133.758605
クスリのアオキ,36.387485,138.213647
ゲンキー 穴水町店,37.235180,136.902830
イオンドラッグ,26.164982,127.692141
マツモトキヨシ,36.406403,138.257840
トモズ,35.830607,139.561378
サンドラッグ,34.771923,135.651138
大賀薬局,33.590989,130.401427
マツモトキヨシ,34.645562,133.913121
マツモトキヨシ,34.688932,133.954615
welcia,34.655019,133.971212
コクミンドラッグ,34.820726,135.772586
welcia,34.645670,133.857898
V・ドラッグ,34.715418,135.456875
大信薬舗,33.519659,130.529710
コスモス,34.701973,133.904012
ザグザグ,34.651016,133.908709
スギ薬局,35.168467,136.862199
ココカラファイン,35.843805,139.886234
コスモス,34.678190,133.763040
ザグザグ,34.718798,134.046112
マツモトキヨシ,34.719362,135.816412
サンドラッグ,34.706610,134.054451
マツモトキヨシ,35.544795,139.445079
ドラッグセイムス,34.513835,133.954632
スーパードラッグひまわり,34.532649,133.751978
V・ドラッグ,35.161457,136.867227
スギ薬局,36.568333,136.664112
サンドラッグ,42.519441,142.025390
welcia,34.787088,135.646594
サツドラ,43.055443,141.353815
くすりの福太郎,35.362149,139.922383
ツルハドラッグ,42.787335,141.677136
ツルハドラッグ,42.787309,141.677348
トモズ,35.565305,139.653524
ウェルシア新潟東新潟店,37.901808,139.107829
ココカラファイン,34.782732,135.649279
スギドラッグ大宮宮原店,35.937042,139.613426
ドラッグストアセキ内野本郷店,35.935064,139.593534
スギ薬局,34.706844,135.506174
ドラッグストアマツモトキヨシ　南紫竹店,37.900823,139.076628
ツルハドラッグ,38.270608,140.797661
スギ薬局,35.664083,139.873466
くすりの福太郎,35.664654,139.872879
くすりの福太郎,35.666146,139.873592
くすりの福太郎,35.665436,139.874216
サンドラッグ,34.617089,135.480723
ドラッグセイムス 東大宮西口店,35.947766,139.635631
スギヤマ調剤薬局,35.169214,136.938490
ドラッグトップス鐙西店,37.899667,139.060510
ココカラファイン,34.723632,135.722057
ウエルシアさいたま今羽町店,35.953025,139.623531
スギ薬局,34.720367,135.766481
キリン堂,34.784073,135.667658
サンドラッグ,35.770478,139.870291
マツモトキヨシ,35.806055,139.810974
スギ薬局,34.500013,135.409403
クリエイトSD,35.137272,138.909463
マルカヤ,35.244249,136.868885
B&Dドラッグストア,35.247804,136.867802
우리약국,35.648513,128.729072
サンドラッグ,36.543154,140.531589
コスモス,36.547169,140.531154
ウエルシア薬局,35.563387,140.176823
マツモトキヨシ,35.583001,140.134134
ココカラファイン,34.793556,135.658923
ウエルシア杉並井草３丁目店,35.727983,139.617157
コスモス,34.957553,136.616387
コスモス,34.979645,132.179402
コスモス薬局,35.246594,136.952930
Vドラッグ,35.246767,136.951880
ウェルシア新潟弁天橋通店,37.888984,139.072650
ウエルシアさいたま宮原4丁目店,35.944722,139.609417
青木ドラッグ,35.783631,139.665107
クリエイトSD,35.667385,139.354697
ウエルシアさいたま南中野2号店,35.908974,139.655886
welcia,34.577870,135.597447
キリン堂,34.453819,135.796594
マツモトキヨシ,34.711798,135.497327
クリエイトSD,35.799842,139.867583
マツモトキヨシ,38.259239,140.884958
クリエイトSD,35.527859,139.612230
サツドラ,26.159219,127.656004
キリン堂 古市店,34.553786,135.608102
クリエイトSD,35.141638,139.092514
ドラッグイレブン,33.589697,130.424357
ユタカ,35.470886,136.233848
welcia,35.800797,139.568670
welcia,35.730596,139.711984
ココカラファイン,34.397046,132.474976
welcia,34.820057,135.661324
サンドラッグ,38.065901,140.737185
ココカラファイン,35.157880,139.137040
クリエイトSD,35.371145,139.201365
ツルハドラッグ,36.536737,140.085563
スギ薬局,35.457858,139.412556
スギ薬局,35.433791,139.435543
サツドラ,43.023043,141.397972
コスモス薬局,35.360434,139.084766
クスリのアオキ　馬越店,37.911172,139.076405
マツモトキヨシ,33.585874,130.427558
ドラッグイレブン,33.587139,130.428726
ココカラファイン,33.561194,133.542048
スギドラッグ,34.564588,135.463077
サンドラッグ,35.680154,139.308053
,35.517339,134.183371
ドラッグストア　コスモス　新曽南店,35.807816,139.670603
クスリのアオキ,35.005946,136.064917
ドラッグストアコスモス,34.994636,136.099680
ツルハドラッグ,34.993978,136.107209
ハッピー・ドラッグ,40.576675,140.449061
ツルハドラッグ新潟女池店,37.894374,139.038379
,34.805712,135.474896
マツモトキヨシ　近江店,37.897458,139.036058
ツルハドラッグ,33.587391,130.400501
ココカラファイン,35.662389,139.702451
スギ薬局,35.675216,139.766033
ツルハドラッグ,35.496710,139.617706
セイムス,36.188313,139.970307
サンドラッグ,35.254738,139.158544
ココカラファイン,35.608063,139.735599
クリエイトSD,35.608828,139.516708
クリエイトSD,35.617847,139.509547
ハッピー・ドラッグ,40.599646,140.493992
헬리오 이화 약국,37.499034,127.111477
トモズ,35.784084,139.482380
マツモトキヨシ,35.255302,139.156754
マツモトキヨシ,35.003995,135.749268
welcia,34.960690,136.627425
welcia,35.702819,139.393517
welcia,34.566325,135.508477
スギ薬局,34.565808,135.510919
クリエイトSD,35.305040,139.916585
welcia,34.506484,135.602210
マツモトキヨシ,34.658139,133.918172
サンドラッグ名張夏見店,34.618024,136.101931
ツルハドラッグ,43.825486,144.110686
ドラッグストアコスモス 神立店,36.121710,140.243812
サツドラ,42.800268,140.701472
ドラッグトップス馬越店,37.911395,139.074062
welcia,35.967958,139.399474
Sogo Pharmacy,35.670108,139.742760
ウエルシア岡崎上地店,34.914916,137.176767
Olive Young,35.836373,129.209674
ドラッグセイムス宮原西口店,35.939668,139.608523
welcia,34.840202,135.676805
welcia,36.566735,140.001428
ココカラファイン,35.732103,139.705263
ドラッグセイムス,35.526761,140.181329
アマノドラッグ,35.299488,136.984813
V・ドラッグ,35.381121,136.947791
V・ドラッグ,35.352917,136.951042
ウエルシアさいたま宮原駅前店,35.940520,139.610349
welcia,35.540071,140.197337
マツモトキヨシ,35.814287,139.586199
ウェルシア新潟南出来島店,37.895108,139.025502
호반약국,36.416856,127.393119
スギ薬局,35.631618,139.645484
クスリのアオキ,38.557555,140.953904
welcia,35.532781,140.260600
ドラッグアカカベ 招提中町店,34.837207,135.682529
ウェルシア新潟上所中店,37.905640,139.034965
なの花ドラッグいわき,37.057948,140.891545
マツモトキヨシ,33.592786,130.398533
ツルハドラッグ,38.202525,140.901383
マツモトキヨシ,34.668622,135.501786
スギ薬局小田急相模原調剤店,35.515498,139.424211
アメリカンドラッグ,36.390409,138.303538
マツモトキヨシ,36.555911,139.928091
コスモス,32.293981,130.493512
コスモス,33.573042,130.331161
welcia,35.785057,140.033097
スギ薬局,34.452482,135.560093
くすりの次元薬寿堂,34.710442,135.526915
第一薬舖,34.709560,135.526278
スギ薬局,35.808410,139.789747
ドラッグセイムス,36.127262,139.238825
ドラッグストア セキ　久喜吉羽店,36.061628,139.689245
ココカラファイン,33.586158,130.406122
マツモトキヨシ,35.875660,139.744730
キリン堂,34.504800,135.603684
キリン堂,34.561383,135.494371
スギ薬局,34.546463,135.510386
スギ薬局,34.532102,135.520170
welcia,34.504794,135.545729
welcia,34.467688,135.566289
クスリのアオキ,34.446144,135.553328
マツモトキヨシ,33.593687,130.404987
キリン堂,34.543726,135.605148
クスリのアオキ,34.512075,135.607555
サンドラッグ,34.514241,135.607907
トモズ,35.871386,139.670279
ココカラファイン,34.270275,135.423008
コスモス,34.268803,135.415631
ドラッグセイムス,34.261652,135.363385
コスモス,34.243858,135.205132
welcia,34.244844,135.194232
サンドラッグ,34.239813,135.176185
ドラッグイレブン,33.592437,130.377659
クスリのアオキ,35.543547,137.890697
スギ薬局,36.096367,139.465591
スギ薬局,36.096323,139.465602
ツルハドラッグ,33.581740,130.358608
スギ薬局,35.759448,139.324211
サンキュードラッグ筒井町薬局,33.861544,130.759775
AZARE 自然派化粧品 鎌倉大船サロン,35.352153,139.534604
コスモス,33.409780,130.653750
ドラッグセイムス,35.746348,139.326380
ドラッグストア セキ,36.108240,139.447655
クスリのアオキ,36.194872,139.958577
ココカラファインプラス,34.446903,135.573039
ドラッグセイムス,35.395998,139.465688
welcia,33.572086,130.242476
ダイコクドラッグ,35.711863,139.796611
スギ薬局,35.711990,139.795518
薬のヒグチ 羽衣駅前店,34.534742,135.442291
コスモス,36.101998,139.454970
スギ薬局,36.099292,139.458623
ドラッグセイムス,33.575587,130.340717
ツルハドラッグ新潟幸西店,37.910029,139.048623
クリエイトSD,35.286004,139.189051
welcia,35.508710,139.449042
薬局トモズ 瀬谷センター店,35.471207,139.484035
スギ薬局,35.450284,139.394851
ココカラファイン,35.411204,139.598930
ツルハドラッグ,35.702787,139.771374
セイムス横浜磯子店,35.399989,139.616310
キリン堂,34.493193,135.736897
キリン堂,34.778266,135.684394
クリエイトSD,35.599298,139.609843
ドラッグミック　サンロード瓢箪山店,34.663425,135.640230
ツルハドラッグ　新潟関屋店,37.906575,139.014784
スギ薬局,35.445432,135.338843
トモズ,35.772359,139.521414
スギ薬局,34.556980,135.797065
クスリのアオキ 下狛店,34.777572,135.788762
ウェルパーク,35.671394,139.331300
クリエイトSD,35.413372,139.587225
,35.683253,139.826200
ココカラファイン　クスリのコダマ　南紫竹店,37.897505,139.082616
サンドラッグ,34.381864,135.284935
コスモス,34.366894,135.266816
コスモス,34.258472,135.311810
ドラッグストア　マツモトキヨシ山二ツ店,37.893415,139.082923
白十字,33.590458,130.398299
セイムス,35.753473,139.797087
スギ薬局,35.538223,139.426421
スギ薬局,35.098692,136.978077
マツモトキヨシ,35.803061,139.438798
ココカラファイン,35.648390,139.708731
薬王堂,38.898296,141.275567
ドラッグストアユタカ,34.774392,135.674692
アインズ＆トルペ,34.690784,135.190408
ココカラファイン,34.410512,132.397648
ユニバーサルドラッグ,35.734703,139.747988
マツモトキヨシ,36.062468,138.060320
welcia,36.173855,137.968273
クスリのアオキ,36.012376,138.129382
スギ薬局,35.996183,138.143511
ココカラファイン,38.258651,140.879625
ドラッグセイムス,35.735812,139.377359
クスリのアオキ,34.736436,135.807267
ドラッグトップス　曽野木店,37.865116,139.039358
マツモトキヨシ,33.593068,130.409177
クスリのアオキ,36.037342,136.195465
ドラッグストア コスモス,36.037019,136.196135
welcia,34.537563,135.470546
welcia,34.481382,135.502991
クリエイトSD,35.383470,139.472577
welcia,35.279502,139.197506
V・ドラッグ,36.148370,137.247117
welcia,34.981158,138.423042
welcia,34.784421,135.553275
スギ薬局,34.544298,135.714329
ココカラファイン,34.529934,135.747747
サンドラッグ,34.522812,135.770886
ドラッグストア木のうた,34.516795,135.861729
ココカラファイン,35.430500,139.557111
ドラッグストア　コスモス千早店,33.650983,130.428691
아름드리약국,37.442694,126.714578
クスリのアオキ,36.253555,139.424968
スギ薬局,35.134862,136.868832
ココカラファイン,34.669569,135.462451
ナガ井くすり堂,35.176797,136.887571
スギ薬局,35.572384,139.388848
吉野薬品,35.138542,140.275076
옥정마트약국,37.827807,127.092080
ドラッグストアモリ,33.590188,130.405868
セイムス,36.257320,139.411957
ウエルシア,35.187658,136.889226
ココカラファイン,34.603278,133.764365
クスリのアオキ,36.258135,139.330471
ザグザグ,34.556574,133.681549
갈마약국,39.181838,127.482606
コクミンドラッグ,33.590351,130.397367
マツモトキヨシ,35.647424,139.623221
1번출구새싹약국,37.615137,127.065274
기쁜약국,37.594645,127.059292
マツモトキヨシ,35.647402,139.623086
바른손약국,37.594812,127.063549
クリエイトSD,35.559504,139.671191
ザグザグ,34.646186,133.895727
ドラッグアカカベ,34.723070,135.693118
Fit Care Express,35.550511,139.673152
소라약국,37.564078,127.080145
ドラッグストアコスモス同志社山手店,34.791011,135.775999
スギ薬局,34.737622,135.339114
セイムス,33.215535,131.602655
コスモス,35.072379,134.058175
コスモス,35.848991,139.898595
welcia,35.058925,134.029933
コスモス,35.059924,133.951767
くすりのレデイ,34.650506,133.914364
ココカラファイン,34.652422,133.921313
ツルハドラッグ,43.049712,144.856335
ウォンツ,34.057105,131.801619
キリン堂,34.764817,135.531911
クスリのアオキ,36.293207,139.385131
ココカラファイン,34.665952,135.501341
ドラッグセイムス,33.312356,131.479550
マツモトキヨシ,35.713701,139.418644
キリン堂,34.851964,135.772682
ぱぱす,35.728576,139.743552
ドラッグストアモリ,33.569939,130.322199
ウェルパーク,35.667434,139.872608
スギヤマ薬局,35.909234,139.671823
スギウラ,35.688158,139.803927
クスリのアオキ,35.413402,136.806402
クリエイト薬局,35.498998,139.451633
クリエイトSD,35.499203,139.451597
,36.565347,139.731880
ココカラファイン,35.534788,139.473497
トモズ,35.514056,139.538226
ドラックセイムス　中山店,37.915000,139.083695
ウエルシア新潟中山店,37.914655,139.085251
サンドラッグ,35.479774,138.805522
ツルハドラッグ,35.482572,138.803615
ウェルパーク,35.589196,139.252857
サンドラッグ,35.587641,139.255593
ドラッグセイムス,35.591358,139.292605
クリエイトSD,35.627263,139.456422
コスモス,34.469227,133.815928
マツモトキヨシ,34.601847,133.766104
コクミン,34.675034,135.508579
ココカラファイン,33.544715,130.466426
スギ薬局,35.861388,139.628358
ドラッグストアモリ,33.593763,130.385432
ドラッグ新生堂,33.580591,130.339739
ドラッグストアモリ,33.582998,130.324515
ザグザグ,34.595454,133.739714
V・ドラッグ,35.093142,136.950936
welcia,34.993741,133.450418
コスモス,35.080465,133.733557
コスモス,34.580936,133.826845
くすりのレデイ,35.058275,134.039748
コスモス,34.673164,133.729003
薬王堂,39.733264,141.142818
welcia,34.657293,133.912600
ドラッグユタカ 瑞浪樽上店,35.360274,137.252035
ドラッグ新生堂,33.533657,130.425584
ココカラファイン,35.647836,139.623845
ココカラファイン,34.754138,135.414365
トモズ,35.638621,139.792487
スギ薬局,35.452158,139.391139
V・ドラッグ,35.402018,137.009114
マツモトキヨシ,34.636205,133.890721
クスリのアオキ,36.235150,139.532007
GENKY,35.258770,136.960346
キリン堂,34.711733,135.779733
クリエイトSD,35.514907,139.408408
ザグザグ,34.682897,133.954515
ダイレックス,33.584208,130.326238
ザグザグ,34.461246,133.802084
ザグザグ,34.680605,133.769479
コスモス,34.781799,133.608541
スーパードラッグひまわり,34.675630,133.760553
マツモトキヨシ,35.167779,136.887135
キリン堂,34.807181,135.355498
ココカラファイン,35.891435,139.627992
ウエルシア前橋青柳南店,36.419891,139.067457
welcia,36.260008,139.650794
welcia,35.907348,139.621731
GENKY,35.253187,136.952505
マツモトキヨシ,32.902069,130.762835
コスモス,32.925113,130.773036
ドラッグセイムス,32.927668,130.772298
スーパードラッグひまわり,34.611846,133.858011
クスリのコダマ　はなみずき店,37.916877,139.102693
ザグザグ,34.644755,133.905404
Wants,34.400478,132.478342
サンドラッグ,34.543552,133.736549
ザグザグ,34.550720,133.738584
くすりのレデイ,34.553559,133.743954
ドラッグストア モリ,33.965328,133.282466
くすりや,34.664727,134.091547
ウェルパーク,35.661328,139.453098
ウェルシア新潟上木戸店,37.924650,139.099110
くすりのレデイ,34.650388,133.857865
クスリのアオキ,39.691901,141.172638
,42.863612,130.351041
コスモス,34.644022,133.722189
コスモス,32.978658,130.805051
ゴダイドラッグ,34.861719,134.362883
welcia,34.805763,134.468856
コスモス,34.807116,134.468012
welcia,34.783014,134.563553
ゴダイドラッグ,34.950363,134.762317
キリン堂,34.952032,134.759784
ココカラファイン,35.646954,139.623644
ココカラファイン,35.666747,139.642067
Genky,35.402389,136.942102
コスモス,32.862759,130.808992
マツモトキヨシ,35.769847,139.866935
トモズ,35.769708,139.864023
Wants,34.393878,132.456858
ドラッグトップス　上木戸店,37.921474,139.100880
コスモス薬局,34.394636,132.459391
サンドラッグ,35.240124,136.918607
サンドラッグ,34.393340,132.459066
welcia,34.746985,135.385852
セイジョー,35.829907,139.640660
マツモトキヨシ,38.274981,140.990959
スギ薬局,36.238461,139.153106
ドラッグ イズ,35.729223,139.564345
くすりのレデイ,33.941008,133.294341
ダイコクドラッグ,34.346184,134.048192
ココカラファイン,32.862901,130.732427
ココカラファイン,35.569478,139.395100
キリン堂,34.878124,135.217440
クスリこやま,35.783507,139.284863
スギ薬局,35.167808,136.936342
セイジョー,36.326165,139.024611
Kaseido,35.506586,138.746960
Olive Young,37.199447,127.092075
セイムス戸田新曽店,35.825905,139.659622
ウェルシア薬局,35.944340,139.642702
クスリのアオキ,36.390532,138.999449
コスモス,32.862311,130.733086
ツルハドラッグ,43.073418,141.349744
ツルハドラッグ,43.069719,141.358771
マツモトキヨシ,34.409799,132.450827
Wants,34.409904,132.450276
Wants,34.409894,132.450168
マツモトキヨシ,35.844734,139.954972
セイムス,36.259104,139.383295
welcia,36.260045,139.380615
welcia,36.264691,139.397737
welcia,36.254317,139.419313
セイムス,36.262602,139.462877
コスモス,36.244895,139.504136
welcia,36.232444,139.522321
セイムス,36.232015,139.523011
ココカラファイン,33.581286,130.352617
ユニバーサルドラッグ,35.719670,139.651329
welcia,35.723938,139.643876
マツモトキヨシ,35.722963,139.644289
トモズ,35.729038,139.563646
カワチ薬品,36.387225,139.335470
ツルハドラッグ,43.245314,141.871229
クスリのアオキ,36.259908,139.368347
엘리트약국,37.555693,126.937121
サンドラッグ,34.454379,135.363019
온누리예스 약국,35.184973,126.837217
マツモトキヨシ,34.681123,135.533408
ツルハドラッグ,35.191328,136.936808
welcia,35.371279,139.225361
スギドラッグ,35.992344,139.550172
クリエイトSD,35.417609,139.543860
スギ薬局,34.811678,135.468114
スギ薬局,34.695448,135.189764
ザグザグ,34.726991,134.233153
スギ薬局,35.875449,137.207819
クリエイトSD,35.130913,138.872858
ココカラファイン,33.779699,130.725284
サンドラッグ,35.090445,136.963705
コスモス,32.970647,130.794197
ウエルシア上尾原市店,35.954240,139.631427
셀메드자연약국,37.725906,127.047769
회룡프라자약국,37.725469,127.048085
건우약국,37.728900,127.042130
UNIVERSAL,35.715181,139.793523
welcia,35.678356,139.405989
キリン堂,34.793293,135.464533
ウェルパーク,35.733698,139.569085
V・ドラッグ,35.082391,136.958699
マツモトキヨシ,36.273676,139.386798
장미약국,37.727398,127.038944
セイムス,35.560564,139.671438
サンドラッグ,35.706380,139.649267
クリエイトSD,35.711504,139.386211
キリン堂,34.806615,135.472809
ツルハドラッグ,43.032732,141.338185
スギ薬局,35.770656,139.543195
ドラッグトップス,37.452916,138.819971
サンドラッグ,34.793317,135.489401
マツモトキヨシ,35.723012,139.638448
ココカラファイン,34.502022,135.759905
サンドラッグ,35.768026,139.547398
ドラッグユタカ 豊中熊野店,34.791129,135.486765
サンドラッグ,35.092019,136.974274
ツルハドラッグ新潟亀田店,37.875579,139.112365
スギ薬局,34.789993,135.477169
ココカラファイン,35.590133,139.679435
ココカラファイン,35.591226,139.681097
マツモトキヨシ,35.777879,139.495298
ウェルシア新潟亀田駅前店,37.876346,139.104855
クスリのアオキ,36.558201,136.592327
ダイコクドラッグ,35.171592,136.878686
クスリのアオキ,37.114927,136.855987
ゲンキー,37.106299,136.850488
サツドラ,44.110721,144.063911
welcia,36.516551,136.615078
V・ドラッグ,35.137545,136.797642
マツモトキヨシ,35.932061,139.622442
ドラッグストア　マツモトキヨシ　亀田店,37.872880,139.095446
クリエイトS・D 磯子丸山店,35.422157,139.623821
コスモス,36.392085,140.517765
ウエルシア薬局さいたま宮原ベルク店,35.936955,139.623874
マツモトキヨシ,35.525914,139.465045
ウエルシア薬局,35.778121,139.494346
スギドラッグ,35.997708,139.573924
クリエイト薬局,35.499896,139.440905
クリエイトSD,35.499855,139.440639
ココカラファイン,35.629124,139.685667
クリエイトSD,35.454890,139.481672
マツモトキヨシ,35.466893,139.495516
ツルハドラッグ,43.011559,141.688311
ココカラファイン薬局,35.415513,139.487093
ココカラファイン,35.415648,139.487100
クスリのアオキ新潟大島店,37.881556,139.030631
クスリのアオキ,36.344753,139.184917
スギ薬局,35.648859,139.628620
신성모약국,37.735743,127.043144
ミネドラッグ,35.668900,139.650806
welcia,34.757295,135.382165
クスリのアオキ,36.268391,139.387331
マツモトキヨシ,34.489199,133.362768
コスモス,34.498036,133.438826
이문태평양약국,37.598095,127.061414
キリン堂,34.576365,135.702511
マツモトキヨシ,35.701582,139.523601
サンドラッグ,35.697418,139.812925
レディ,34.352045,132.533065
スギ薬局,35.731718,139.709632
V・drug宇治市役所前店,34.880934,135.801514
マツモトキヨシ,34.652963,133.886434
金田屋,34.674659,135.502096
カワドラッグ,34.674657,135.502027
ドラッグユタカ,34.892561,135.794089
サンドラッグ,35.708434,139.808403
マツモトキヨシ,36.334445,138.984929
スギ薬局,34.651351,135.505181
マツモトキヨシ,35.912601,139.482787
クスリのアオキ,38.268608,140.780274
WONDER COSME,34.393021,132.459594
PRETTYSKIN,34.393048,132.459444
HABA,34.393153,132.459099
,35.698505,139.813320
welcia,34.782599,135.473540
クリエイトSD,35.601143,139.483358
どおらん,34.393842,132.456610
サンドラッグ,34.679501,135.501601
コスモス,36.267868,139.257710
クリエイトSD,35.652668,139.309303
コスモス,32.977450,130.815007
サンドラッグ,35.710855,139.472798
マツモトキヨシ,35.730103,139.487484
サンドラッグ,35.737870,139.496484
ドラッグユタカ 豊中南桜塚店,34.777587,135.475196
보성약국,38.071333,127.521469
유명약국,38.071129,127.521537
welcia,35.164155,138.680236
ザグザグ,34.582448,133.764556
,36.263430,139.381081
welcia,34.872362,138.278248
カワチ薬品,35.659353,140.485070
HAC Welcia,35.416253,139.635682
ドラッグイレブン薬局　琉球大学病院前店,26.289898,127.768038
welcia,34.799775,135.572480
くすりのレデイ,34.520205,133.570735
welcia,35.795553,139.456417
マツモトキヨシ,34.577883,133.727487
室蘭ひまわり薬局,42.334319,141.011764
サイヤス,38.745897,139.830356
マツモトキヨシ,35.551187,139.675467
ツルハドラッグ,36.338430,138.590163
マツモトキヨシ,36.337764,138.592891
welcia,35.655110,139.734402
ドラッグセイムス,35.888356,139.846528
スギ薬局,35.092624,136.969105
クスリのアオキ,35.112431,138.897446
スギドラッグ 茨木平田店,34.805784,135.589694
スギ薬局,34.809634,135.576431
クスリのアオキ,37.647304,139.863768
ココカラファイン薬局寺地店,37.880720,139.005529
キリン堂,34.809759,135.552651
たいようドラッグ,37.900958,139.005616
コスモス,36.265249,139.320178
クリエイトSD,35.723205,139.480784
サンドラッグ,35.715224,139.477834
파마스퀘어,37.567295,127.197242
ココカラファイン,34.669137,135.757568
Matsukiyo,35.651547,139.773831
OSドラッグ,35.699575,139.986333
マツモトキヨシ,35.699968,139.986409
マツモトキヨシ,35.700684,139.986230
マツモトキヨシ,35.615625,139.698527
クリエイトSD,35.368801,139.230597
コスモス,34.747077,135.779876
ウェルシア新潟関新1丁目店,37.909639,139.023310
サツドラ,43.063734,141.361944
サンドラッグ,35.372097,139.453170
スーパードラッグひまわり,34.499980,133.399840
ザグザグ,34.500453,133.397181
サンドラッグ,35.086863,136.978746
トモズ,35.694299,139.751151
コスモス薬局,34.658466,134.009903
コスモス,32.853373,130.720738
クリエイトSD,35.246214,139.143076
トモズ,35.507630,139.445703
スギ薬局,34.816742,135.648477
クリエイトSD,36.583903,138.860793
クスリのアオキ,37.475552,139.924954
キリン堂,34.839535,135.575615
アインズ&トルペ,35.680105,139.767898
,36.417505,139.307965
くすりのラブ,34.657559,134.001922
セイムス,36.215318,139.441269
スギ薬局,35.743509,139.543006
クリエイト薬局,35.695639,139.794287
クリエイトSD,35.723509,139.374087
キリン堂,34.809936,135.567926
大賀薬局,31.575189,130.544068
ドラッグイレブン,26.355495,127.812546
クスリのアオキ,34.248471,133.934224
コクミン,43.059668,141.349701
ツルハドラッグ,35.089939,136.975783
クリエイトSD,35.811758,139.920413
ツルハドラッグ,44.343798,143.345655
マツモトキヨシ,35.763589,139.553592
ドラッグストアセキ,35.796130,139.460559
welcia,34.998651,135.947168
スギ薬局,35.222165,137.093015
V・ドラッグ,35.235802,137.115900
ゲンキー,35.240968,137.119893
ウェルパーク,35.730780,139.508861
セイムス,35.730325,139.501111
クスリのアオキ,36.156753,139.378881
ドラッグストアセキ,36.157277,139.384191
マツモトキヨシ,34.682830,134.939189
スギドラッグ,35.245288,138.623402
V・ドラッグ,35.092208,136.971106
ドラッグセガミ 八尾北本町店,34.635072,135.603095
コスモス,34.381609,132.353804
ダイコクドラッグ,34.735780,135.307986
새서울약국,35.031501,126.753944
welcia,35.649668,139.680135
マツモトキヨシ,35.642810,139.670104
welcia,34.880916,136.627582
サイムス,35.829313,139.804545
クスリのアオキ,35.040611,135.860242
クスリのアオキ,36.172343,139.507421
welcia,34.704917,134.102237
ドラッグイレブン,33.572226,130.351191
コスモス,34.084309,134.278610
サンキュードラッグ黒崎駅前店,33.865692,130.765866
サンキュードラッグ黒崎駅前薬局,33.865611,130.765857
ココカラファイン,35.683848,139.658859
セイムス薬局,35.713093,139.361047
ドラッグイレブン,26.347491,127.825115
ドラッグセガミ 旭ヶ丘店,34.633439,135.612591
クスリのアオキ,36.298551,139.346273
ツルハドラッグ,42.847138,141.644756
クリエイトSD,35.881862,139.961676
マツモトキヨシ,34.392794,132.456515
ドラッグセイムス,35.641298,139.747678
サンドラッグ,43.057544,141.355573
スギ薬局,35.971234,139.569682
マツモトキヨシ,35.976120,139.578501
コスモス,33.641586,130.473674
コスモス,34.754579,137.726300
ドラッグストアモリ久保田店,33.220408,130.242893
ウエルシア,35.048647,139.071970
welcia,35.961593,139.407350
세민약국,37.555772,126.934476
동경약국,37.555467,126.934900
ドラッグストアモリ 岩沼末広店,38.112271,140.876173
コスモス薬局,34.393093,132.465695
コクミン,34.816369,135.647867
マツモトキヨシ,43.054052,141.353935
ドラッグ新生堂,33.165717,130.415374
ココカラファイン,33.528602,130.482700
ココカラファイン,35.669984,139.766975
Tomod's Kayabacho,35.678410,139.778792
サンキュー,34.393634,132.460913
コスモス,32.647259,130.666043
コスモス,32.691177,130.667976
マツモトキヨシ,35.728862,139.907066
まるかんのお店,34.393472,132.461704
マツモトキヨシ,35.585210,139.580916
コスモス,32.971185,131.047705
MORI,32.969516,131.048940
マツモトキヨシ,35.139671,136.992123
ユタカ薬局,35.128283,136.988433
ツルハドラッグ,35.128789,136.992031
スギヤマ,35.137528,136.990806
welcia,38.324207,140.878092
ドラッグストアコスモス 八尾郡川店,34.622931,135.633067
ウォンツ熊野店,34.346643,132.591401
welcia,34.763062,137.424998
スギ薬局,34.764095,137.423193
薬王堂,39.738401,141.109398
コスモス,35.949566,139.612973
コスモス,36.274761,139.074014
コスモス八田店,33.638342,130.459551
SMILEY'S,34.392253,132.458426
クリエイトSD,34.775921,139.034824
コスモス,31.376173,130.856187
,35.682411,139.916305
スギ薬局,35.838771,139.525228
ドラッグストアコスモス熊野店,34.342967,132.590075
welcia,35.632037,140.105417
ヤックスドラッグ,35.629075,140.115257
くすりの福太郎,35.655679,139.739498
サンドラッグ,35.657622,138.527465
ツルハドラッグ,35.682104,138.538635
ひまわり薬局,35.737691,139.495382
コクミン,34.630807,135.600078
クリエイトSD,35.532730,139.435213
ドラッグアカカベ,34.740171,135.515126
スギ薬局,35.537494,139.397334
welcia,37.932744,139.052206
ココカラファイン,35.661949,139.584661
サンドラッグ,35.661968,139.585125
スギ薬局,35.167986,136.896571
welcia,34.620827,135.609731
ココカラファイン,34.351034,134.046629
ココカラファイン,34.683137,135.465281
ひまわり薬局,31.597832,130.536329
welcia,35.533366,140.112627
マツモトキヨシ,36.544141,139.903825
ツルハドラッグ,36.543013,139.903812
カワチ薬品,36.542306,139.917027
スギ薬局,34.976554,135.902480
ツルハドラッグ,43.761017,142.401914
DRUGSTORE MORI,26.432934,127.826839
マルエドラッグ群馬町金古店,36.400684,138.999718
マルエドラッグ高崎棟高バイパス店,36.384142,139.008558
クスリのアオキ,36.440828,139.016384
サンドラッグ,34.618313,135.617464
welcia,34.621393,135.611833
クスリのアオキ,36.325474,138.889383
スギ薬局,36.332511,138.901099
スギ薬局,35.671867,139.703271
杏林堂,34.744306,137.659334
マツキヨ,27.380701,128.646358
杏林堂,34.744390,137.659186
Dream Market,34.817827,135.573745
ミック茨木本町薬店,34.817666,135.573480
セイムス,35.655243,139.736826
welcia,34.791418,135.552437
あおき,36.687848,136.875482
ゲンキー,35.485929,136.877209
セイムス,35.808916,139.403156
セイムス,36.006040,139.109842
ぱぱす,35.686295,139.883545
コスモス,36.254578,139.420954
ツルハドラッグ,42.298171,143.314765
,35.788536,139.703499
クスリのアオキ,35.750198,139.421151
クリエイトSD,35.543811,139.680003
welcia,35.550572,139.675854
ツルハドラッグ,38.759163,140.301300
Wants,34.394736,132.463553
スギ薬局,34.684202,135.558929
スギ薬局,34.967154,135.717009
コスモス薬品,36.157081,139.379840
V・ドラッグ,35.081155,137.081829
サンドラッグ,35.081208,137.083031
ファミリードラッグ西湊町店,37.929097,139.049955
Drug Box,35.772875,140.389438
コスモス,35.352346,139.355715
コスモス八丁堀薬局,34.394169,132.463848
セイムス,36.015295,139.034883
Vドラッグ,35.085071,136.641589
セイムス,35.866519,139.934149
マツモトキヨシ,35.875864,139.990216
welcia,35.083901,137.077674
スギ薬局,35.050634,137.077794
スギヤマ,35.088844,137.065839
薬王堂,38.396865,141.176712
薬王堂,38.425897,141.231892
マツモトキヨシ,35.625642,139.724630
マツモトキヨシ,35.626006,139.723063
スギ薬局,34.659560,135.634382
ココカラファイン薬局,34.460556,135.378656
キリン堂,34.876144,136.566173
ドラッグオカザキ,34.633589,133.906608
ツルハドラッグ,35.616131,139.698638
ザグザグ,34.505011,133.403926
スーパードラッグひまわり,34.506228,133.408085
サンドラッグ,35.691020,139.545601
スギ薬局,35.734303,139.459271
ウェルシア青山店,37.891408,139.002600
welcia,37.942251,139.084119
サンドラッグ,35.922674,140.010248
サンドラッグ 調剤薬局,35.922570,140.010532
welcia,34.307776,134.055096
welcia,33.812154,132.710182
ウエルシア,35.471969,139.428255
スギ薬局 京都市役所前調剤店,35.010194,135.768803
welcia,35.605776,139.704005
クリエイト,35.298342,138.940719
クスリのアオキ,34.997459,137.026040
welcia,34.877181,135.667879
ツルハドラッグ,39.701025,141.158315
welcia,38.310901,140.886755
ウエルシア土呂店,35.937116,139.630809
Olive Young,35.137160,129.071431
Olive Young,35.135279,129.091360
GS25,35.138112,129.101155
スギ薬局,35.397579,136.848223
モリ薬店,34.649541,135.577007
Olive Young,35.164283,129.160473
セイムス,36.267480,139.418798
スギ薬局,34.951056,138.395295
マツモトキヨシ,35.596936,139.334063
スギ薬局,36.011923,139.573824
杏林堂,34.697045,137.684010
杏林堂,34.697504,137.700261
サンドラッグ湯村店,35.678054,138.552147
セガミ薬局,34.737337,135.483353
スギ薬局,34.678998,135.174869
welcia,34.442066,132.472332
ドラッグストア　マツモトキヨシ真砂店,37.893597,138.986152
コスモス,35.103920,137.027741
クスリのアオキ　真砂店,37.892608,138.982132
ツルハドラッグ,35.607771,139.729983
ドラッグトップス　小針店,37.886302,138.995456
ドラッグストアコスモス 高松三谷店,34.277500,134.072249
ウエルシア高松三谷店,34.277873,134.067198
くすりのレデイ 仏生山店,34.282054,134.037054
ドラッグストアコスモス 川東店,34.240214,134.030859
ザグザグ 香南店,34.238341,134.017872
クスリのアオキ,35.461853,135.390306
スギ薬局,35.297452,136.781588
ドラッグスギヤマ　住吉店,35.297815,136.789657
サンドラッグ,35.595214,139.357856
ドラッグストアトモズ,35.735162,139.512073
スギ薬局,35.128366,137.092157
V・ドラッグ,35.256934,136.980677
ツルハドラッグ,36.330530,140.320245
マツモトキヨシ,35.960059,140.317376
ヤックス,35.936976,140.200034
welcia,36.349490,140.313256
V・ドラッグ,34.891911,137.473065
スギ薬局,34.905551,137.494726
ファミリードラッグシーズ,34.899950,137.482453
クスリのアオキ,35.477226,135.396979
マツモトキヨシ,35.472445,139.442149
ドラッグストア ダックス,34.997319,135.742370
ツルハドラッグ宮古中央,39.643583,141.947253
ツルハドラッグ,36.775804,140.732037
ウエルシア,36.777729,140.733678
ツルハドラッグ,37.706118,140.964336
ツルハドラッグ 原町錦店,37.640986,140.970969
ツルハドラッグ,37.627659,140.988545
ツルハドラック岩手山田店,39.468251,141.951041
ツルハドラッグ,37.060134,140.921911
B&Dドラッグ,35.123382,137.006030
ツルハドラッグ,36.959720,140.903409
サツドラ,43.049499,141.383022
ドラッグランド　ひかり,35.062987,135.743664
コスモス,31.537224,130.536753
コスモス,31.557296,130.522071
マツモトキヨシ,33.245096,131.595780
welcia,34.949909,138.369212
クリエイトSD,35.463750,139.413540
ドラッグストアサーバ川西西店,34.854557,135.405858
ドラッグストアライフォートパークタウン店,34.901573,135.366410
ココカラファイン,34.816416,137.379774
スギヤマ調剤薬局,34.815022,137.376825
ウエスギ薬局,34.380063,132.439659
ドラッグセガミ,34.871281,135.388208
wants 佐方店,34.366740,132.344210
マツモトキヨシ,35.659794,139.699431
マツモトキヨシ,39.712691,141.148886
スーパードラッグ シグマ,34.743358,135.544564
マツモトキヨシ,35.756929,139.899008
杏林堂 静岡千代田店,35.000236,138.407408
ドラッグストアセキ,35.798628,139.867885
サツドラ,45.417534,141.674386
クスリのコダマ,37.868681,139.016079
ドラッグトップス,37.860294,138.949518
フィットケアデポ,35.526127,139.497951
ドラッグセキ 白岡西店,36.023950,139.655750
ウエルシア新潟寺尾店,37.872771,138.968414
サツドラ,43.112738,141.370226
クリエイトSD,35.567199,139.377176
スギ薬局,35.181608,137.006586
HAC,35.436038,139.613342
ドラッグセイムス,35.789350,139.632058
スギ薬局,35.791987,139.636867
ドラッグストアサーバ 豊中宮山店,34.805465,135.464138
スギ薬局,34.800706,137.067854
化粧品ヨシモト,34.686683,135.828761
ドラッグユタカ,35.324968,136.694590
ドラッグスギヤマ,35.323438,136.715309
スギ薬局,35.325442,136.715373
サンドラッグ,38.368051,140.380832
ドラッグてらしま,36.742717,138.363234
ドラッグセイムス,36.173531,139.550960
ドラッグセイムス,35.814851,139.328044
マツモトキヨシ,34.674906,135.476527
ウエルシア箕面西小路店,34.829642,135.469993
スギ薬局,34.693548,135.702939
ハックドラッグ,35.508324,139.615119
アメリカンドラッグ吉田店,36.754699,138.365475
マツモトキヨシ,36.757691,138.372798
ココカラファイン,37.859335,138.958532
FitCareExpress,35.508738,139.612815
ココカラファイン,34.832443,135.470115
アメリカンドラッグ 新駅南店,36.739445,138.360004
マツモトキヨシ,35.573136,139.393291
ドラッグストアセキ,36.145077,139.554456
サンドラッグ,34.804344,135.471571
キリン堂,34.827869,135.479030
サンドラッグ,34.827912,135.479990
薬王堂,39.321761,141.884874
welcia,36.051854,140.136337
サンドラッグ,35.694971,138.717913
コープドラッグ,43.074473,141.280744
サンドラッグ,35.677217,138.558430
ドラッグササオカ,32.981938,132.951861
スギ薬局朝日店,35.092322,137.141201
ドラッグユタカ,34.817875,135.771213
メルヴィータ,35.612166,139.628468
ロクシタン,35.612199,139.628363
ドラッグセイムス,35.855692,139.386942
マツモトキヨシ,35.906780,139.625476
ドラッグストアモリ,33.190602,129.867835
クリエイト エス・ディー,35.446186,139.467010
キリン堂　昭和店,34.061093,134.562726
マツモトキヨシ,35.915568,139.605592
マルエドラッグ,36.358058,138.991909
ドラッグトップス,37.756270,139.019471
クリエイトSD,35.427724,139.398523
スーパードラッグひまわり,34.446804,133.243785
ココカラファイン,35.778192,139.436443
トモズ,35.676014,139.677070
コスモス,34.660971,134.042554
ツルハドラッグ,39.032130,141.618667
ツルハドラッグ,37.972301,140.874404
ゲンキー(GENKY),36.130937,136.259783
くすりの福太郎,35.823869,139.984274
ドラッグセイムス,33.241864,131.597136
サンドラッグ,35.664879,139.367160
ゲンキー(GENKY),36.130078,136.163337
welcia,35.848386,139.384272
,38.441779,140.394609
コスモス,32.080871,130.202915
セイムス,35.405941,139.517668
スギ薬局,34.750968,135.430563
ジップドラッグ白子店,34.844432,136.601911
キリン堂,34.708923,135.523544
サンドラッグ,35.705084,139.529844
ツルハドラッグ,43.099618,141.545812
ツルハドラッグ,43.080759,141.499954
ジャパン,34.820525,135.471232
ドラッグセイムス 米沢金池店,37.918972,140.114452
サツドラ,43.329266,145.585763
スーパードラッグひまわり,34.444910,133.255903
マツモトキヨシ白岡店,36.016697,139.653688
マルエドラッグ,36.572663,138.824262
マルエドラッグ中之条店,36.582844,138.851598
サンドラッグ,34.824947,135.462436
ひまわり薬局,43.069383,141.291704
マツモトキヨシ,36.569046,139.987316
welcia,36.704121,137.196906
welcia,35.737178,139.321345
ダックス,34.986414,135.719411
杏林堂,34.698914,137.664432
ダックス,34.931598,135.727752
杏林堂,34.702886,137.757683
クリエイトSD,34.688493,137.730882
ドラッグイレブン,26.329775,127.776568
ツルハドラッグ,37.050517,140.900600
マツモトキヨシ,36.670742,138.197188
コスモス,33.251192,131.679037
ファミリー ドラッグ こだま,43.074778,141.283313
WELCIA,34.723826,135.439430
スギ薬局,34.935817,135.794831
スギ薬局,34.836431,135.515614
サツドラ,43.065334,141.270294
スギ薬局,34.730190,135.401741
ココカラファイン,34.739861,135.400337
クスリのアオキ,36.083333,136.224333
ドラッグイレブン,24.336894,124.181878
ツルハドラッグ,43.076309,141.287965
welcia,34.963985,135.762442
ドラッグイレブン松元店,31.581405,130.456470
ツルハドラッグ,43.078759,141.271467
ダイコクドラッグ,34.672689,135.486482
クスリのアオキ,36.068730,136.241523
杏林堂ドラッグストア,35.183411,138.656544
welcia,35.634132,139.108681
ドラッグストアモリ 島原店,32.799499,130.364844
スギドラッグ,35.838973,139.389890
スギ薬局,34.931886,135.710564
ツルハドラッグ,38.377207,140.261509
ひまわり薬局,43.086761,141.276300
スーパードラッグ ウエダ,33.230585,131.654668
ドラッグストア・モリ 善導寺店,33.323204,130.602924
くすりのレデイ 松前店,33.791107,132.717398
ドラッグユタカ,34.946991,135.716155
ドラッグユタカ,34.931674,135.709531
welcia,35.018990,138.464883
クリエイトＳ・D,35.008676,138.486505
キリン堂,34.941281,135.698498
すかいろけっと,34.942895,135.711677
クリエイトＳ・D,35.003719,138.466390
ハックドラッグ,35.023970,138.474421
クスリのアオキ,36.591237,137.205069
ドラッグセガミ,34.164975,131.451174
ココカラファイン,34.813896,137.371596
スギ薬局,34.838097,135.505480
ツルハドラッグ,43.144479,141.277212
ウェルパーク,35.852219,139.314495
クリエイトSD,35.841549,139.309889
スギ薬局,34.835939,137.403026
ドラッグオオイ,34.822674,137.389137
スギ薬局桜木店,34.833110,137.387053
キリン堂,34.718456,135.774710
スーパードラッグ ひまわり 空港通店,33.829023,132.750471
コスモス,33.833115,132.750021
ピリカ,33.229528,131.654271
ツルハドラッグ,43.759697,142.383769
Wants,34.440556,132.532137
コスモス,33.267417,131.361467
ダックス,34.964456,135.699072
V・drug 富山呉羽店,36.720333,137.146860
クスリのアオキ,36.714806,137.159542
セイムス羽根店,36.677605,137.184972
くすりのレデイ 竹原店,33.835030,132.752903
コスメキッチン,35.658855,139.703360
クスリのアオキ,34.946907,135.717324
オリジンズ,35.659031,139.703592
ニールズヤード レメディーズ,35.659088,139.703570
ジャルダン デ パルファム,35.659047,139.703481
スギ薬局,34.986671,135.817685
キリン堂　尼崎次屋店,34.739808,135.437072
ドラッグユタカ,34.720381,135.769440
ドラッグスギヤマ,34.858565,137.426908
ツルハドラッグ,43.747186,142.389833
スギ薬局,34.840915,137.323479
ツルハドラッグ (Tsuruha Drug),43.754567,142.352320
ドラッグスギ,36.344898,138.962477
ツルハドラッグ (Tsuruha Drug),43.754357,142.403927
マツモトキヨシ,35.672744,139.736889
スギ薬局,35.140548,136.932661
キリン堂　神谷内店,36.599263,136.681698
ジップドラッグ,34.802435,137.345648
クラブツリー&イヴリン,35.612293,139.628586
シーバイエフ クラス ファンケル,35.612148,139.628234
ドラッグセガミ,33.573250,130.351634
アベドラッグ,43.319784,145.561577
カリス成城,35.612162,139.628494
トルペ,35.612502,139.628211
ウエルシア,34.747843,135.415043
ドラッグコスモス,33.551078,130.457268
マツモトキヨシ,35.324090,139.465700
ツルハドラッグ会津滝沢店,37.511158,139.946207
ウォンツ,34.385533,132.476909
ウエルシア薬局,36.447589,140.501972
ザグザグ,34.269105,133.800010
コスモス,34.260607,133.817425
ウォンツ (wants),34.446966,132.786625
セイムス,36.003501,139.400313
くすりのレデイ,34.249722,133.931495
ザグザグ川西店,34.252432,133.829690
ドラッグセイムス,35.869082,139.244900
welcia,35.021610,135.746957
ココカラファイン,34.582299,135.471059
ドラッグセイムス,35.852093,139.331787
welcia,35.962392,139.301818
ドラッグスギヤマ,35.119757,137.136475
ドラッグセイムス,36.701972,137.209557
ツルハドラッグ東蒲田店,35.564292,139.729740
ココカラファイン,34.666089,135.501281
ツルハドラッグ,35.562474,139.742198
キリン堂,34.742488,135.468935
himawari,34.748551,135.474567
オーエスドラッグ,34.749367,135.474132
ドラッグストア モリ 南片江店,33.540897,130.373178
マツモトキヨシ,35.644667,139.722360
welcia,35.672700,139.283866
クスリのアオキ (Kusuri no Aoki),36.628633,136.630117
クスリのアオキ (Kusuri no Aoki),36.576920,136.642308
くすりのレデイ,34.366850,132.380660
スギ薬局,34.744347,135.471696
アメリカンドラッグ,36.630288,138.158892
キリン堂,34.715841,135.515914
ゲンキー金沢畝田店,36.594737,136.607421
ココカラファイン,37.473060,139.904187
ファミリードラッグ,36.166902,138.485760
くすりの大賀 新宮店,33.698252,130.446495
ツルハドラッグ,42.126868,142.932048
資生堂化粧品はしもと,37.479035,139.920364
タイガードラックストア 会津門田店,37.476962,139.933960
くすりのレデイ八万店,34.052977,134.543915
ドラッグストアチャーリー沖浜店,34.051266,134.551939
ドラッグランドひかり,34.971293,135.807055
サツドラ,42.253365,140.274229
ウエルシア薬局,35.945093,139.662135
ドラッグセイムス元八王子店,35.665509,139.288071
クリエイトSD,35.677558,139.298157
コスモス,34.051531,134.532654
ドラッグセイムス,35.911289,139.636312
ツルハ,38.286206,140.817001
ツルハドラッグ,36.511869,140.629750
はしむら,34.680250,135.830570
キリン堂,34.757311,135.498573
くすりのレデイ 天山店,33.822532,132.774093
V・ドラッグ,35.171915,136.899787
ダックス,35.014867,135.715940
マツモトキヨシ,35.341539,139.437510
くすりの保命堂薬房,43.058057,141.331948
杏林堂,34.782277,137.754678
サンドラッグ,36.533614,138.122157
キリン堂,34.757326,135.496082
キリン堂,35.021290,135.699406
ダックス,34.948513,135.752307
くすりのレデイ 和泉店,33.816584,132.766184
サツドラ,42.999091,141.381776
ゲンキー 可児店,35.415499,137.032517
サツドラ,43.051132,144.851702
スギ薬局,35.279225,136.882452
ザグザグ,34.360997,132.352612
スギドラッグ,34.955833,135.812374
ココカラファイン,34.949609,135.810126
サンドラッグ,34.830162,134.691797
ゲンキー鳥居場橋西店,35.415193,137.053792
クリエイトSD,35.674252,139.266200
ツルハ,38.903102,139.816309
マツモトキヨシ,36.553451,139.768675
マツモトキヨシ,36.531452,139.865797
サンドラッグ,43.780232,142.412661
薬王堂 岩手大槌店,39.364526,141.904535
コスモス,33.560502,133.561344
マツモトキヨシ,34.820699,135.770651
クスリのアオキ,36.525693,136.623760
スギドラッグ,34.952370,137.183829
ココカラファイン,34.829769,135.515344
マツモトキヨシ,35.547319,139.645224
スギ薬局,35.673562,139.901001
welcia,34.808656,134.611957
杏林堂薬局ドラッグストア富塚店,34.720574,137.701607
クリエイトSD,35.433898,139.559003
サンドラッグ,35.452781,139.554888
マツモトキヨシ,36.581338,138.180249
クスリのアオキ,35.606298,135.947974
サンドラッグ,35.625813,139.398160
サツドラ,42.186411,142.764870
ツルハドラッグ,42.187813,142.765656
サッポロドラッグストア,41.861655,140.130728
いちりき,41.864314,140.126167
シンヤクドー 大杙店,35.484074,134.246205
ドラッグユタカ,35.047643,135.544873
スギ薬局,34.709751,135.529667
ツルハドラッグ,43.332016,145.590705
キリン堂,34.963656,136.170252
,41.866506,140.123973
ドラッグセイムス,35.829963,139.710961
サンドラッグ,35.833276,139.711912
ドラッグセイムス,35.851007,139.704342
上田薬品,41.868298,140.127573
スギ薬局,34.703161,135.530634
自然派化粧品　Eco kawabata,34.726505,137.709186
セイムス,35.838831,139.707125
ドラッグエース,35.800446,139.595950
ディスカウウントドラッグコスモス堀江店,33.899693,132.747238
ダックス,34.975499,135.666266
キリン堂,34.711921,135.529535
welcia,34.720883,135.520890
クリエイトSD,35.665595,139.314046
マルエドラッグ新里店,36.419343,139.235685
ドラッグユタカ 浅井店,35.426143,136.310941
コクミン薬局,34.645224,135.518192
セイムス,35.811974,139.584125
welcia,35.812743,139.576145
サンドラッグ,43.780873,142.339812
スギ薬局,34.843931,137.322839
ジップ ドラッグ,34.669854,135.716431
ツルハドラッグ,39.732188,140.091116
スーパードラッグアサヒ,39.589124,140.573940
ウェルパーク,35.689496,139.576150
ドラッグてらしま,36.542392,140.064300
ウエルシア薬局,36.491687,140.103124
welcia,36.090375,140.100674
ディスカウントドラッグコスモス 浜松高丘北店,34.763292,137.705809
サツドラ函館日の出店,41.775948,140.751298
ツルハドラッグ,41.781344,140.761440
サッポロドラッグストア,45.396690,141.699393
キリン堂,34.559123,135.580332
よどやドラッグ 青柳店,33.554801,133.563789
ウェルネス,35.479561,133.069084
ドラッグユタカ,34.913827,135.778435
キリン堂,34.826431,135.562075
スギ薬局,34.817548,135.567035
スギ薬局,35.187397,136.959830
ひまわり薬局,34.967713,136.163342
ツルハドラッグ小樽手宮店,43.209063,140.999890
ツルハドラッグ,43.049741,141.481328
ウエルシア,35.780814,140.773331
ウエルシア,35.897015,140.643716
welcia,35.897727,140.644842
ウェルシア,35.874161,140.704151
マツモトキヨシ,35.898089,140.640785
ウェルシア,35.880507,140.707212
ヤックスドラッグ,35.880839,140.709394
マツモトキヨシ,35.982986,140.146106
スーパードラッグイレブン健・美・館 南恵我之荘店,34.566907,135.573410
ウェルシア,35.835626,140.735377
サッポロドラッグストア,45.125935,142.369060
杏林堂,34.707675,137.550397
welcia,35.958797,140.641777
ウェルシア,35.912101,140.642579
ミクニヤ,36.655658,138.312518
キリン堂,34.880286,135.707328
スギ薬局,35.396503,136.287789
ヤックスドラッグ鹿嶋店,35.977108,140.632167
サツドラ,42.547214,140.766892
ウエルシア,35.402262,139.521117
サンドラッグ,39.725083,140.106997
ドラッグユタカ,34.968942,136.161432
コスモス,33.868125,130.740796
サンドラッグ,33.023741,130.432379
イオンドラッグ,26.255302,127.716907
ドラッグユタカ,35.354186,136.616524
コスモス,31.403231,130.975803
マツモトキヨシ,36.003541,138.129271
コスモス,33.429155,130.561148
ディスカウント ドラッグコスモス,34.928685,134.844375
ドラッグユタカ,35.468145,135.395383
ダックス,34.887575,135.766512
ウエルシア,34.712271,135.317814
サン・ドラック,37.274602,140.368114
ツルハドラッグ,37.274649,140.366166
スギ薬局,35.925903,139.626306
コスモス,34.603115,133.770644
ツルハドラッグ,35.541784,138.895257
セイムス,36.678940,137.205411
サンドラッグ,35.418161,139.523384
ココカラファイン,34.835730,137.338950
サンドラッグ,35.425395,139.526866
マツモトキヨシ,35.612770,139.369465
サンドラッグ,35.626478,139.469276
ウェルシア薬局,35.944261,139.642627
キリン堂,34.671715,135.841188
ダックス,34.973645,135.712964
サンドラッグ,34.792351,135.472622
スーパードラッグアサヒ八橋店,39.726797,140.087254
ウェルシア,35.410446,139.550035
キリン堂,34.877312,135.786478
サンドラッグ一宮末広店,35.292707,136.785386
ドラッグオオイ薬局,34.830524,137.355534
アピィ化粧品,34.830778,137.353359
ドラッグアルカ,34.816008,134.678409
,28.396798,129.525775
ドラッグストアモリ,31.916908,131.430838
マツモトキヨシ,31.924544,131.426096
スギ薬局,35.325003,136.771624
サンドラッグ,35.414327,139.499100
ウェルパーク,35.411886,139.500417
スーパードラッグひまわり,34.497416,133.524895
クリエイトSD,35.405686,139.504296
サンドラッグ,35.414112,139.499008
マツモトキヨシ,31.925657,131.435009
ドラッグイレブン,31.923800,131.425921
ドラッグセガミ,34.663799,135.523502
マツモトキヨシ,35.736282,139.790612
ライフォート,34.440894,134.910634
ツルハドラッグ早野店,35.412787,140.286208
ツルハドラッグ,43.029511,141.434678
マツモトキヨシ,31.377819,130.856268
ウエルシア,35.386033,139.536650
コクミン,33.885395,130.880441
みかげ薬品,33.885984,130.879939
マツモトキヨシ,33.885469,130.880508
大賀薬局,31.577368,130.552958
ドラッグイレブン,31.578285,130.554203
ココカラファイン,35.077724,136.639773
クリエイトSD,35.387189,139.493794
コスモス,31.530016,130.524278
マツモトキヨシ,31.534615,130.529249
クスリのアオキ,34.900073,135.689755
コスモス,31.542704,130.515065
ドラッグセイムス,31.561097,130.494971
ツルハドラッグ,38.287050,140.317208
ツルハドラッグ,39.308468,140.571139
キリン堂南草津店,34.995021,135.964450
ユタカ薬局,34.989515,135.815627
ツルハドラッグ,38.459730,140.385853
welcia,35.686934,139.295790
ウエルシア薬局,36.653450,139.052981
welcia,34.748031,135.781499
キリン堂,34.930586,135.725130
ウエルシア薬局 ウエルシア喜多方常盤台店,37.667526,139.872104
ドラッグユタカ,34.760721,135.787337
ツルハドラッグ,39.470234,140.481202
マツモトキヨシ petit madoca 八柱店,35.790660,139.942014
ツルハドラッグ,41.293668,141.206830
マツモトキヨシ,35.790779,139.926846
V・drug扇が丘店 中部薬品,36.529194,136.630000
クスリのアオキ,35.233071,136.836980
ツルハドラッグ,40.800021,140.455921
コーナンドラッグ,34.535981,135.452485
スギドラッグ　高石駅前店,34.519904,135.434078
welcia,34.528594,135.445833
マツモトキヨシ,35.325071,139.425166
ゲンキー馬替店,36.521096,136.620082
ツルハドラッグ美原店,41.820558,140.758189
サンドラッグ,37.749714,140.445593
コスモス,31.515357,130.520642
クリエイト,35.262894,139.153793
ツルハドラッグ,35.677422,138.690043
ツルハドラッグ,38.275088,140.353865
キリン堂 長坂店,36.538922,136.658012
ドラッグイレブン,33.647754,130.426708
クリエイトSD,35.467487,139.529580
ザグザグ,34.695323,133.903460
キリン堂,34.717744,135.642012
Любимый,43.090103,131.967570
V・ドラッグ,35.331590,136.872794
マツモトキヨシ,37.399191,140.398459
ドラッグストア セイムス,34.475116,133.316105
ディスカウントドラッグコスモス,34.834748,135.726055
ウエルシア,34.737207,135.390431
クスリ岩崎チェーン,34.017975,131.865338
ウォンツ,34.015970,131.868631
ウエルシア,35.684828,138.688203
健康館サワ,35.648335,138.635412
ドラッグ大賀 二日市店,33.489370,130.526556
ドラッグユタカ,34.965472,136.172084
マツモトキヨシ,35.400728,139.570363
スギ薬局,34.739496,135.387372
ドラッグストアひまわり 山手店,34.492715,133.334292
ドラッグストア コスモス山手店,34.492534,133.332455
ツルハドラッグ,37.202234,139.769365
ひまわり本庄店,34.487510,133.351403
ウエルシア,34.751458,135.432674
ザグザグ,34.595351,133.461809
ジップドラッグ,35.115603,136.108977
コスモス薬品ディスカウントドラッグコスモス美里店,32.623855,130.813871
ツルハドラッグ森店,42.098373,140.583491
サッポロドラッグストアー 森店,42.107394,140.581211
welcia,36.147424,139.367242
ドラッグスギヤマ,35.159814,136.999410
ディスカウントドラッグコスモス南末広店,34.061160,134.576877
キリン堂,34.066423,134.567132
,34.492025,133.338094
ツルハドラッグ,42.350894,141.023464
ツルハドラッグ,38.895122,139.854756
ウエルシア,34.758210,135.435161
キリン堂田宮店,34.087097,134.545975
スーパードラックアサヒ久慈店,40.190563,141.783253
ツルハドラック久慈長内店,40.187545,141.784030
薬王堂 久慈店,40.190731,141.784049
キリン堂,34.069014,134.352947
キリン堂 北島店,34.123081,134.554551
スーパードラッグアサヒ,40.678999,141.380662
くすりのレデイ 阿波吉野店,34.100683,134.345358
キリン堂,34.037446,133.919937
キリン堂,34.078650,134.558620
ディスカウント ドラッグ コスモス 上板店,34.114387,134.435456
薬王堂,40.664528,141.366046
スギ薬局,34.616702,135.514127
コクミン薬局,34.617758,135.504158
スギ薬局,34.615921,135.528071
ツルハドラッグ,37.261736,139.877385
クリエイトSD,35.532805,139.530081
薬王堂 郡山堤店,37.396464,140.330649
キリン堂,36.523906,136.628077
ダックス,34.996430,135.762517
スギ薬局真美ヶ丘店,34.541493,135.728841
,36.222211,139.380487
クリエイト,35.325950,139.613651
ドラッグストア ウォンツ,34.374375,132.528612
ツルハドラッグ,43.066775,141.490358
ツルハドラッグ,35.039265,136.061234
コスモス,31.340888,130.927178
ディスカウントドラッグ　コスモス,33.187131,131.609583
サッポロドラッグストア,41.920102,140.151929
クスリのアオキ,37.051515,140.897388
サツドラ,41.818950,140.752330
welcia,37.901595,139.039140
ウォンツ,33.985891,131.174790
ディスカウントドラッグコスモス,33.984992,131.174326
welcia,35.874391,139.919754
薬王堂花巻南店,39.380310,141.089251
マツモトキヨシ,36.342370,138.994946
ひまわり薬局,34.284019,133.180149
サンドラッグ,35.577983,139.535529
コスモス,34.686595,133.820346
クスリのアオキ,36.561138,136.639630
薬王堂 山形高畠店,38.004027,140.192545
B&Dドラッグストア 高蔵寺コスモスガーデン店,35.272951,137.023626
ウエルシア薬局,37.908353,139.069741
ツルハドラッグ,37.034504,140.889607
ドラッグセガミ徳島住吉店,34.078613,134.570090
コスモドラッグ住吉店,34.078406,134.573997
スーパードラッグ アサヒ 青森中央店,40.799863,140.746136
ツルハドラッグ,38.734242,139.799647
ウエルシア薬局,36.546449,136.594734
スギ薬局,35.154348,136.509532
スーパードラッグひまわり,34.355746,132.309952
マツモトキヨシ,35.949153,139.641522
ゲンキー,34.927176,136.957287
ドラッグストアモリ,32.783104,130.710878
ウエルシア薬局,35.571776,139.362148
コスモス,31.256459,130.633166
マツモトキヨシ,35.690579,139.925291
クスリ岩崎チェーン,34.066019,131.027738
ツルハドラッグ,43.086588,141.500229
スーパードラッグアサヒ,39.729730,140.146010
ツルハドラッグ,39.725851,140.150518
ウエルシア安中店,36.333148,138.904415
Harumichiya,34.647026,135.781446
ウエルシア 酒田ゆたか店,38.934108,139.844653
ドラッグセイムス,38.896631,139.855650
ツルハ,38.914657,139.832740
ツルハ,38.902858,139.849763
コスモス,32.774343,130.680100
マツモトキヨシ,31.549839,130.507892
welcia,38.229828,140.890286
薬王堂 八戸田向店,40.495571,141.508972
ウォンツ,34.072127,131.756226
ひまわり薬局,34.516700,133.944507
ドラックユタカ能登川店,35.181542,136.161289
ウェルシア,34.654807,135.556315
ツルハドラッグ,40.510874,141.474142
マツモトキヨシ宗像森林都市店,33.793884,130.575127
ドラッグストアセキ,35.886608,139.851650
マツモトキヨシ清見台東店,35.381808,139.959830
コスモス,36.368524,139.074426
マルエドラッグ 前橋天川原店,36.375676,139.083844
ウォンツ 宇部新川店,33.960182,131.242690
ツルハドラッグ,42.333083,141.011384
コスモス,33.890432,130.718651
mac矢三店,34.083745,134.520009
クリエイトSD,34.701013,137.699917
杏林堂,34.722363,137.717240
ドラッグユタカ,34.943811,135.907285
ウェルシア白岡店,36.016874,139.661825
ツルハドラッグ,44.362525,143.347934
ウェルパーク,35.888644,139.454324
ツルハドラッグ,42.344580,141.021074
サツドラ,42.342762,141.023910
ザグザグ,35.071542,134.052971
サッポロドラッグストアー,44.363070,143.343071
ザグザグ,34.784008,133.610092
スギ薬局,35.058850,136.655617
ときや,34.651035,135.556579
サンドラッグ 託麻店,32.827777,130.788002
マツモトキヨシ,36.571411,139.869145
マツモトキヨシ,35.745632,139.955691
くすりの福太郎,35.743232,139.951688
ウェルシア,36.548056,139.877350
ツルハドラッグ,37.059521,140.872665
ツルハドラッグ,36.551026,139.927579
ツルハドラッグ,37.700328,140.962579
ツルハドラッグ,36.467697,140.574875
ウエルシア薬局,36.564640,139.986136
ココカラファイン,35.133000,136.830651
コスメティック K,42.361586,141.041018
ドラッグセイムズ上小町店,35.903326,139.606699
welcia,36.569682,139.924274
スギ薬局,35.902480,139.605715
,34.065974,139.482534
ツルハドラッグ,39.740564,141.119088
ドラッグモリヤマ,34.113886,136.225074
ウォンツ,34.024744,131.855343
サツドラ,43.068770,141.294033
アルカドラッグ,35.021546,136.000143
welcia,35.024892,136.002716
ドラッグセイムス大宮三橋店,35.895518,139.603703
くすりのレデイ,33.932601,131.256971
カワチ薬品 西川田店,36.536186,139.851358
ツルハドラッグ,34.726091,135.425337
ディスカウントドラッグコスモス安長店,35.510197,134.204776
ザグザグ,34.594663,133.766015
ドラッグソワレ,35.915859,139.624544
スギ薬局,34.747487,135.404084
ディスカウント ドラッグ コスモス,34.114073,134.553622
ドラッグセイムス,31.282041,130.291749
ライフォート,34.751912,135.404501
サンドラッグ,38.152107,140.288999
ドラッグ太陽 あおぞら薬局,36.215063,139.441682
マツモトキヨシ,36.052747,138.113808
貴美屋化粧品店,34.650995,135.552294
ツルハドラッグ,36.749491,139.578050
スギ薬局,34.727206,135.429103
ドラッグ アカカベ,34.661106,135.544363
スギ薬局,35.641708,139.575745
ドラッグコスモス,31.282388,130.299238
コスモドラッグ 北島店,34.122856,134.553517
マイアネドラッグ,39.116244,141.162756
マツモトキヨシ,35.851470,139.343220
welcia,35.851185,139.329960
マツモトキヨシ,35.987367,140.138033
コスモス,34.727744,135.432269
マツモトキヨシ,36.498763,139.874104
ウエルシア,34.724929,135.428493
V・ドラッグ,35.124876,136.833176
ツルハドラッグ,38.737386,139.839543
ドラックストアモリ,31.482056,130.694376
ドラッグストアチャーリー藍住店,34.126972,134.475924
ヤックスドラッグ,35.962836,140.154414
マツモトキヨシ,36.864006,140.010674
ツルハドラッグ,38.718076,139.846310
クリエイトSD,35.184582,139.652696
マツモトキヨシ,37.899442,139.062482
ドラッグセイムス,38.719427,139.841212
クスリのアオキ,37.919917,139.117837
クリエイトSD,35.668296,139.322731
ウエルシア,35.709025,138.738900
サンドラッグ,35.001952,137.035569
スギ薬局,34.980863,136.868024
サンドラッグ,35.929147,139.477625
スギ薬局　碧南城山店,34.894028,137.007251
ドラッグてらしま,36.061127,140.059769
welcia,34.514615,135.420642
ドラッグてらしま,36.094448,140.333702
,43.030785,141.371592
ドラッグストアｍａｃ久万ノ台店,33.863511,132.747891
ツルハドラッグ,38.818523,139.834945
サツドラ,43.054181,141.367858
welcia,35.641375,138.516720
スギヤマ調剤薬局,34.829433,137.350987
キリン堂,34.738187,135.436847
サツドラ,43.020852,141.488567
welcia,36.383840,140.244402
ココカラファイン,34.501104,135.583102
ドラッグトップス,37.899288,139.102698
ドラッグセイムス,37.895937,139.097410
キリン堂,34.719490,135.468651
ドラッグトップス,37.848962,139.143662
ツルハドラッグ,33.511273,133.276195
Cares,34.934570,135.686994
キリン堂　小野本町店,34.847695,134.940693
よどやドラッグ,33.500712,133.302712
ドラッグイレブン,31.399958,130.873784
マツモトキヨシ,34.961064,138.393792
ダイコクドラッグ,34.609491,135.551498
ウエルシア,34.962104,138.394274
キリン堂,34.582437,135.513223
ニシイチドラッグ,34.762620,135.348656
薬局ドラッグスソウ 南口店,34.365792,132.368035
ウォンツ海老山店,34.365264,132.365756
ジャパン,34.745777,135.345010
スーパードラッグ アサヒ 大館店,40.282695,140.562981
サンドラッグ,40.270733,140.574231
中野悟商店,34.363431,132.348928
ハッピー・ドラッグ 鷹巣店,40.223087,140.367643
テンダー2,40.615109,140.419841
ウエルシア薬局,34.821291,137.398758
ツルハドラッグ,34.643098,135.542264
コスモス薬局,34.684400,135.084262
メガ,40.191368,140.023319
薬王堂,40.224246,140.025354
ツルハドラッグ,40.182250,140.052530
,43.038175,141.379680
ゴダイドラッグ 智頭店,35.278110,134.226216
ディスカウント ドラッグコスモス,32.071790,131.491896
コスモス,34.088387,131.400261
クリエイトSD,35.501292,139.655261
ひまわり薬局,36.168642,139.318850
キリン堂,34.609748,135.546826
ハッピー・ドラッグ平川平賀店,40.584779,140.568303
ツルハドラッグ,40.591589,140.566972
キリン堂,34.812013,135.377684
welcia,34.813318,135.374371
コスモス,34.740896,135.383896
ドラッグストア マツモトキヨシ 豊四季店,35.865976,139.943472
マツモトキヨシ,35.859386,139.947554
ツルハドラッグ,37.049513,140.873715
マツモトキヨシ,35.860063,139.961774
マツモトキヨシ,26.212787,127.696334
ツルハドラッグ,39.593603,140.575858
welcia,37.690561,139.060171
くすりのレデイ,34.182967,133.720217
スギ薬局,35.863259,139.950343
クスリのアオキ,38.996036,141.325147
ツルハドラッグ,39.057817,141.719594
ツルハドラッグ,39.081088,141.712148
ドラッグストア ウェルネス青谷店,35.516455,133.998083
クスリのアオキ,37.058904,140.870196
マツモトキヨシ,35.851855,139.963810
ウェルネス,35.486176,134.233944
ドラッグ171 駅南店,35.488493,134.227020
コスモス,34.992912,134.139614
ツルハドラッグ,39.196928,141.112939
ココカラファイン,34.788632,135.354310
コスモス,35.728667,140.146506
ドラッグスギヤマ,35.107264,136.936774
ツルハドラッグ,38.734974,139.813610
ドラッグヤマザワ,38.735636,139.808887
ドラッグセイムス,38.735791,139.810609
スギ薬局　土井店,34.918526,137.134280
welcia,34.930386,137.142441
Ｖ・ｄｒｕｇ中部薬品　岡崎牧御堂店,34.924235,137.142275
ウエルシア,34.744189,135.399358
ウェルシア 会津美里店,37.457293,139.894983
ツルハドラッグ,38.844609,139.897176
コスモス,34.153574,131.507426
ツルハドラッグ,44.021141,144.273735
スギ薬局,34.740122,135.422080
ココカラファイン　錦町店,37.938268,139.087765
ドラッグストア マツモトキヨシ フレスポ赤道店,37.933780,139.087394
ツルハ,38.290931,140.258914
サツドラ,43.996407,144.287072
クスリキリン堂・木幡店,34.926712,135.792013
ドラッグユタカ,34.952758,135.701567
レデイ薬局伊予三島店,33.982804,133.540379
,34.158881,131.435516
ツルハドラッグ,42.971726,141.468383
ツルハドラッグ,42.998510,141.473267
ツルハドラッグ,43.012823,141.469055
ツルハドラッグ,43.052622,141.440200
クリエイトSD,35.090287,138.865809
レデイ薬局川之江店,33.994449,133.574806
ウエルシア薬局 笠間東店,36.388848,140.252478
マツモトキヨシ,36.764871,137.032763
スーパードラッグひまわり,34.010596,133.575095
コスモス四国中央店,34.001909,133.567148
ツルハドラッグ,40.582259,140.475707
スギ薬局,34.826639,137.387772
コスモス大津新崎店,35.368706,132.769735
ウエルシア掛川葛川店,34.776495,138.026872
スーパードラッグひまわり,34.518205,132.503871
ツルハドラッグ,38.728669,139.816704
Cosmos,33.319829,131.495545
マツモトキヨシ姶良店,31.718053,130.622616
,34.792805,138.014234
ゴダイドラッグ 用瀬店,35.341155,134.197163
,32.786603,130.722334
ココカラファイン 掛川下俣店,34.774025,138.002465
マルナカ味覚堂,34.769981,138.006918
ドラッグセイムス,38.743205,139.830613
マツモトキヨシ,36.974422,140.039853
マツモトキヨシ,37.921091,139.047051
コスモス渡橋点,35.366150,132.748568
スギ薬局,36.309511,139.833869
スギ薬局,34.700489,135.445134
ドラッグイレブン,26.216880,127.688003
ドラッグトップス,37.866348,138.986240
ココカラファイン,37.906589,139.018632
ウエルシア,37.881934,139.004744
マツモトキヨシ,37.912552,139.030805
クスリのアオキ,36.666203,137.169138
ツルハドラッグ 枝幸本町店,44.936954,142.581030
ウエルシア薬局,35.629169,139.320802
マツモトキヨシ,37.892445,139.030708
ドラッグセイムス,32.848692,130.747395
ドラッグセイムス,36.502584,139.867338
ウエルネス,35.366156,132.733668
ウエルシア薬局,35.467036,139.497890
ココカラファイン掛川店,34.767345,138.031902
welcia,36.301052,139.977225
クスリのアオキ,36.217024,136.159785
welcia,36.562765,139.766859
クリエイトSD,34.724776,137.731579
クスリのアオキ 城端店,36.518196,136.899467
welcia,36.492057,139.861363
ツルハドラッグ,35.568276,139.387725
クリエイトSD,35.433614,139.329562
キリン堂 鳴尾店,34.712575,135.372084
ウェルネス 湖山店,35.514435,134.189607
ツルハドラッグ,34.720870,135.354915
クリエイトSD,35.482274,139.617903
コスモス,32.552879,130.642683
マツモトキヨシ,36.339980,139.020962
スギ薬局,35.013778,135.742239
ウェルネス 徳尾店,35.500230,134.205841
クスリのアオキ,36.562828,136.870139
welcia,36.288523,139.805509
マツモトキヨシ 小山東城南店,36.290737,139.807004
welcia,36.306104,139.800201
クリエイトSD,35.552749,139.505444
キリン堂,34.822060,135.668405
スギ薬局,35.020239,136.953914
welcia,36.089154,140.112703
Fit Care DEPOT,35.487767,139.604263
スギ薬局,34.487236,135.420716
カワチ薬品,36.591920,139.870040
スギ薬局,35.753847,139.650075
ドラッグ171 丸山店,35.520368,134.226202
ツルハドラッグ,42.250301,140.284737
ハッピー調剤薬局　鰺ヶ沢店,40.774087,140.223010
ハッピードラッグ鰺ヶ沢店,40.773855,140.222619
ゴダイドラッグ,34.796350,134.152977
Fit Care DEPOT,35.500752,139.590484
セイムス,35.660565,139.526785
マツモトキヨシ,36.963003,140.064192
スギ薬局,34.816504,137.359182
welcia,34.822801,137.354545
ドラッグストア モリ,30.385476,130.655721
ドラッグイレブン,30.387910,130.653451
マツモトキヨシ,31.271929,130.288437
セイジョー,34.669695,138.048382
ツルハドラッグ,42.369715,141.054739
スギ薬局,35.009714,137.168814
サンドラッグ,43.086997,141.362482
ウェルシア　岡崎大樹寺店,34.984383,137.155384
マツモトキヨシ,37.426539,140.363272
ディスカウント ドラッグ コスモス 松浦店,33.344970,129.709295
ハックドラッグ,35.464815,139.589006
ヤックスドラッグ つくばみどりの店,36.025254,140.063615
セイムズ,34.654990,136.433381
クスリのアオキ浅野本町店,36.580888,136.658548
ココカラファイン,34.883285,136.584895
ドラッグセイムス　八山田店,37.429169,140.379949
キリン堂高田神楽店,34.525035,135.739012
サツドラ,43.040110,141.425230
ウエルシア薬局,36.390541,139.347867
アメリカンドラッグ,35.862619,137.942437
スギドラッグ　東みずほ台店,35.839837,139.550932
ドラッグスギヤマ,34.747445,137.410513
ウエルシア 足利大前店,36.359547,139.395710
サツドラ,43.840963,143.930159
ツルハ,43.823077,143.916216
サツドラ,43.801637,143.871492
ツルハドラッグ,43.792992,143.878122
ファミリードラッグ,36.570575,138.198228
V・ドラッグ,35.482335,136.933490
クスリのアオキ,36.347189,139.247616
コスモス,35.429624,132.810760
ウエルネス,35.428712,132.818430
ジップドラッグ善明寺店,34.261794,135.187083
ドラッグトップス 荒川店,38.115569,139.451212
welcia,36.502761,139.854693
ザグザグ,34.495129,133.526686
ゲンキー岐阜大野店,35.467189,136.623120
ツルハドラッグ,43.006063,141.384166
サンドラッグ 大平町店,36.347989,139.704291
カワチ薬品 大平店,36.350298,139.707749
ザグザグ,34.499389,133.521079
マツモトキヨシ　山木戸店,37.920640,139.088712
キリン堂,34.783493,134.719859
B&Dドラッグストア,35.255979,136.876008
スギ薬局,34.833542,135.624960
ウエルシア薬局,36.374900,139.371892
キリン堂,34.845305,135.676971
ドラッグセイムスふじみ野薬局,35.853183,139.521708
ツルハドラッグ,43.020624,141.389300
サンドラッグ,43.024074,141.391576
ウエルシア,36.398238,140.561096
welcia,35.731503,140.169630
キリン堂,34.854715,135.638783
薬王堂,38.118594,140.860410
スーパードラッグアサヒ南大町店,40.591129,140.487708
スギ薬局,34.875622,136.558571
ドラッグ,33.761213,129.700072
サツドラ,43.046176,141.406608
サンドラッグ,35.249694,136.883695
キリン堂,34.827689,134.526271
ツルハドラッグ,43.041562,141.422747
ヤックスドラッグ,35.384566,139.946633
マツモトキヨシ,35.381113,139.936419
カワチ薬品,36.343889,139.467086
ドラッグセイムス木更津太田店,35.376568,139.945424
ヤックスドラッグ横田店,35.384296,140.024657
ドラッグセイムス,35.359595,139.944695
クリエイトSD,35.370279,139.917592
スギ薬局,34.715177,136.485803
ツルハドラッグ,39.678838,140.125549
スーパードラッグMEGA,39.673066,140.125102
ジップドラッグ 桔梗が丘店,34.644236,136.130403
白沢ドラッグ,34.914250,136.965473
スギ薬局,34.683620,136.466906
ドラッグストア マツモトキヨシ 松浦店,33.339834,129.708067
ファミリードラッグYou,33.340206,129.708957
スギ薬局,34.682717,136.483212
スーパードラッグ コスモス 二日市駅店,33.494049,130.520172
サンドラッグ,43.055695,141.420273
シンヤクドー,35.435519,133.836983
ドラッグストア ウェルネス,35.449751,133.847531
カワチ,37.931049,139.217624
ドラッグトップス豊栄店,37.919891,139.207838
サツドラ,43.001761,141.433418
マツモトキヨシ,36.566563,139.905623
ツルハドラッグ,36.360529,140.476937
スーパードラッグアサヒ,39.454565,140.497358
コスモス,31.741358,130.742502
ツルハドラッグ,42.989602,141.441433
マツモトキヨシ,36.218606,137.980307
Reap,36.395061,139.856539
Vドラッグ,35.580598,137.190293
マツモトキヨシ ビバモール鹿沼店,36.570431,139.751612
ディスカウント ドラッグコスモス,33.199577,130.035409
スーパードラッグ　アサヒ,40.807377,140.422703
ドラッグストアモリ武雄店,33.193930,130.026075
ザグザグ 東城店,34.896580,133.277171
ドラッグストアひまわり 因島店,34.295763,133.165385
ツルハ,43.814548,143.859354
サンドラッグ,43.815380,143.896931
ツルハドラッグ,43.033047,141.469285
ゴダイドラッグ,35.609846,135.081701
ドラッグトップス 村上国道店,38.208348,139.480423
ツルハドラッグ,43.042206,141.479987
ツルハドラッグ,43.049621,141.465075
ダックス 伏見肥後町店,34.935748,135.757926
サツドラ,43.048598,141.446786
ツルハドラッグ,43.801811,142.360112
ウェルパーク,35.630077,139.396800
ドラッグユタカ,35.044313,135.785260
クスリのアオキ,36.295913,139.048351
ココカラファイン,34.841425,136.560391
キリン堂,34.875109,136.529661
ツルハドラッグ希望が丘店,37.406937,140.337137
,34.537330,133.736702
ツルハドラッグ,34.202436,135.179632
スギ薬局,34.758082,135.449252
キリン堂,34.828156,135.497592
サンドラッグ,35.869983,139.607216
ドラッグセイムス,35.870136,139.605037
ツルハドラッグ,39.716690,140.149003
ダイコクドラッグ,34.761549,135.524363
ウエルシア掛川大東店,34.674469,138.044020
スーパードラッグひまわり,34.465803,133.804701
Хозяюшка,43.306641,132.073703
スギ薬局,34.787352,135.532315
ウエルシア,34.830053,135.512431
クリエイト菅田店,35.498603,139.573713
ツルハドラッグ,40.287280,140.583373
welcia,36.391383,140.435847
welcia,36.363637,140.461294
サンドラッグ,34.494363,135.556720
マツモトキヨシ厳原店,34.203368,129.288660
ウエルシアアクロスプラザ東岸和田店,34.448088,135.384751
ココカラファイン,34.808077,134.648994
ファミリードラッグ,37.902204,139.058124
ウエルシア,36.133076,139.464695
ドラッグトップス新津店,37.784711,139.115773
ドラッグトップス 本成寺店,37.621545,138.940563
クスリのアオキ 西本成寺店,37.618293,138.939620
マツモトキヨシ 三条東新保店,37.618913,138.961814
スギ薬局,34.769071,136.527508
ドラッグトップス,37.921323,139.220788
welcia,36.040302,140.219323
ツルハドラッグ,38.939395,141.142534
マツモトキヨシ,36.391501,140.401945
welcia,36.353509,140.453465
ツルハドラッグ,36.355753,140.452753
welcia,36.183179,140.306108
サンドラッグ,39.306428,140.550603
welcia,37.639733,138.955433
キリン堂大正泉尾店,34.653799,135.469186
ココカラファイン 鈴鹿住吉店,34.860456,136.540686
Промтовары,44.610976,132.801405
くすりの福太郎天王台北口店,35.872948,140.039849
スギ薬局,34.803171,136.555048
ジップドラッグ千里店,34.803843,136.552761
welcia,35.763370,139.912994
ダックス 西七条店,34.989673,135.729796
welcia,36.342562,140.503794
ウォンツ山口大内御堀店,34.165754,131.484063
welcia,36.297427,139.977873
welcia,35.974192,140.646778
welcia,36.330300,140.040128
welcia,36.248826,140.300987
welcia,36.250588,140.291840
ツルハドラッグ,36.251628,140.293784
ドラッグコスモス,34.147616,131.461644
ウエルシア,34.830434,135.521971
サツドラ,44.058302,143.528878
スギ薬局,34.951786,137.154914
ウエルシア,36.540085,140.412262
マツモトキヨシ,36.560129,140.406404
ドラッグユタカ南郷店,34.945530,135.909559
ツルハドラッグ宇都宮東峰町店,36.540519,139.918765
高木薬店,37.914386,139.219009
くすりのコダマ 豊栄店,37.922537,139.211853
ドラッグセイムス,36.224061,139.380341
スギ薬品,36.009048,139.580575
ツルハドラッグ,43.803685,143.878149
welcia,36.148134,140.014591
ウエルシア薬局,36.324496,140.326887
welcia,36.331087,140.439673
ウエルシア,36.344767,139.020151
クスリのアオキ,36.442969,136.547436
どらっぐぱぱす下落合店,35.716532,139.695378
シメノドラッグ　辰口店,36.442314,136.545882
コスモス,34.418723,132.737752
ツルハドラッグ大津石山店,34.955332,135.897470
ウエルシア薬局,35.069733,136.034120
サンドラッグ,34.951928,136.593489
サンロード伊那店,35.833385,137.949317
ツルハドラッグ,43.901369,144.659574
성공할인마트,37.462667,126.657288
サツドラ,43.808820,143.856043
クスリのアオキ,35.314622,136.688205
,34.717752,137.533546
杏林堂薬局,34.713553,137.545164
welcia,35.643717,140.107896
ツルハドラッグ,43.797328,143.861043
アメリカンドラッグ飯山駅前店,36.847276,138.360436
,40.584986,140.500156
,43.113232,131.936772
マツモトキヨシ,36.101948,139.799317
ドラッグヤマザワ,38.380574,140.278005
ツルハ,43.812968,143.883609
welcia,35.714321,140.229441
ドラッグストア セキ,36.038127,139.412109
ツルハドラッグ,43.818112,144.117849
スギ薬局,34.702531,135.732822
ひまわり調剤薬局,43.803047,143.892050
ディスカウントドラッグコスモス厚南店,33.983053,131.210096
ツルハドラッグ,43.819376,143.909527
welcia,36.204707,139.718344
ウェルシア三田天神,34.890061,135.221016
ツルハドラッグ,43.728988,142.380644
ドラッグセイムス,35.976616,139.398616
ドラッグセイムス,35.675941,139.267873
ココカラファイン,34.515722,135.800502
ウェルシア,34.677585,136.468587
welcia,36.004176,139.413265
スギ薬局,34.835524,135.528610
くすりオカ,34.233981,135.176027
ディスカウントドラッグコスモス すずかけ台店,34.900519,135.195585
ウエルシア,34.846493,138.246125
ウエルシア薬局,36.108519,140.199808
ドラッグスギヤマ,34.952255,136.583202
セイジョー,34.690658,138.094773
welcia,35.895215,139.334038
杏林堂菊川店,34.755794,138.090369
welcia,34.741403,138.085167
ドラッグトップス河渡店,37.931283,139.101106
杏林堂小笠店,34.701689,138.094436
茂木商店,37.653903,140.485162
サツドラ,43.829666,144.107653
サツドラ,43.820873,144.117371
ツルハドラッグ,39.728574,140.104037
スギドラッグ,34.712234,135.555436
岩井化粧品店,35.710194,140.226381
ドラッグストアモリ 名護東江店,26.585963,127.984649
カワチ薬品 那須烏山店,36.653486,140.159767
スギ薬局 七和店,35.076422,136.609317
ウエルシア,34.763553,135.398376
ドラッグセイムス,35.940668,139.326038
ドラッグストア セキ,35.942204,139.326781
セイジョー,35.873849,139.510487
ドラッグスギヤマ,35.341536,136.777444
スギ薬局,35.332825,136.765612
クリエイト,35.332588,139.382783
クスリのアオキ,37.886336,139.072776
スギ薬局,34.791208,135.543492
ココカラファイン,34.797607,135.553998
,34.754281,135.447916
ツルハドラッグ,38.936893,141.114307
ウェルネス,35.457375,133.084142
クリエイトSD,35.121888,138.862640
ドラッグストアコスモス,34.840378,134.710906
スギ薬局,34.838476,134.712256
ココカラファイン,34.807617,136.179756
ツルハドラッグ,41.676817,140.434477
コスモス薬局,36.333877,139.629073
スギ薬局,34.971921,136.582749
スギ薬局,34.803649,135.544560
ツルハドラッグ,43.021811,144.359657
アルカドラッグ藤原台北町店,34.834659,135.224765
ツルハドラッグ,39.016412,141.630573
キリン堂,34.777779,135.517326
ドラッグかつはら玉手店,34.811269,134.657948
ウエルシア能美寺井店,36.443685,136.495301
クスリのアオキ,36.507196,136.607723
スギ薬局,34.749753,137.361399
シメノドラッグ鶴来店,36.456038,136.618785
クスリのアオキ 米野木店,35.124857,137.064880
アメリカンドラッグ 杭瀬下店,36.530446,138.122050
クリエイトSD,35.447201,139.375939
ヘルスバンク久保一色店,35.320953,136.936168
welcia,36.285568,139.334550
セキ薬品,35.885247,139.476148
クスリのアオキ　下浜田店店,36.274982,139.364718
スギ薬局,35.062416,137.007372
スギ薬局,35.080134,136.978880
B&Dドラッグストア,35.079482,137.000463
ディスカウントドラッグコスモス,34.818773,134.659683
ドラッグスギヤマ,35.057000,137.010202
サンドラッグ,35.307376,136.931560
ウェルシア,34.660499,136.445810
ココカラファイン 文里店,33.717253,135.391903
コスモス,35.050704,137.020977
V・ドラッグ,35.052197,137.021547
ドラッグスギヤマ滝呂店,35.312353,137.142471
ドラックスギ太田小舞木店,36.282789,139.391120
カワチ薬品内ヶ島店,36.281761,139.393902
ドラッグコスモス矢原店,34.157107,131.451635
welcia,36.201124,139.814641
サツドラ,43.767433,142.364767
ウェルネス大東店,35.322189,132.962464
キリン堂,34.482234,135.731990
ウエルシア薬局,36.408075,140.532704
ウエルシア,35.970236,139.401526
ウエルシア,35.969052,139.396409
V drug　安城南店,34.936969,137.089228
ウエルシア,34.644680,138.126905
杏林堂薬局 浜岡店,34.635655,138.130645
スギ薬局,35.056596,136.994080
ツルハドラッグ,35.027205,135.948407
スギ薬局,34.746208,135.411373
薬王堂,39.336462,140.485552
ドラッグセイムス,33.188494,131.575795
ドラッグコスモス,33.188659,131.576302
ウェルパーク,35.552801,139.335810
ドラッグストアセイムス田名店,35.553854,139.334808
ウエルシア,35.551172,139.333670
ドラッグユタカ,34.903098,135.784976
ツルハドラッグ,36.326539,140.414203
サンドラッグ,35.565911,139.360519
ウェルパーク,35.531457,139.376181
マツモトキヨシ,35.554485,139.375527
ウエルシア,35.558756,139.369485
ツルハドラッグ,35.556826,139.352249
薬王堂,39.445678,140.481358
クリエイトSD,35.533652,139.459424
クリエイトSD,35.560798,139.327473
ウェルパーク,35.576607,139.337019
サンドラッグ　相模原中央店,35.571400,139.364065
シモカワ,32.776800,130.701387
クリエイトSD,35.581154,139.337267
クリエイトSD,35.547859,139.360400
ドラッグコスモス上宗方店,33.192336,131.576099
ウェルパーク,35.581019,139.362019
セイムス,35.913128,139.905937
クスリのアオキ,36.450172,136.464717
ザグザグ,34.668911,133.914594
スギ薬局,35.952445,139.868331
クリエイトSD,35.419822,139.623214
ドラッグイレブン,33.587226,130.399253
マツモトキヨシ,35.761344,139.913137
V・ドラッグ,35.083931,137.162948
ウェルシア菊川赤土,34.693563,138.093644
スギ薬局,35.027563,137.010935
ドラッグストアモリ,31.827637,130.288710
セイムス,35.790991,139.433468
ドラッグセイムス館林美園薬局,36.233734,139.535876
クスリのアオキ,35.897254,136.155953
ツルハドラッグ,43.786928,142.382131
,33.397926,130.704898
セイムス,35.701457,139.357235
コスモス,33.325906,130.909112
ドラッグストア モリ,33.324026,130.911960
コスモス,33.419138,130.669000
サンドラッグ井ヶ谷店,35.055641,137.041203
ドラッグストアモリ,33.317340,130.937190
ドラッグストア コスモス 日田店,33.337097,130.941984
,33.332567,130.939928
クスリのアオキ,36.251684,139.541485
,33.334977,130.939328
セイムス,35.565776,139.348424
ウエルシア,35.659992,139.866139
ツルハドラッグ,35.651709,139.872656
キリン堂,36.408904,136.440472
クスリのアオキ,36.399391,136.455078
マツモトキヨシ,35.158657,138.717465
サツドラ,43.790225,142.357045
コスモス,34.768429,135.393068
クリエイトSD,35.123106,138.835503
welcia,34.691906,135.816983
ツルハドラッグ,38.715210,139.830217
コスモス託麻南店,32.817522,130.777605
ロッキースーパーストア御領店,32.823026,130.768966
サンドラッグ,34.872564,135.659833
クリエイトSD,35.453305,139.342491
B&Dドラッグストア刈谷一ツ木店,35.006223,137.023097
スギ薬局,35.105799,136.898930
ゴダイドラッグ,34.752678,134.394897
ウエルシア,34.769831,138.255568
welcia,34.811416,138.274905
スギ薬局,34.645766,135.549043
セイジョー,36.311285,139.548654
ディスカウントドラッグ コスモス 我孫子店,34.489546,135.417035
ドラッグセイムス 北楠店,34.918553,136.628166
,35.638465,139.491856
ウェルパーク,35.647299,139.876206
welcia,35.994526,139.663564
コスモス,35.047185,133.752217
ドラッグストアモリ筑紫野店,33.458271,130.544626
ザグザグ,34.816009,134.470854
Fit Care DEPOT,35.523841,139.652529
クスリのアオキ 河原田店,34.914808,136.598024
ツルハドラッグ,43.460450,142.477513
ゴダイドラッグ 網野店,35.678318,135.025102
B＆Dドラックストア,35.163886,136.964557
ツルハドラッグ,43.344655,142.378926
クリエイトSD,35.081020,138.945014
薬王堂,38.771645,139.909768
ツルハドラッグ,38.760253,139.899239
ツルハドラッグ 七飯店,41.895367,140.691321
田村ドラッグ,40.214347,141.300385
welcia,35.672822,138.570473
ツルハドラッグ,43.007885,144.382279
ツルハドラッグ,43.011538,144.407492
サツドラ,43.016726,144.410544
,33.314933,130.938601
杏林堂薬局 高丘東店,34.759365,137.715164
ツルハドラッグ,43.019756,144.379727
ドラッグストアモリ青葉店,31.920591,131.433594
ツルハドラッグ,43.021279,144.405956
ドラッグストアモリ,26.309183,127.762529
ウェルシア浜松三方原店,34.776158,137.718584
Welcia,34.673098,135.825397
マツモトキヨシ,36.230946,139.739395
ウェルシア,36.298231,139.406885
welcia,35.012753,135.741104
ツルハドラッグ,42.966283,144.425789
マツモトキヨシ,36.210210,139.707810
キリン堂,34.798874,135.525266
杏林堂薬局 聖隷住吉病院前店,34.730603,137.724124
ウエルシア洲本宇原店,34.332358,134.869118
ツルハドラッグ,42.989022,144.420359
ツルハドラッグ,42.989505,144.410524
ライオン堂キ・レ・イ,36.315726,139.579079
ひまわり薬局小山店,36.307878,139.798033
ひまわり薬局,36.229025,139.729016
ドラッグファインII,36.237814,139.547628
クスリのアオキ,34.978627,137.139203
シメノドラッグ婦中店,36.660408,137.167190
ドラッグセイムス,35.831980,139.543876
ツルハドラッグ,43.016683,144.331189
サツドラ釧路昭和中央店,43.016615,144.369109
サンドラッグ,35.815118,139.713526
ツルハドラッグ,43.015317,144.346738
コスモス薬局,34.772887,137.721208
ツルハドラッグ,43.025601,144.351370
杏林堂薬局　新津店,34.721487,137.742129
サツドラ,43.015378,144.319936
クリエイトSD,34.775875,137.742340
ウエルシア魚津住吉店,36.804668,137.406299
V・ドラッグ,36.213198,137.208627
杏林堂薬局 和合店,34.739432,137.703797
,36.683637,137.268654
,36.682619,137.264017
サンドラッグ,36.321116,139.176516
ドラッグイレブン,26.273077,127.729585
クスリのアオキ穴水店,37.230236,136.910409
クスリのアオキ,37.943028,139.105728
クスリのアオキ空港通り店,37.945396,139.091162
ウエルシア薬局,36.343961,140.588129
ドラッグストア　コスモス,33.758985,130.979582
クリエイトSD,35.148178,139.628796
,28.386579,129.493899
クリエイトSD,35.745397,139.549727
マツモトキヨシ,35.742834,139.551765
ツルハドラッグ,38.553536,139.551667
ドラッグセイムス,33.568880,130.377942
クスリのアオキ,36.028386,139.718079
ドラッグユタカ綾部店,35.303813,135.231176
,28.365151,129.499729
ケアーズ ドラッグ 奈佐原店,34.861256,135.585044
キリン堂,35.106772,136.200013
キリン堂東浜店,35.114345,136.200705
ウエルシア薬局,36.318692,140.570316
スーパードラッグアサヒ 下田店,40.599372,141.421904
ドラッグストア ザグザグ 古市店,34.456134,132.470221
ツルハドラッグ,39.295357,141.134885
Vdrug 新守山店,35.203494,136.950213
ツルハドラッグ水海道宝町店,36.021216,139.990455
サツドラ 帯広西15条店,42.930751,143.177173
,36.625797,136.944228
,36.626561,136.954074
,36.678619,136.975873
V･drug戸出店,36.685177,136.972386
ウエルシア湖西新所原店,34.720333,137.482918
ウエルシア 富山婦中店,36.659375,137.162436
マツモトキヨシ,36.346398,140.581597
ハックドラッグ,35.342127,139.453952
ディスカウント ドラッグ コスモス,34.070323,134.350845
コスモス,34.082462,134.385835
スギ薬局,34.649135,135.563326
,36.832774,136.992301
,36.862912,136.976228
スギ薬局 総持寺店,34.827070,135.583856
ダイコクドラッグ,34.661490,135.639002
welcia,34.431104,135.569860
ジップドラッグ内原店,34.170414,135.197196
welcia,35.857745,139.507126
キリン堂 茨木総持寺店,34.825223,135.584522
クリエイトSD,35.306498,139.276745
ジップドラッグ有爾中店,34.523382,136.623985
ツルハドラッグ,43.202940,141.760039
ツルハドラッグ,43.203457,141.762948
コスモス,31.739709,130.759897
ハッピードラッグ,41.406121,141.166373
ドラッグストアモリ,33.949114,131.265965
ディスカウントドラッグコスモス,33.944580,131.261463
ディスカウントドラッグコスモス,33.949750,131.260312
ドラッグ新生堂　永犬丸店,33.842877,130.733268
,34.022916,130.915740
ドラッグユタカ,35.030284,135.746555
マツモトキヨシさいたま櫛引店,35.909660,139.609914
ディスカウントドラッグコスモス,34.381124,131.198748
ディスカウントドラッグコスモス,32.933219,132.716066
welcia,36.099734,140.416009
ゴダイドラッグ 西舞鶴店,35.434681,135.333498
ドラッグセイムス,34.517469,136.634253
コスモス斐川店,35.393629,132.841117
ドラッグセイムス,32.929806,132.707296
ドラッグセイムス美唄駅東店,43.331266,141.863562
ツルハドラッグ美唄店,43.335565,141.868918
ツルハドラッグ,42.637777,141.602132
サツドラ美唄店,43.331002,141.859404
ドラッグセイムス鶴岡櫛引店,38.678029,139.837041
ディスカウントドラッグコスモス穂波店,33.611206,130.670737
サンドラッグ穂波店,33.620359,130.670705
スギ薬局,34.840430,138.181003
ウエルシア,34.836056,138.201258
ウェルシア 城陽寺田店,34.856052,135.778269
コスモス,34.856202,135.777208
スーパードラッグひまわり,34.755801,134.016221
ツルハドラッグ,39.695627,140.978048
ツルハドラッグ 上山東店,38.150725,140.290642
ドラッグストアモリ,33.274311,130.311967
,35.869616,139.506703
ハッピー・ドラッグ 類家店,40.501639,141.509518
ドラッグストアセキ大成店,35.915735,139.615669
ドラッグイレブン,26.196875,127.718290
ドラッグイレブン,26.191748,127.714712
杏林堂,34.702149,137.683461
薬王堂,40.517178,141.428131
ドラッグストア コスモス,34.955103,136.595401
ココカラファイン,34.486913,135.424528
ツルハドラッグ,42.966836,143.205783
キリン堂,34.763839,135.507905
ツルハドラッグ,42.651579,141.605730
ハッピードラッグ おいらせ店,40.602544,141.437251
マツモトキヨシ,35.976508,137.989308
ウエルシア,35.894682,139.473070
杏林堂薬局 浜松医科大学附属病院前店,34.770952,137.745475
薬王堂,40.502006,141.515280
ウェルネス,35.450477,133.083784
ツルハドラッグ,39.882809,139.982720
ウエルシア薬局,36.230993,140.210927
クリエイトSD,35.590903,139.622834
サンドラッグ,33.188616,131.592944
ドラッグセイムス,35.678795,139.283419
ドラッグストアモリ 星ヶ丘店,33.774528,130.750697
薬王堂　十和田東店,40.620725,141.226126
スーパーシティアサヒ 十和田店,40.598972,141.225062
クリエイトSD,35.322010,139.465327
スギ薬局,35.760117,139.475473
ドラッグコスモス,33.708544,130.450009
ヴァインドラッグ,26.230370,127.706604
クスリのアオキ,35.304173,136.749650
サンドラッグ,35.672095,139.297409
ハッピードラッグ,40.505238,141.508418
スーパードラッグ アサヒ 類家店,40.504564,141.507340
ドラッグトップス,37.946662,139.096388
ハッピードラッグ,40.522396,141.309104
薬王堂,40.523439,141.306070
スギ薬局,35.105292,136.196294
ドラッグストアアカカベ　交野店,34.788828,135.676811
welcia,36.112227,140.113153
ツルハドラッグ,44.177115,142.398165
マツモトキヨシ,35.865622,140.067271
welcia,35.760485,139.472531
薬王堂,40.478194,141.455352
welcia,36.726869,137.084359
クスリのアオキ,36.940300,137.514475
サツドラ,42.927029,143.423864
キリン堂,34.386706,135.810797
ドラッグストア セキ笠幡店,35.908079,139.413842
セイジョー,35.839257,139.681870
トモズ,35.335952,139.447384
ツルハドラッグ,40.488321,141.509103
ウエルシア薬局,34.328358,134.836757
ディスカウントドラッグコスモス 小松原店,33.961999,131.240114
スーパードラッグアサヒ,40.508182,141.531952
ハッピードラッグ,40.509266,141.533047
ツルハドラッグ 木野店,42.949955,143.204067
クスリのアオキ 四日市山城店,35.035140,136.585382
スーパードラッグアサヒ,40.295231,141.303787
サンドラッグ 四日市野田店,34.984091,136.607133
クスリ岩崎チェーン,34.408588,131.393326
サンドラッグ,42.643725,141.595592
コスモス高岡店,35.384654,132.748803
ヤックスドラッグ,35.603402,140.411767
サンドラッグ,35.784991,139.865703
ツルハドラッグ,38.440390,141.262554
ウォンツ,33.957153,131.258671
ドラッグユタカ八日市店,35.104574,136.196358
ファミリードラッグ,36.746569,138.359899
ドラッグユタカ黒野店,35.457944,136.730266
クリエイトSD,35.376241,139.226115
ドラッグトップス,37.155723,138.260152
ウェルネス,35.435824,133.049534
スギドラッグ,35.359464,136.469069
ゲンキー,34.794756,137.067528
クスリのアオキ,36.301402,136.359449
ジップドラッグ白沢瑞浪店(ココカラファイン),35.355539,137.247585
コスモス調剤薬局,35.273782,137.025004
ドラッグストアモリ,38.441998,141.307486
V・ドラッグ,35.274424,137.024547
ユタカ,35.276212,137.025313
ザグザグ,34.785781,133.929776
ドラッグユタカ,35.440492,135.333882
ウエルシア薬局,36.386415,138.999642
ドラッグイレブン,26.204845,127.680838
スギ薬局,35.055277,136.917005
ドラッグストアモリ,31.388033,130.879468
ディスカウントドラッグ コスモス 新都田店,34.816851,137.738918
セイジョー,35.940631,139.428600
ウェルネス,35.444887,133.077312
サツドラ,43.216836,141.515614
ディスカウントドラッグコスモス 川副店,33.211144,130.315746
ウェルネス,35.435405,133.084687
スギ薬局,34.949760,136.604959
ハッピー・ドラッグ,40.677531,141.365374
ドラック セイムス,34.516499,133.648853
KIKUYA,35.058748,134.003508
ウエルシア,34.735792,135.429460
ドラッグストアモリ,33.210959,131.598824
ツルハドラッグ,34.757622,135.384058
サンドラッグ,36.917623,140.803454
ドラッグストアコスモス,34.013345,134.569391
ゲンキー 折立,35.457515,136.735595
welcia,35.936134,139.423991
ドラッグストアモリ,33.592371,130.493338
ドラッグコスモス,33.588682,130.498042
ドラッグエース 小谷田店,35.828374,139.369336
サンドラッグ牛久南店,35.974250,140.150292
ザグザグ玉島店,34.546781,133.670660
ドラッグセイムス,34.994161,136.628295
スギ薬局 別名店,34.993808,136.627516
ドラッグオノ,34.521623,133.657591
マツモトキヨシ,31.828920,130.308008
ドラッグイレブン,31.825633,130.299347
ウエルシア,34.697686,137.636295
セイムス薬局,34.694362,137.644897
ツルハドラッグ,39.712159,140.141188
クスリのアオキ,35.469237,136.703837
ひまわり薬局,35.074632,136.908902
ドラッグユタカ,35.109646,136.826795
server,34.740617,135.408551
ディスカウント ドラッグコスモス薊野店,33.577936,133.549940
ウェルネス,35.485847,133.070897
コスモス,36.297872,136.358927
ドラッグストアコスモス 門司西海岸店,33.938877,130.950197
コスモス,34.696570,137.636392
welcia,35.337334,139.888898
サンキュードラッグ 上田中町薬局,33.962221,130.940440
ドラッグコスモス  乙金店,33.546562,130.495745
ジップドラッグ,34.979410,136.603570
スギ薬局 末永店,34.977556,136.619949
クリエイトSD,34.697197,137.641539
マツモトキヨシ,37.233263,136.908257
welcia,36.052648,139.278956
ハッピードラッグ 階上店,40.452479,141.618051
コスモス,34.236811,133.794560
スギ薬局,34.670301,135.103606
クリエイトSD,35.337717,139.442736
スギ薬局,34.800656,137.387798
ドラッグストアmac,33.962719,133.274900
クスリのアオキ,37.386567,136.901996
コスモス,34.698037,137.660023
スギ薬局,35.008746,135.743029
ゲンキー,35.443635,136.705140
V・ドラッグ,35.453429,136.749663
ドラッグユタカ,35.445550,136.694069
アルカ,34.670138,135.104356
ウエルシア薬局,35.451747,136.754586
スギ薬局,35.446880,136.752971
クスリのアオキ,35.447371,136.756373
ドラッグユタカ,35.440936,136.743728
杏林堂,34.834947,138.157270
ゲンキー,35.480976,136.673972
コスモス調剤薬局,35.186913,136.893707
ウエルシア 四日市波木店,34.939803,136.571079
ドラッグスギヤマ 久保田店,34.973328,136.606865
スギ薬局 久保田店,34.973539,136.609019
ウエルシア 四日市ときわ店,34.963676,136.598703
ウェルシア,35.835346,139.696960
スギドラッグ,35.845855,139.673368
杏林堂,34.846178,138.311962
スギ薬局,34.876641,136.574065
ドラッグユタカ,35.004572,135.947457
ドラッグコスモス 北日吉店,34.060417,132.983321
ドラッグスギヤマ,35.454469,136.765008
Ｖドラッグ,35.459156,136.771280
どらっぐすぎやま,35.454618,136.775143
スギ薬局,35.457779,136.774109
ハックドラッグ,35.366435,139.447766
ドラッグトップス,37.944812,139.300113
クスリのアオキ,37.944181,139.307995
カワチ新発田店,37.959843,139.307096
ココカラファイン,35.617232,135.076774
ゲンキー,35.482688,136.776851
スギ薬局,34.772269,135.384392
ザグザグ 高崎店,34.536026,133.895228
ドラッグセイムス,34.586699,133.755395
スギ薬局,34.830812,137.354129
マツモトキヨシ,36.630415,138.161776
welcia,34.880561,138.308193
キリン堂,34.809834,135.348293
ドラッグイレブン,31.625188,130.401988
マツモトキヨシ,36.252635,139.082089
ウェルパーク,35.778590,139.498895
ツルハドラッグ,35.338881,139.451393
ココカラファイン,35.439830,133.051026
ダックス　伏見丹波橋店,34.939191,135.761220
ディスカウントドラッグコスモス茶屋町店,34.580919,133.826856
マツモトキヨシ,36.396005,140.542565
ツルハドラッグ,43.016989,144.392168
ゲンキー,35.449133,136.783602
サツドラ,43.013014,142.880140
ツルハドラッグ,39.313217,140.563562
マツモトキヨシまきみなと店,26.266351,127.728639
welcia,35.152292,140.319423
ドラッグユタカ,35.185294,136.886759
スーパードラッグひまわり,34.587357,133.759136
薬王堂 二戸店,40.270215,141.297152
Ｖ・ｄｒｕｇ中部薬品長良薬局,35.448177,136.786742
ハッピードラッグ,40.523288,140.567333
マツモトキヨシ,36.604348,138.172628
Ｖ・ｄｒｕg,35.362881,137.231292
セイムス,35.787103,139.857958
ウェルパーク,35.786454,139.856892
ココカラファイン,35.679606,139.687213
ドラッグ新生堂,33.545214,130.407799
ゲンキー,35.440914,136.684623
V・ドラッグ,35.193779,136.903783
コスモス,35.447075,139.345432
スーパードラッグひまわり,34.559538,133.678872
ツルハドラッグ,36.402177,140.431048
ツルハドラッグ,36.373600,140.354237
ツルハドラッグ,36.375357,140.437127
ツルハドラッグ,36.341778,140.467992
ココカラファイン,34.645308,135.590230
ジャパン東大阪友井店,34.645336,135.590606
サツドラ,42.341007,142.361989
スギ薬局,34.582478,135.498642
ウエルシア南柏店,35.848138,139.959855
コスモス,31.420488,130.329330
ファミリードラッグ,36.321952,138.508846
ゴダイドラッグ,35.632243,134.627953
スーパードラッグひまわり,34.489919,133.946757
ウエルシア薬局,36.263192,139.467789
セイジョー,35.673023,139.329083
ツルハドラッグ,41.796055,140.780884
サツドラ,41.792795,140.781389
ドラッグセガミ,33.544073,130.409624
ヤックスドラッグ,35.636654,140.453114
ザグザグ,34.490597,133.943914
ドラッグイレブン,31.526129,130.505411
welcia,36.032025,139.417899
ツルハドラッグ,34.602678,135.501669
ドラッグイレブン,33.532125,130.425294
ドラッグスギヤマ,35.187138,136.891929
サッポロドラッグ,43.191002,140.990056
クスリのアオキ,36.670212,138.204505
マツモトキヨシ,35.277952,136.920310
キリン堂,34.855777,135.606433
マルエドラッグ前橋朝日町店,36.389856,139.082813
ココカラファイン,34.521675,135.807907
ドラッグセイムス,34.468827,133.810355
ディスカウントドラッグ コスモス,34.008347,131.176965
サンキュードラッグ,33.985003,130.945230
ドラッグセイムス,36.004711,139.272041
ドラッグユタカ,34.979829,135.693275
ゲンキー 池田店,35.449037,136.571525
ファミリードラッグ,36.573892,138.154136
新生堂薬局,33.531590,130.432051
ゲンキー,36.359617,136.429542
クスリのアオキ,36.362594,136.430654
ツルハドラッグ,42.355566,141.019789
くすりのサンドラッグ,34.528741,133.894999
クリエイトSD,35.656426,139.386241
クスリのアオキ,36.304249,139.125376
くすりの福太郎,35.674131,139.859227
キリン堂,36.517430,136.615989
ウェルシア野々市市横宮店,36.533706,136.615114
クスリのアオキ 三馬店,36.529709,136.635223
クスリのアオキ 布市店,36.523600,136.571656
ドラッグストアモリ,33.535967,130.400575
クスリのアオキ 押越店,36.537328,136.611745
ウエルシア薬局,34.529991,135.503107
ツルハドラッグ,36.578058,140.648030
クリエイトSD,35.362170,139.228066
ドラッグストアゆたか,36.549162,138.632572
ココカラファイン,35.204731,136.902667
クスリのアオキ,36.398685,136.480665
ザグザグ,34.637230,133.711652
コスモス,31.634711,130.394176
サンドラッグ,36.583291,140.642740
ケアーズドラッグ,34.789163,135.524059
ザグザグ,34.585777,133.721702
コスモス,34.710133,135.773404
スーパードラッグひまわり,34.590286,133.726656
ユタカ薬局 金町店,35.769036,139.874508
ドラッグストアー・ライフ,34.501724,133.950821
キリン堂,34.758317,134.832028
ココカラファイン,34.269301,135.360069
スギ薬局,36.401508,136.458031
クスリのアオキ,36.401528,136.476133
ゲンキー南濃店,35.172684,136.627707
イオンドラッグ泡瀬店,26.323065,127.827820
ウォンツ,34.246557,132.565228
クリエイトSD,35.456730,139.327012
ザグザグ,34.564653,133.806409
ドラッグストアセキ,36.006045,139.405675
ツルハドラッグ,40.575837,140.493227
ウエルシア 東近江八日市店,35.107911,136.187445
クスリのアオキ,36.638183,138.182960
アメリカンドラッグ,36.629177,138.173698
アメリカンドラッグ,36.636406,138.212427
クスリのアオキ,36.643150,138.221822
アメリカンドラッグ コスメII,36.642185,138.202041
ドラッグイレブン,31.422587,130.320590
ウォンツ,34.332305,132.564111
ツルハドラッグ,41.825404,140.741155
クスリのアオキ,36.647323,138.225746
,33.220409,130.242911
セイムス,36.276892,139.307533
クスリのアオキ,36.276819,139.306566
ココカラファイン 下関生野店,33.985086,130.933496
ドラッグストア モリ,34.179820,134.608402
杏林堂,34.683525,137.621125
コスモス,33.623165,130.429035
杏林堂,34.715644,137.702766
くすりのレデイ れんげ店,33.384235,132.501837
くすりのレデイ,33.358350,132.523597
クリエイトSD,34.683352,137.711186
杏林堂,34.693753,137.678306
杏林堂,34.705576,137.707846
ゴダイドラッグ市川店,34.985320,134.764118
スギ薬局 桜井店,34.918647,137.090685
クスリのアオキ,35.285539,136.782915
ザグザグ,34.575153,133.769876
ファーマシーコスギ,34.704365,137.697470
ディスカウント　ドラッグ　コスモス　曽師店,31.908491,131.442945
ザグザグ,34.549057,133.738879
ウエルシア深谷東大沼店,36.200598,139.281004
ハッピー調剤薬局,33.642987,130.691925
ドラッグストア ウェルネス 片原店,35.505036,134.228334
ココカラファイン,34.769675,135.477009
サンドラッグ貝塚王子店,34.425227,135.350374
ウエルシア,35.999865,139.557971
welcia,36.539388,140.623583
ウエルシア,35.300303,138.938108
クリエイトSD,35.460966,139.518218
,35.000201,135.712909
ウエルシア,36.632280,138.270739
クスリのアオキ　立山店,36.666318,137.298807
ウエルシア川根店,34.941591,138.085475
スギ薬局,35.110228,136.206182
ドラッグセイムス,33.292291,134.152871
薬王堂　岩泉店,39.847674,141.802541
ハッピー調剤薬局あつま店,42.724875,141.879130
welcia,34.504321,136.762883
ヤックスドラッグ我孫子調剤室,35.864995,140.093793
クリエイトSD,35.452327,139.365359
コスモス,31.525661,130.508912
ツルハドラッグ 芦屋浜シーサイド店,34.718556,135.318655
ココカラファイン 宮内店,37.424071,138.848819
ザグザグ 大野原店,34.092844,133.656090
ドラッグトップス 千歳店,37.434717,138.847108
クスリのアオキ 千歳店,37.436326,138.846525
ココカラファイン長岡花園店,37.430215,138.861122
コスモス,34.778890,133.592423
サンドラッグ,36.198620,139.130054
welcia,36.199051,139.133345
ドラッグユタカ八日市御園店,35.088273,136.248740
ウェルパーク,35.670755,139.260839
クリエイトSD,35.521115,139.706881
クリエイトSD,35.516913,139.711081
マツモトキヨシ,33.123718,129.795470
ザグザグ 観音寺店,34.122452,133.656425
レデイ薬局 観音寺店,34.127922,133.671062
ディスカウントドラッグ コスモス 坂本町店,34.124018,133.662547
赤いひまわり薬局,42.877243,141.811709
岸田薬品,42.764889,141.817032
サンドラッグ,36.547899,140.642125
マルエドラッグ 伊勢崎富塚店,36.276593,139.189238
ツルハドラッグ,42.676506,141.690365
スギ薬局,34.778065,134.830682
クリエイトSD,35.337885,139.476071
ドラッグストアmac 観音寺中央店,34.129729,133.662677
ダックス,35.018818,135.710776
ツルハドラッグ,42.669058,141.694512
ツルハドラッグ,36.598723,140.646109
マツモトキヨシ,36.329640,139.199469
ひまわり調剤薬局 大野原,34.089516,133.664724
welcia,36.334073,139.152298
ツルハドラッグ,40.600961,140.479428
welcia,35.992017,139.093967
welcia,34.422709,135.346097
クスリのアオキ,36.660853,138.243797
ザグザグ,34.664469,133.899702
セイムス半田中町店,34.891046,136.928750
ココカラファイン 茨木春日店,34.820072,135.565185
ウエルシア安城桜井町店,34.917810,137.085339
スギ薬局,34.757714,135.507366
ディスカウントドラッグ コスモス 観音寺店,34.119876,133.650339
ドラッグコスモス喜田村店,34.048146,133.018907
スギ薬局 桜井南店,34.913488,137.083869
ツルハドラッグ,37.195638,140.332417
マツモトキヨシ,37.154640,140.445326
サンドラッグ,37.309802,140.363635
カワチ薬品,37.037112,140.892308
welcia,36.422025,140.515618
セイムス,33.569477,133.561677
ツルハドラッグ,38.770522,141.121065
ファミリードラッグたけみつ,34.910544,137.090106
ツルハドラッグ,36.841967,140.781863
ディスカウントドラッグコスモス　江陽小学校前店,33.567089,133.550698
ツルハドラッグ,36.908364,140.771934
マツモトキヨシ,35.319339,139.924632
ドラッグユタカ,35.018446,136.238334
キリン堂,35.019374,136.239169
サンドラッグ,34.255039,135.153773
ドラックセイムス,35.808292,139.688239
ディスカウントドラッグコスモス長嶺店,32.809723,130.761902
ディスカウントドラッグコスモス長嶺南店,32.807930,130.770994
welcia,35.317638,139.924197
ドラッグセイムス,35.381959,139.364481
ドラッグセイムス　津南店,37.025240,138.663521
クスリのアオキ,36.722313,136.707683
スギ薬局 多度店,35.132756,136.647568
薬王堂,38.113628,140.039337
ツルハドラッグ 長井店,38.093685,140.036387
ゲンキー,35.514636,136.860853
マツモトキヨシ,35.520233,136.857702
ツルハドラッグ 白鷹店,38.183403,140.106145
ドラッグユタカ 甲良店,35.206642,136.261213
ウエルシア,36.623360,140.670750
ツルハドラッグ,38.249228,140.915302
ツルハドラッグ,40.674310,141.372593
ツルハドラッグ,40.688439,141.388840
ハッピー・ドラッグ,40.686972,141.378474
ゴダイドラッグ,35.468282,134.766624
welcia,34.907507,135.187853
ドラッグエース 松山町店,36.044642,139.390899
クリエイトSD,35.331520,139.848907
ひまわり薬局近江八幡店,35.124029,136.109613
ドラッグスギヤマ　形原店,34.803233,137.183161
コスモス,31.730939,130.633566
スギ薬局,34.644907,135.527900
スギドラッグ,35.224273,136.633305
クリエイトSD,35.331378,139.917916
ウェルパーク,35.675551,139.903368
ココカラファイン,34.746982,135.344070
キリン堂,34.664923,135.453380
コスモス,31.738963,130.650664
アメリカンドラッグ,36.320150,138.505752
ドラッグストアMORI,31.745105,130.669131
ツルハドラッグ,40.802095,140.461265
ドラッグイレブン,31.712440,130.602620
ツルハドラッグ　愛知川店,35.166744,136.212819
薬王堂,40.800951,140.420498
スギ薬局,34.719924,135.278159
クスリのアオキ東沖野店,35.096967,136.215638
スーパードラッグひまわり 豊浜店,34.084242,133.640604
ココカラファイン 池田旭丘店,34.818545,135.444593
ココカラファイン大野店,37.846655,139.018325
レデイ薬局 山本店,34.120412,133.722066
welcia,35.257354,139.166156
ドラッグイレブン,26.193798,127.661475
Fit Care DEPOT,35.546290,139.566335
クスリのアオキ,36.608285,138.166476
ウェルシア 神戸魚崎北町店,34.719197,135.276220
ウエルシア薬局,39.705726,141.133865
スギ薬局,36.251323,139.540178
ウェルシア,37.951118,139.332531
ファミリードラッグ,37.950083,139.332848
ココカラファイン,37.951614,139.306117
クスリのアオキ,37.950718,139.299404
マツモトキヨシ,37.948851,139.296605
ウエルシア,38.225793,139.494833
DrugTops,38.225246,139.470244
快生堂,34.127390,133.654820
ウォンツ,34.865737,132.026728
マツモトキヨシ,35.655647,139.288348
welcia,34.899811,132.082396
ドラッグストアモリ,31.720140,130.608206
コスモス,31.720992,130.609471
クスリのアオキ,33.971754,133.296323
ウエルシア,34.762599,135.390526
コスモス,32.661769,130.308079
ドラッグ新生堂 有家店,32.663589,130.313610
南濃ドラッグ,35.159302,136.633558
ドラッグセイムス,35.908476,139.373158
ドラッグストアセキ,35.907638,139.372960
マルエドラッグ前橋朝倉店,36.367623,139.094796
スギ薬局,34.474945,135.407772
ドラッグセイムス,35.901367,139.342881
ドラッグファイン,36.245956,139.531871
クスリのアオキ,36.338081,139.153045
ディスカウントドラッグコスモス向島店,34.393708,133.191376
ザグザグ,34.396649,133.198215
ウォンツ 向島店,34.394216,133.194045
Shoppers Drug Mart;ドラッグユタカ,34.921941,135.774258
スギ薬局,35.091944,137.001407
ゴダイドラッグ 田寺東店,34.858674,134.672222
ドラッグコスモス,35.295714,135.122622
ドラッグユタカ 福知山厚中店,35.306415,135.112375
コスモス薬局,34.395563,133.200368
薬クリエイトSD 伊勢原愛甲石田店５４４号店,35.418073,139.336911
ツルハドラッグ,36.921065,140.781250
薬王堂,40.604433,140.512572
ツルハドラッグ,39.293112,141.112058
サンドラッグ 九工大前店,33.651585,130.672820
ひまわり,34.402477,133.184235
welcia,34.722863,135.396790
ドラッグミカワ 観音寺店,34.129792,133.691808
クリエイトSD,35.162329,136.983873
형제약국,37.225104,126.984238
ドラッグユタカ桶狭間店,35.049449,136.971569
クスリのアオキ,36.254291,139.072152
クスリのアオキ,35.375403,136.791520
welcia,36.135211,139.437515
ウエルシア,36.036009,139.448458
クリエイトSD,35.687146,139.359834
サンドラッグ,35.297422,135.161935
クスリのアオキ　矢板店,36.807767,139.922127
クスリのアオキ　木幡店,36.793872,139.933284
クスリのアオキ,36.257508,138.895948
DRUGユタカ,35.297146,135.158974
welcia,35.699567,140.094643
マツモトキヨシ,33.623762,130.438122
薬王堂,38.828828,141.187390
マツモトキヨシ,34.764316,138.087041
ドラッグストア　ウェルネス西郷店,36.203887,133.333491
サッポロドラッグストア若松店,43.183270,141.008794
アメリカンドラッグ,37.041680,137.847236
くすりのハッピー 桂川店,33.589172,130.672378
ドラッグユタカ,35.076357,136.028119
キリン堂,34.765164,135.396319
ツルハドラッグ,37.810310,140.925496
ドラッグストアモリ,26.233797,127.722122
ドラッグイレブン,26.234378,127.720311
キリン堂,34.655471,135.588554
マツモトキヨシ,35.940871,139.882740
ツルハドラッグ,40.507634,141.543701
くすりのレデイ,33.969505,133.282945
ウェルシア半田東洋町店,34.890489,136.940919
スギ薬局,34.896250,136.913581
セイジョー,35.848352,139.434769
ひまわり薬局,34.589125,133.801034
ドラッグイレブン,26.272011,127.772060
ウエルシア,36.911426,140.777242
welcia,36.194387,139.733352
ウェルパーク,35.767654,139.565587
welcia,38.010657,138.343169
マツモトキヨシ,38.012644,138.351407
ココカラファイン,38.004391,138.322026
ひまわり,34.420211,133.186633
薬王堂,38.924256,139.852151
コスモス東元町店,33.226816,131.617946
コクミン,35.544927,139.769562
スギ薬局,34.887630,136.925792
クスリのアオキ,36.951279,140.904206
サンドラッグ,34.892298,136.910664
ドラッグコスモス武蔵ケ丘店,32.851385,130.771485
ツルハドラッグ,40.596417,140.498599
ツルハドラッグ,40.602593,140.506392
サンドラッグ,34.906766,136.931227
ひまわり薬局,34.952445,136.156223
マツモトキヨシ,35.291412,138.938777
ウエルシア,38.080632,138.419118
マツモトキヨシ,31.654126,130.567970
ウエルシア宇都宮戸祭元町店,36.569634,139.879621
welcia,35.697565,140.083569
ドラッグセイムス,35.784028,139.608324
ココカラファイン,35.800191,139.591172
ウェルネス益田高津店,34.689870,131.822154
welcia,35.800748,139.603102
ひまわり薬局,35.380144,139.921822
welcia,35.796804,139.605050
ザグザグ,34.778104,133.588028
コスモス,34.964032,133.468994
ドラッグユタカ,34.999726,135.877650
ツルハドラッグ久慈荒町店,40.192259,141.757949
ツルハドラッグ宇都宮簗瀬店,36.553632,139.891308
コスモス益田高津店,34.689530,131.819827
薬王堂久慈西の沢店,40.190347,141.754900
クリエイトSD,35.407477,139.500460
ドラッグセイムス,33.479301,135.786179
ウエルシア薬局,36.300024,139.457469
ゲンキー,35.315543,136.287183
キリン堂,34.756271,135.392631
クスリのアオキ,35.477305,136.938269
ドラッグストアセキ中浦和店,35.858126,139.630300
スギ薬局,35.139943,136.085286
ドラッグストア セイムス 高州店,35.789870,139.877614
ドラッグイレブン,32.646285,130.676725
ウォンツ,34.449403,133.197165
薬王堂,39.292223,141.129772
ザグザグ,34.664249,133.905193
welcia,34.844687,138.308360
マツモトキヨシ,35.822731,139.968107
コスモス,33.679136,135.346530
クスリのアオキ,37.484980,139.915812
スギ薬局,35.474279,139.432232
ひまわり薬局,34.643950,135.539619
よどやドラッグ南万々店,33.566313,133.519383
ツルハドラッグ,39.053593,141.132660
ウエルシア,36.791923,140.739551
ツルハドラッグ,40.828807,140.753778
ドラッグストアモリ 宇土店,32.691185,130.672539
ハッピードラッグ 城東店,40.602029,140.509112
ウエルシア,36.708250,140.708599
クリエイトSD,35.544312,139.661435
クスリのアオキ,36.227306,139.725403
クスリのアオキ丸林店,36.226423,139.735144
V・ドラッグ,35.346561,137.107333
薬王堂 一関青葉店,38.930267,141.126923
ツルハドラッグ,40.830383,140.769265
ディスカウント ドラッグコスモス,34.652729,135.444816
V・ドラッグ,35.341732,137.115411
ヤックスドラッグ,35.300297,139.859184
welcia,35.300461,139.857468
welcia,35.919637,139.501646
セイムス,35.898013,139.907214
ウェルシア流山美原店,35.901324,139.902447
マツモトキヨシ,36.228777,139.729610
ドラッグセイムス,35.557699,139.628878
ハッピー・ドラッグ,40.817610,140.786094
メガ,40.817673,140.791835
クリエイトSD,35.558189,139.632475
ドラッグスギヤマ,35.039255,137.131152
スギ薬局,35.032043,137.113021
,35.048301,137.146728
キリン堂,35.127180,136.094239
マツモトキヨシ,37.973129,138.356527
キリン堂,34.795464,135.570522
B&D,35.047401,137.142236
スギ薬局,35.055336,137.144242
アメリカンドラッグ,36.364905,138.203191
welcia,36.123310,139.438470
ドラッグセイムス,36.384603,139.001034
ツルハドラッグ 米沢門東店,37.909933,140.110773
キリン堂,34.625013,136.101981
マツモトキヨシ,33.553540,130.329919
,34.540210,133.752358
サンドラッグ,33.542041,130.330315
セガミ,33.532427,130.339484
ドラッグ大賀,33.536610,130.342823
ウエルシア 和泉和気店,34.478807,135.421665
ウエルシア薬局,34.430054,135.366072
ドラッグイレブン,33.559310,130.310862
マツモトキヨシ,35.780501,139.859644
マツモトキヨシ,31.922198,131.411392
マツモトキヨシ,31.950509,131.430862
ディスカウントドラッグコスモス,33.559914,130.330126
,35.766137,139.812440
ディスカウントドラッグコスモス 堀池店,33.626393,130.683782
コスモス,33.575743,130.308347
ドラッグ新生堂,33.577197,130.322665
,34.541947,133.733456
GENKY,35.222457,136.649520
コスモス,33.569017,130.344249
ドラッグユタカ,34.934846,135.701964
welcia,36.099487,140.076331
ディスカウントドラッグコスモス安八店,35.337607,136.659638
マツモトキヨシ大坪店,31.895403,131.406546
マツモトキヨシ,31.896684,131.421315
ウエルシア,35.665204,139.908766
ツルハドラッグ,39.942553,140.111497
ドラッグストアモリ浮之城店,31.927750,131.439851
ディスカウントドラッグコスモス大島店,31.933786,131.437206
マツモトキヨシ,35.360797,139.946479
マツモトキヨシ,35.843623,139.800536
ツルハドラッグ,43.551434,144.997486
ドラッグセイムス,35.829856,139.804476
ツルハドラッグ,43.555383,144.987543
ドラッグストアmac須崎店,33.412243,133.291636
ディスカウントドラッグコスモス須崎店,33.407806,133.294820
ツルハドラッグ須崎東店,33.409403,133.292965
ドラッグイレブン,33.552272,130.376211
ツルハドラッグ,38.041916,140.877672
よどやドラッグ須崎店,33.407863,133.287124
ドラッグストア セキ,35.847225,139.777189
クリエイトSD,35.375425,139.196731
ツルハドラッグ,39.274573,141.884206
サツドラ,43.537762,144.976351
ツルハ薬局,43.535899,144.970801
コスモス,33.558673,130.383228
ココカラファイン,34.745700,135.370412
welcia,36.382882,138.212047
welcia,34.731020,135.368989
ジャパン,34.756036,135.364790
ツルハドラッグ,43.833065,144.109838
ウォンツ　八幡店,34.386910,132.364703
ウォンツ　八幡西店,34.386203,132.363238
ディスカウントドラッグ　コスモス,33.189661,130.013452
ザグザグ伯方店,34.207980,133.072996
マツモトキヨシ,33.557862,130.410896
大賀薬局,33.557203,130.385356
ウェルパーク,35.821944,139.565228
サーバ,34.702505,135.214704
ドラッグストアモリ,33.533044,130.340765
ドラッグイレブン 竹下店,33.575810,130.429191
ココカラファイン,33.543439,130.390884
ドラッグストアモリ,31.636810,130.571133
コスモス,31.650858,130.568973
コスモス,31.655558,130.568664
ドラッグコスモス 片江店,33.547146,130.370458
ドラッグストアモリ,31.629887,130.401368
ドラッグコスモス 東油山店,33.535425,130.384465
クリエイト,35.439319,139.356842
コスモス,31.241874,130.489840
コスモス,33.216146,130.507970
ドラッグコスモス 桧原店,33.540905,130.391643
ツルハドラッグ,43.052504,141.344387
welcia,35.828732,137.969656
,37.864922,138.940254
ドラッグコスモス 東入部店,33.525957,130.337392
ココカラファイン,33.680118,135.365960
ディスカウントドラッグコスモス北畝店,34.547262,133.751352
ドラッグコスモス,34.628308,136.095855
ツルハドラッグ,35.697266,139.875254
,34.979267,136.969259
クリエイトSD,35.414807,139.374669
welcia,37.866302,138.953688
ゲンキー口田縄店,35.455726,135.720266
V・drug 豊川八幡店,34.839463,137.336655
コスモス,31.267963,130.625841
ドラッグストアモリ,31.251050,130.634616
ドラッグスギヤマ,35.097004,136.993955
ツルハドラッグ,42.902887,141.572282
サツドラ,42.882554,141.576186
コスモス,31.924759,131.451746
ツルハドラッグ,42.874760,141.584583
ココカラファイン,34.756255,135.365733
ウエルシア,34.754020,135.350909
ライフォート,34.722558,135.373916
ツルハドラッグ,35.325451,139.921168
ドラッグセイムス,33.441339,133.211783
ココカラファイン,37.931281,139.052436
ドラッグストアセキ,35.969177,139.767992
ウエルシア,35.046530,139.835747
ウエルシア薬局,35.001426,139.917470
ココカラファイン,34.767808,135.366471
クリエイト,35.324573,139.456895
マツモトキヨシ,35.927820,139.442869
ドラッグイレブン,33.576168,130.311473
welcia,35.813001,139.662540
クスリのアオキ,36.408157,136.458718
welcia,35.908546,139.488481
welcia,36.282984,139.818388
スギドラッグ,36.296473,139.807541
ドラックストアクラモチ,36.098739,139.898669
ウエルシア本庄万年寺店,36.251693,139.166279
スーパードラッグひまわり,34.392421,133.076481
Drug Tops,37.744134,139.185157
Drug Tops,37.700328,139.174155
ツルハドラッグ,40.274162,140.538138
welcia,37.742036,139.181712
薬王堂,40.283653,140.574610
クスリのアオキ,36.166527,139.708943
杏林堂,34.699196,137.664199
スギ薬局,35.652098,139.549181
,36.261537,138.989689
welcia,34.463922,135.563760
ウエルシア,38.733579,139.804321
ツルハドラッグ,38.221090,140.872183
welcia,35.201854,138.914765
スギ薬局,34.793025,135.488060
クスリのアオキ,36.318145,139.179648
クスリのアオキ 笠幡店,35.906268,139.402758
ディスカウントドラッグ　コスモス　中丸店,35.205392,136.902389
ドラッグイレブン,33.206046,131.596689
コスモス,34.258583,135.341871
ウエルシア前橋北代田店,36.411770,139.076715
スギドラッグ 中居店,36.314760,139.038628
くすりのレデイ 小豆島店,34.488154,134.186372
ウエルシア本庄児玉南店,36.186831,139.131603
クスリのアオキ 児玉店,36.187357,139.130302
キリン堂,34.765598,135.483025
クスリのアオキ 伊勢崎富塚店,36.275628,139.197523
薬王堂 秋田東通店,39.711578,140.137666
ドラッグセイムス,37.753166,139.071111
オリンパスメディカルサイエンス販売(株) 秋田営業所,39.716825,140.139421
ディスカウントドラッグコスモス,33.762987,130.487727
ハッピー・ドラッグ　八戸湊高台中央店,40.508047,141.541734
くすりのアオキ,35.443779,136.705853
薬王堂,39.909420,140.077054
welcia,35.216679,138.628047
ハッピードラッグ,40.498930,141.540841
ツルハドラッグ 本宮中央店,37.514184,140.394675
ツルハドラッグ,40.155322,140.313984
薬王堂,40.223270,140.787220
ツルハドラッグ,40.200970,140.793291
welcia,36.609651,138.170349
ココカラファイン,37.885512,139.030594
ココカラファイン,37.890848,139.038511
クスリのアオキ,37.894566,139.048699
クスリのアオキ,37.894745,139.002955
welcia,36.020969,139.007706
ココカラファイン,36.139839,139.284214
welcia,35.252811,138.616613
ツルハドラッグ,39.752148,140.097566
薬王堂,39.753101,140.095561
スギ薬局,34.554558,135.512123
ドラッグストアモリ 滑石店,32.806563,129.842210
マツモトキヨシ,36.302977,139.198226
welcia,37.871240,139.097822
マツモトキヨシ,31.587558,130.526512
Fit Care DEPOT,35.585166,139.572053
コスモス,31.551693,130.549453
,40.543749,141.458279
マツモトキヨシ,35.573720,137.900447
杏林堂,35.218325,138.610517
welcia,37.956271,139.155211
コスモス薬品,33.248406,131.606034
くすりのコダマ,37.824975,139.225489
クスリのアオキ,37.831426,139.222658
welcia,35.185840,138.654438
ドラッグセイムス,35.844069,139.629270
ドラッグトップス,37.870094,139.122759
コスモス,35.159934,138.688814
ディスカウントドラッグコスモス徳王店,32.845009,130.709175
サンドラッグ,39.761550,140.081854
スギ薬局浦和元町店,35.872709,139.653749
クリエイトSD,35.174792,138.669870
マツモトキヨシ,35.161306,138.637408
welcia,35.194125,138.679591
スギ薬局,35.201780,138.673248
welcia,35.144638,138.651581
ウエルシア,35.165523,138.657023
くすりのラブ,34.683965,133.928101
薬王堂,39.487442,140.493856
ツルハドラッグ,38.202765,140.901210
スーパードラッグひまわり,34.699274,133.903602
ウエルシア,36.389144,140.443292
welcia,36.404447,140.424405
太陽堂小浜店,35.499553,135.746749
花沢薬房,35.497651,135.742416
ドラッグバンビ大手町店,35.495369,135.745340
クスリのアオキ小浜店,35.495088,135.758522
ゲンキー 小浜店,35.491169,135.750260
ドラッグユタカ小浜店,35.492734,135.748990
ツルハドラッグ,40.207999,140.234419
クスリのアオキ,35.388916,136.717043
ウエルシア,35.136585,138.663798
薬王堂,39.218236,140.518563
ツルハドラッグ,39.217705,140.516602
welcia,35.184270,138.682956
薬王堂,38.934698,141.115486
ドラッグセイムス,35.829467,139.564710
ツルハドラッグ,39.909278,139.908843
サツドラ,42.499529,143.279920
ツルハドラッグ,39.766984,140.069320
サツドラ,43.494393,144.453574
welcia,35.158018,138.672376
ウエルシア,35.794039,140.773757
サンキュードラッグ,34.636790,136.091022
ジャパン野田川店,35.534646,135.123213
ジャパン,35.610358,135.078911
杏林堂,34.697462,137.700354
ゴダイドラッグ 久美浜店,35.602090,134.899290
ドラッグコスモス 網野店,35.675616,135.024181
ディスカウントドラッグ コスモス 大宮店,35.600002,135.088080
welcia,35.161983,138.659361
ゴダイドラッグ 岩滝店,35.572679,135.160673
ゴダイドラッグ 加悦店,35.514085,135.106473
ジャパン,35.461714,135.387572
ジャパン,35.451138,135.331578
ツルハドラッグ,36.397476,140.508293
よどやドラッグ福井店,33.567879,133.513301
ディスカウント ドラッグコスモス,33.125418,131.793664
ココカラファイン,38.220016,139.462090
ウエルシア薬局,36.388259,140.545071
ツルハドラッグ,36.386095,140.529471
薬王堂,38.832342,141.578991
ツルハドラッグ,38.898084,141.578259
ツルハドラッグ,38.907421,141.569563
,38.902612,141.555467
ツルハドラッグ,38.905937,141.550330
サンドラッグ,34.934913,137.145304
ツルハドラッグ,39.695721,140.099635
ディスカウントドラッグ コスモス 源藤店,31.886720,131.411368
スーパードラッグアサヒ,39.749069,140.098465
,38.916865,141.581814
クリエイトSD,35.347210,136.871973
アメリカンドラッグ,36.357954,138.288753
ツルハドラッグ,39.162870,140.491589
スギ薬局,34.861197,137.044882
ドラッグガーデンシオサカ,35.140351,138.617351
スギ薬局,34.923098,136.949379
スギ薬局,34.915709,136.944707
サンドラッグ,35.256017,136.884687
,39.736893,140.110391
スギ薬局,34.935548,137.145667
ツルハドラッグ,38.688047,141.188740
welcia,35.866070,140.019050
ツルハドラッグ,38.627199,141.190333
ツルハドラッグ,40.615458,140.489907
薬王堂,39.195145,140.411468
クリエイトSD,35.179488,138.697467
ウエルシア,35.178642,138.695086
ツルハドラッグ,39.704227,140.110626
ツルハドラッグ,39.468846,140.470065
welcia,34.794425,135.380689
ツルハドラッグ,38.697770,141.209427
薬王堂,39.693989,140.105305
ツルハドラッグ,40.034171,140.078206
クリエイトSD,35.466693,139.457823
welcia,34.750997,135.351151
welcia,36.430010,139.986927
薬王堂,40.586370,140.454600
サンキュードラッグ,33.949308,130.971105
薬王堂,39.200873,140.540141
welcia,35.610613,139.297196
ディスカウントドラッグ コスモス吉成店,35.482788,134.220136
welcia,35.230488,138.623742
welcia,35.250836,138.636963
welcia,37.469938,138.830714
ウエルシア,38.011516,138.415579
welcia,36.211717,138.785010
ウエルシア薬局,36.453529,139.077309
ドラッグイレブン,31.925734,131.413969
ウエルシア,36.307178,138.845245
ハッピードラッグ,40.627228,140.480009
サンドラッグ,33.516156,130.435637
ジップドラッグ シーズ,34.686664,137.670613
薬王堂,39.147438,140.572863
ツルハドラッグ,44.004503,145.178081
ゴダイドラッグ 鳥取店,35.510600,134.204804
Joy Box,36.894649,138.177777
ハッピー・ドラッグ,39.734271,140.102032
スーパードラッグアサヒ,39.157407,140.483717
ゲンキーこうのとり大橋北店,35.504073,135.754002
クリエイト豊橋小松店,34.741735,137.393087
コスモス,35.486986,135.760337
ツルハドラッグ,43.804306,143.883643
ドラッグストアモリ柳丸店,31.924701,131.432247
アルカドラッグ,34.928537,134.833080
ウエルシア薬局,34.575252,135.517664
,42.468824,140.878953
ハッピー・ドラッグ,40.261988,140.768537
コスモス 御笠川店,33.548960,130.483093
キリン堂,34.431893,135.368943
ツルハドラッグ 三条東新保店,37.617957,138.961662
welcia,37.613212,138.963233
スギ薬局,35.137391,138.869395
,35.641049,139.930276
ディスカウントドラッグ　コスモス,36.420875,136.473523
ツルハドラッグ,33.818571,130.935004
クリエイトSD,35.877115,139.928952
ドラッグストアモリ,26.378141,127.755346
ドラッグセイムス,35.842810,139.639296
ドラッグセイムス,35.846242,139.642629
マツモトキヨシ,35.637330,139.310252
ウエルシア,35.750096,139.611929
ドラッグイレブン,26.199308,127.674892
スーパードラッグひまわり,34.382338,132.438537
ウォンツ 下温品店,34.414341,132.508930
ディスカウントドラッグコスモス温品店,34.407288,132.508609
五城目中央ドラッグ,39.946123,140.120554
スギ薬局,34.792506,135.508776
Ｖ・ｄｒｕｇ 付知店,35.640217,137.444809
ププレひまわり,34.627349,133.806241
ウエルシア,34.733836,135.353012
ゲンキー田瀬店,35.618841,137.461846
welcia,35.678137,139.805759
クスリのアオキ 西条店,36.739216,138.366024
ツルハドラッグ,36.389536,140.447000
ツルハドラッグ,36.338786,140.529717
ツルハドラッグ,36.354084,140.444513
ツルハドラッグ,36.397542,140.551495
サツドラ,43.077486,141.290209
クスリのウエダ,42.726779,141.880559
クスリのアオキ,36.333267,140.460845
ウエルシア薬局,36.335716,140.487487
ウエルシア薬局,36.377262,140.437941
welcia,36.399684,140.503757
ウエルシア薬局,36.347314,140.585120
カワチ薬品,36.324068,140.416208
クスリのアオキ,36.309003,139.206043
ウエルシア薬局,34.735478,135.523571
,34.744701,135.644783
クスリのアオキ,36.398803,138.257755
サンドラッグ,35.695394,139.498217
クリエイトSD,35.310410,139.312620
V・ドラッグ,35.168301,136.923399
ツルハドラッグ,39.901821,139.862293
ウエルシア,35.625486,140.155908
ドラッグコスモス,32.748215,129.825543
ドラッグユタカ,34.987098,135.800795
マツモトキヨシ,35.633362,139.350984
マツモトキヨシ,36.381056,140.413424
ドラッグセイムス,38.748570,139.779842
薬王堂,38.749617,139.768918
welcia,36.407116,140.565669
ドラッグセイムス,38.736181,139.830073
くすりのレデイ 南鳥生店,34.050221,133.007782
ディスカウントドラッグ コスモス桜井店,34.036018,133.034218
くすりのレデイ 松木店,34.030157,133.004001
コスモス 黄金店,34.065090,133.004087
くすりのレデイ 今治中央店,34.061199,133.001560
ドラッグストアモリ 今治店,34.052969,133.015790
くすりのレデイ 馬越店,34.053582,132.984066
くすりのレデイ 波止浜店,34.102964,132.967676
ドラッグコスモス 日高店,34.044558,132.977963
くすりのレデイ 今治国分店,34.019910,133.017193
レデイ薬局 北高下店,34.052651,133.011218
ドラッグコスモス 今治阿方店,34.062613,132.964284
ウエルシア,36.176429,139.706154
ドラッグセイムス,36.203766,139.707943
クスリのアオキ,34.965129,136.162812
クリエイトSD,35.470278,139.483418
マツモトキヨシ,36.335940,138.272056
ツルハドラッグ 鹿角中央店,40.189838,140.787355
ハッピー・ドラッグ 花輪店,40.185959,140.787983
セイムス,35.624923,140.154809
サンロード,36.070716,138.076101
サンドラッグ,35.656365,139.317794
ツルハドラッグ,40.262775,140.768888
薬王堂,38.794290,141.500036
ドラッグストアモリ,33.771682,130.483288
マツモトキヨシ,33.770478,130.483463
アメリカンドラッグ,36.450471,138.168522
ココカラファイン,34.726646,135.716807
ツルハドラッグ 秋田泉南店,39.729147,140.114610
セイムス,35.613109,140.147801
ドラッグストアモリ,33.760237,130.493524
welcia,34.741135,137.679865
ゴダイドラッグ・薬局 大塩店,34.780792,134.751055
ドラッグユタカ,34.786676,135.535837
,35.323464,139.159085
,35.326020,139.350250
V・ドラッグ,35.427700,137.127543
ツルハドラッグ,43.080071,141.389050
ドラッグストアモリ　鏡店,32.554120,130.643486
ドラッグストアモリ 人吉瓦屋店,32.226586,130.757102
クスリのアオキ,36.565448,139.907126
ドラッグセイムス,36.582798,139.918596
ツルハドラッグ,36.606827,139.857472
薬王堂,40.222357,140.360260
ドラッグ新生堂,33.813166,130.564551
ツルハドラッグ,40.619878,140.458792
ドラッグストアモリ,33.345218,130.700504
,33.948344,130.981717
サツドラ,42.615877,141.508081
ツルハドラッグ,42.609063,141.484536
ウエルシア,34.601030,135.509280
welcia,36.544104,140.530070
薬王堂,39.304423,141.032895
ウエルシア薬局,36.529193,139.857896
,32.931552,129.936151
,32.928841,129.938252
ドラッグコスモス,32.849196,129.827401
スギ薬局,34.707181,137.772721
ウエルシア薬局,35.632706,139.312681
スギ薬局,34.733754,135.397426
ドラッグストアモリ,33.391889,130.557016
ハッピー・ドラッグ,40.800804,140.727929
クリエイトSD,36.388241,140.409069
マツモトキヨシ,36.266054,139.318463
ウエルシア,37.408594,140.353739
セイムス,34.328707,135.179999
ドラッグセイムス,35.922050,140.216814
薬王堂,39.482384,141.967618
スギ薬局,35.481194,137.062667
V drug川辺店,35.503349,137.074185
ゲンキー川辺店,35.508359,137.080907
マツモトキヨシ,35.914940,138.241464
ツルハドラッグ,39.302323,141.064413
ゴダイドラッグ和気店,34.795874,134.153423
サツドラ,43.185404,140.797736
マツモトキヨシ,37.404231,140.352537
クスリのアオキ,35.416714,136.607927
V・ドラッグ,35.415185,136.607040
ウエルシア,34.773438,135.627352
ドラッグ コスモス,34.775269,135.624614
キリン堂,34.775494,135.623586
アメリカンドラッグ,36.356750,138.336848
コスモス,34.677821,133.852946
Fit Care DEPOT,35.528312,139.724940
あいりす薬局ひまわり調剤センター,35.467382,134.873244
ツルハドラッグ,39.453593,140.481073
マルミヤ,35.463229,134.872013
スギ薬局,34.787540,135.368449
薬王堂,39.652649,140.211482
ツルハドラッグ,26.246191,127.703419
ドラッグイレブン,26.243313,127.702115
薬王堂,39.611448,141.154420
薬王堂 矢巾SC店,39.614277,141.165895
ゲンキー,36.424679,136.435858
マツモトキヨシ,36.565200,139.856948
くすりのアオキ,36.559791,139.854662
ハックドラッグ寒川店,35.357310,139.394222
ツルハドラッグ,37.637981,140.957000
ウエルシア,35.913839,140.185558
ザグザグ,34.678523,133.872446
ツルハドラッグ,42.667636,141.670083
薬王堂,39.300937,141.077732
ゲンキー,34.880929,136.925477
クリエイトSD,35.329571,136.829808
グリーンドラッグ,26.201304,127.694570
クスリのアオキ,34.886318,136.924035
スーパードラッグ アサヒ,40.191710,140.035940
ハッピードラッグ,40.190777,140.037309
スギ薬局,35.649885,139.304659
シバタ薬品,36.556246,139.865439
クスリのアオキ小浜木崎店,35.486049,135.766961
,35.501403,137.809903
ゲンキー,36.410801,136.467021
ウエルシア薬局,36.527738,139.864272
ツルハドラッグ,38.898129,139.842936
V drug,35.198719,136.874889
サツドラ,42.520314,142.028626
ウエルシア三ノ輪橋駅前店,35.732242,139.791099
ウエルシア薬局,38.104033,140.038675
ツルハドラッグ,38.717594,139.815452
ツルハドラッグ,36.605990,139.846416
ツルハドラッグ,43.206243,141.772697
薬王堂,39.736958,140.120621
ツルハドラッグ,38.236711,140.352939
ツルハドラッグ,36.590852,139.823032
ザグザグ,34.293782,133.784017
welcia,34.524117,135.770914
ウエルシア,36.539300,139.906485
ツルハドラッグ,38.222502,140.334064
調剤薬局ツルハドラッグ中桜田店,38.216149,140.334524
ドラッグユタカ,34.918920,135.684307
ドラッグストア マツモトキヨシ 郡山堤店,37.398734,140.332993
ツルハドラッグ,39.716729,140.122740
カワチ薬品,38.269844,140.762119
キリン堂,34.515170,135.474314
ココカラファイン 加茂番田店,37.661502,139.046771
ヤックスドラッグ,36.026015,140.214307
ウエルシア,35.353776,139.501100
スギ薬局,35.373686,139.395163
クリエイトSD,35.376656,139.396105
ドラッグセイムス,35.369289,139.388225
ドラッグユタカ若狭高浜店,35.486977,135.546505
GENKY薗部店,35.485357,135.562050
くすりのレデイ,34.279612,133.796879
ツルハドラッグ,42.473698,140.861033
コスモス,34.266843,133.854428
スギ薬局,35.072988,136.983460
ザグザグ東一宮店,35.101279,134.004077
mac別宮町店,34.074920,132.991533
レデイ薬局,34.038053,133.021625
ツルハドラッグ,43.797187,143.900396
ツルハドラッグ,35.872510,137.985838
コスモス,34.163672,131.465717
コスモス,34.718305,135.390726
ひまわり薬局,40.600936,140.466919
GENKY 西金沢駅北店,36.554649,136.620664
ドラッグイレブン,26.255064,127.718785
コープドラッグ,43.816031,143.883949
ツルハドラッグ,40.100289,140.002380
ツルハドラッグ,40.808785,140.442416
コスモス,36.110237,140.120590
マツモトキヨシ松戸秋山店,35.764587,139.933276
ドラッグスギヤマ,34.986817,137.171012
スギ薬局,34.979628,137.160261
ドラッグコスモス 今治石井店,34.073848,132.986885
ディスカウントドラッグ コスモス 池田店,32.929658,129.963212
薬王堂 大船渡店,39.092130,141.714469
ツルハドラッグ,39.084750,141.719436
コスモス,31.583642,130.559239
サンドラッグ,39.382500,141.108663
スギ薬局,35.118101,136.950670
サツドラ,42.979944,140.525792
キリン堂,34.184528,134.599661
ウエルシア薬局,38.355355,140.380749
welcia,34.851250,136.917399
ディスカウントドラッグコスモス 国分寺店,34.301713,133.951444
ツルハドラッグ,34.614212,135.477471
ドラッグセイムス,35.836830,139.645079
スギ薬局,35.838018,139.647304
ドラッグストアモリ,33.550921,130.328828
ドラッグセイムス,35.836257,139.634618
ディスカウントドラッグコスモス 福家店,34.287283,133.961424
カワチ薬品,36.298817,139.983019
V・ドラッグ,35.101538,136.965030
スギ薬局,34.733518,135.588975
ウエルシア,37.850243,139.006985
ココカラファイン,37.818074,139.019605
ドラッグイレブン,26.198470,127.688816
V・drug 岡崎医療センター前,34.915091,137.151275
ウエルシア 岡崎医療センター前店,34.920551,137.151297
薬王堂,38.990328,141.252647
薬王堂 一関大東店,38.996372,141.322572
welcia,35.481334,139.432215
ドラッグイレブン,26.147063,127.673743
ウエルシア八千代緑が丘店,35.723829,140.071284
大賀薬局,33.609220,130.418846
ウォンツ片庭店,34.898664,132.072733
アメリカンドラッグ,36.600728,138.159239
ウエルシア,34.683688,135.620057
ディスカウントドラッグ　コスモス布市店,36.522707,136.574052
ツルハドラッグ,39.281865,141.115875
クスリのアオキ,34.817723,137.381258
薬王堂 岩手住田店,39.143409,141.571805
ツルハドラッグ,43.191677,140.814860
コスモス,34.861290,136.552553
薬王堂,38.347125,140.369333
サツドラ,42.740096,140.883276
コスモス,32.961450,131.862741
サツドラ,43.096667,141.432356
ディスカウント ドラッグ コスモス,34.689495,135.461739
スギ薬局,34.922047,137.137696
薬王堂,39.204930,139.904895
ツルハドラッグ 象潟店,39.205822,139.904285
ゴダイドラッグ浜坂店,35.614525,134.467191
マツモトキヨシ,35.791027,140.308811
コスモス,33.311325,130.941707
,33.316450,130.945157
ディスカウントドラッグ コスモス,34.710596,135.615231
ドラッグストア セキ,35.964159,139.417089
ドラッグイレブン,31.373242,130.435651
スギ薬局,34.631832,136.107411
ドラッグイレブン,26.176220,127.665182
薬王堂,38.159736,140.856143
杏林堂,34.727097,137.688504
ツルハドラッグ,39.945354,140.084259
マツモトキヨシ,35.220274,139.640754
ドラッグセイムス,35.734998,140.068300
,32.510784,130.053485
薬王堂,38.012257,140.055709
ツルハドラッグ,43.525867,142.185714
ドラッグセイムス,37.663367,139.042803
ディスカウント ドラッグコスモス,34.323780,132.316096
ディスカウントドラッグコスモス,32.434077,130.185786
薬王堂　山形白鷹店,38.183955,140.103637
ドラッグイレブン,26.251314,127.772466
ウェルシア　珠洲野々江店,37.443314,137.272948
ツルハドラッグ,34.724295,135.391146
ディスカウントドラッグコスモス,33.222679,131.634190
カワチ薬品,36.364490,139.107944
ココカラファイン,34.570155,135.490230
クスリのアオキ,36.252170,139.082862
ディスカウントドラッグコスモス 松島店,32.517642,130.431981
マルエドラッグ　前橋西片貝店,36.394701,139.091210
スギドラッグ 東片貝店,36.386482,139.103378
ウエルシア,36.378761,139.093458
ウエルシア薬局,38.271869,140.349618
トモズ,35.632944,139.576926
出口薬店,34.704717,135.526240
ドラッグスギヤマ,35.168695,136.945846
マルエドラッグ高崎吉井バイパス店,36.259922,138.963284
ウエルシア,35.842552,139.981357
ツルハドラッグ,43.908785,144.171195
クリエイトSD,35.408665,139.574328
クリエイトSD,35.511181,139.577781
クスリのアオキ,36.385607,138.957714
ツルハドラッグ,40.296290,140.559339
マツモトキヨシ,31.637996,130.529925
スギドラッグ,35.344338,136.899473
ディスカウントドラッグ コスモス 大矢野店,32.585031,130.429014
マツモトキヨシ,34.659201,135.528081
スギ薬局,34.814955,135.583332
ツルハドラッグ 高畠店,37.999202,140.186622
ツルハドラッグ,33.572850,133.518168
,33.044352,129.743670
ドラッグストアモリ,33.330737,130.421093
ツルハドラッグ,34.942109,135.756907
薬王堂　盛岡山王店,39.699944,141.164647
ウエルシア薬局,34.582811,135.518233
ウエルシア,34.763132,135.513295
マツモトキヨシ,36.645718,138.186970
コスモス,31.915887,131.452699
薬王堂,39.654079,141.149354
ハッピー・ドラッグ,40.825414,140.685155
ツルハドラッグ 青森新城店,40.828342,140.675988
welcia,34.555242,135.498865
ツルハドラッグ,39.452321,141.069663
ドラッグストアモリ,31.389513,130.398153
クリエイトSD,35.408876,139.533960
ツルハドラッグ,37.235363,140.571100
コスモス,34.474759,135.429967
サンドラッグ,34.510886,135.728622
クスリのアオキ,35.913015,140.642631
ドラッグトップス六日町,37.060196,138.868943
ディスカウントドラッグコスモス 八女店,33.211231,130.534849
クスリのアオキ,36.567784,138.140916
ウェルパーク,35.742874,139.455209
スギ薬局,36.398755,139.087944
薬王堂,40.219883,140.587197
クスリのアオキ,36.307641,139.021083
ハッピードラッグ 五所川原広田店,40.786947,140.457365
薬王堂,40.757027,140.429542
ハッピードラッグ,40.750632,140.427291
サツドラ,43.029629,141.350957
ウエルシア,35.927640,140.037308
welcia,35.929350,140.009665
ウエルシア,36.364969,139.077979
ハッピードラッグ,40.782857,140.363488
ドラックストアバイゴー入間東町店,35.825973,139.402337
クスリのアオキ,34.859116,136.534448
ココカラファイン,34.917608,136.494100
クスリのアオキ,36.326748,139.164688
,35.787129,139.439072
キリン堂,34.468072,135.457264
ツルハドラッグ,40.706145,140.455411
サツドラ,43.067096,141.321216
コスモス,34.440119,134.893737
スギ薬局,34.841932,136.585997
薬王堂,40.791114,140.464264
スギ薬局,35.068265,137.124433
ツルハドラッグ,44.196559,143.599015
マルエドラッグ伊勢崎南千木店,36.295923,139.213622
ココカラファイン,26.189160,127.664923
スギ薬局,36.349972,139.035092
スギ薬局,36.401108,139.078547
アメリカンドラッグ,35.695947,137.686403
クスリのアオキ,35.382640,137.099976
ドラッグセイムス,36.476096,139.007685
ドラッグイレブン,31.573102,130.537759
ゲンキー,35.360460,137.129222
,35.834050,139.316821
薬王堂,39.468877,140.481058
ディスカウントドラッグ コスモス 桜ヶ丘店,34.785257,134.037899
スギ薬局,35.074113,137.181660
スギヤマ,35.082917,137.181260
ドラッグセイムス,35.377640,139.505404
ツルハドラッグ,43.802112,143.850226
コスモス,32.965237,131.903199
サンドラッグ,33.982531,130.948076
大賀薬局　グリーンドラッグ首里店,26.221338,127.729444
ドラッグセイムス,35.583328,139.625795
ドラッグイレブン薬局 築城店,33.103440,129.995797
ディスカウントドラッグコスモス 嬉野店,33.107344,129.996408
クリエイトSD,35.582062,139.624462
ハッピードラッグ,40.697846,140.462387
マツモトキヨシ,36.378115,139.726866
ヤックスドラッグ 鎌取店,35.569273,140.173665
薬王堂,38.331506,140.979805
ドラッグセイムス,33.851872,136.069634
薬王堂,39.061278,140.457522
ツルハドラッグ,42.620395,141.518648
コスモス,36.747500,137.245978
ツルハドラッグ,43.091326,141.508855
コスモス,32.956966,131.903846
スギ薬局,34.481036,135.428704
ツルハドラッグ,42.630345,141.538719
welcia,38.228811,140.913126
コスモス,32.960689,131.916495
マツモトキヨシ,33.727020,130.971274
ツルハドラッグ,39.547357,140.367276
マツモトキヨシ,36.798125,138.215349
ツルハドラッグ,39.759020,140.087815
ココカラファイン,34.210771,136.334360
クスリのアオキ豊住町店,36.975641,140.038879
スギ薬局,35.113961,137.028756
サンドラッグ,34.811920,135.369855
ツルハドラッグ,42.622087,141.557925
ドラッグコスモス　京泊店,32.822722,129.758688
サンドラッグ,42.623613,141.565161
スギ薬局,34.994458,137.057139
ドラッグイレブン,26.321840,127.760568
クリエイトSD,35.506966,139.556427
ドラッグコスモス　大村店,32.914383,129.947477
ココカラファイン,35.126504,137.132998
ドラッグコスモス　多良見店,32.829609,129.981170
クスリのアオキ,35.118443,137.137925
V・ドラッグ,35.118744,137.137048
ウエルシア淀川三津屋中店,34.727374,135.466594
クリエイト,35.263798,137.040425
ツルハドラッグ,40.783967,140.462233
ドラッグヤマザワ,38.755281,139.841873
薬王堂 山形余目店,38.844449,139.901876
スギ薬局,34.625297,135.564589
welcia,34.526518,135.432791
サンドラッグ,35.508019,139.701659
スギ薬局,34.911118,136.924669
スギ薬局,34.792706,135.533697
薬王堂,39.282143,141.108832
薬王堂,39.338760,141.107692
クスリのアオキ,35.468091,135.394684
ディスカウントドラッグ　コスモス　梅原店,34.261289,135.140749
クスリのアオキ,35.793823,140.771165
ドラッグセガミ,34.762061,135.548294
ラ・クレール,34.812107,137.377390
ウエルシア薬局,36.400304,139.054363
ツルハドラッグ,42.654354,141.629623
ツルハドラッグ,34.218149,135.208367
サツドラ,42.658973,141.647954
スギ薬局,34.697034,137.729822
スギ薬局,35.339389,137.179821
ドラッグストアモリ,33.292520,130.191091
ドラッグストアモリ,33.297103,130.199780
ヤックスドラッグ,35.741445,140.596736
キリン堂,34.561357,135.494253
ツルハドラッグ,39.638817,141.948904
ドラッグイレブン,26.234759,127.734279
クスリのアオキ,36.747766,138.368169
クスリのアオキ,36.490737,138.149513
コスモス,33.749146,132.790256
ツルハドラッグ,39.274344,141.100172
スーパードラッグアサヒ,39.452758,140.481050
ウエルシア薬局,38.239873,140.320036
スギ薬局,34.940422,136.605690
薬王堂,39.469598,140.469891
ザグザグ町苅田店,34.790628,134.009864
ザグザグ高瀬店,34.182368,133.716959
ザグザグ,34.855449,133.904109
ツルハドラッグ,38.929824,139.866665
マツモトキヨシ,35.497570,137.831220
welcia,34.401392,135.298942
welcia,34.602641,135.520385
キリン堂,34.788064,135.531340
スギ薬局,34.783087,135.554222
スギ薬局,34.606034,135.551523
ドラッグストアモリ,31.582895,130.452866
クリエイトSD,35.268777,139.645627
ヤックスドラッグ,35.767386,139.910273
ツルハドラッグ,39.451375,140.496071
ウエルシア薬局,38.319454,140.900129
ドラッグアカカベ柏原大正店,34.587545,135.618793
ディスカウントドラッグコスモス高瀬店,34.175401,133.716926
マツモトキヨシ,26.186699,127.672109
ツルハドラッグ,37.189682,140.336957
welcia,34.512991,135.465896
コスモス　長与店,32.830970,129.867587
クスリのアオキ,36.585003,139.852312
マツモトキヨシ,38.059983,140.737414
welcia,35.271707,139.181063
ドラッグセイムス,31.678019,130.474361
アオキ,36.588674,139.851772
ウエルシア 豊橋曙店,34.729515,137.401095
ザグザグ,34.258112,133.755151
ドラッグひまわり,34.489847,133.410039
ウェルシア,34.860049,134.660492
ドラッグセイムス,38.107524,140.725037
ウエルシア薬局,34.841478,136.596437
カワチ薬品,36.542825,139.863394
クリエイトSD,35.629245,139.351254
ツルハドラッグ,38.098114,140.655474
ドラッグセイムス,31.756597,130.588697
ベイシア薬品 坂城店,36.427886,138.195471
ザグザグ,34.847437,134.685305
V・ドラッグ,35.422693,136.763974
ディスカウントドラッグコスモス,35.905659,140.646656
ドラッグストア　モリ,32.211739,130.746763
スギ薬局,34.725568,134.887083
コスモス,32.212367,130.748714
,35.160076,126.804982
マツモトキヨシ,36.548523,139.851721
クリエイトSD,35.342913,139.398557
薬王堂,38.364977,140.895313
コスモス雲山店,35.475521,134.241140
薬王堂,40.036359,141.451481
薬王堂,40.321836,141.473746
ウエルシア薬局,38.430939,140.389569
ドラッグヤマザワ 谷地店,38.413109,140.311230
ディスカウントドラッグストアコスモス,32.863767,130.781774
ドラッグヤマザワ 左沢店,38.382199,140.209249
クスリのアオキ,38.161549,140.908341
V・ドラッグ,34.968485,136.592893
サツドラ,42.978708,140.509106
キリン堂,34.448804,135.562853
コスモス,34.686608,137.719927
ウェルシア,36.547282,139.852149
ドラッグイレブン,31.604585,130.535073
welcia,36.255380,139.081404
スギ薬局,36.384167,139.084340
クリエイトSD,35.366245,139.360695
薬王堂,39.298089,141.117407
ココカラファイン,38.059297,139.412351
クスリのアオキ,36.371340,139.101727
セキ,35.923738,139.894099
welcia,36.307368,138.806356
ドラッグイレブン,31.613479,130.530688
ドラッグイレブン,31.622678,130.524077
ディスカウントドラッグコスモス 鶴田店,36.558384,139.852002
ココカラファイン,34.735580,136.491836
ココカラファイン,34.740501,136.486890
ツルハドラッグ,39.010637,141.674082
ザグザグ沼南店,34.388455,133.323399
クリエイトSD,35.373570,139.207873
ウエルシア薬局,35.359605,139.360037
クリエイトSD,35.389164,139.370304
クリエイト,35.346069,139.357259
V・ドラッグ,34.849347,136.570471
クスリのアオキ,36.276247,139.075454
ドラッグセイムス,35.665184,139.347930
ドラッグストアモリ,31.380956,130.542315
クリエイトＳ・Ｄ千葉御成台店,35.634503,140.199356
ウエルシア薬局,35.184475,136.946529
クスリのアオキ,36.320074,139.206243
ドラッグセイムス,36.317870,139.183271
ウエルシア薬局,36.273995,139.246270
クスリのアオキ,36.273389,139.261317
ウエルシア薬局,36.228181,139.196451
ウエルシア薬局,36.226767,139.196812
クリエイトSD,36.229430,139.190869
ウエルシア薬局,36.240822,139.200332
スギ薬局,36.232065,139.210035
ドラッグイレブン,31.386498,130.867454
サツドラ,43.799326,143.884020
ディスカウントドラッグ コスモス,34.521956,136.626169
コスモス,31.606419,130.541279
コスモス,35.543070,133.226728
クスリのアオキ,36.244151,139.153085
クスリのアオキ,38.102616,140.870333
ウエルシア,34.680478,137.710668
ザグザグ松永店,34.452036,133.254659
スーパードラッグひまわり 三吉北店,34.496225,133.375351
セイムス川口安行藤八店,35.856026,139.759073
ザグザグ 福山三吉店,34.494976,133.373281
スギ薬局,34.759592,135.483500
ツルハドラッグ,40.809538,140.459665
ドラッグストアモリ 長丘店,33.553813,130.399807
ディスカウントドラッグコスモス川之江店,33.989383,133.569441
ウエルシア薬局,37.541827,138.891208
ドラッグトップス,37.531060,138.907021
クスリのアオキ,37.542608,138.890012
クスリのアオキ,36.301765,139.182352
スギ薬局,34.871869,136.473639
welcia,37.843344,138.313871
クスリのアオキ,36.406017,139.084405
マルエドラッグ 前橋元総社蒼海店,36.393515,139.032277
ドラッグストアセキ 駒木店,35.879239,139.935717
クスリのアオキ,36.293122,139.214040
ウエルシア草加原町店,35.851211,139.775170
マルエドラッグ 安中杉並木店,36.318983,138.873395
クリエイトSD,36.314633,138.865506
,33.253159,129.657980
クスリのアオキ,35.883089,139.967019
マルエドラッグ宮子店,36.327701,139.165249
サンドラッグ,40.512657,141.514424
マツモトキヨシ,36.022086,139.098157
ドラッグストアセキ 長瀞店,36.110067,139.107972
スーパードラッグひまわり 三吉店,34.493862,133.377967
マツモトキヨシ,35.981908,139.075683
ハッピー・ドラッグ 五所川原松島店,40.808416,140.453602
ドラッグストアセキ,36.054522,139.263239
ドラッグストアセキ つきのわ店,36.043998,139.338536
マツモトキヨシ,36.644804,139.060067
クスリのアオキ,36.647187,139.064196
ウエルシア薬局,36.635565,139.044694
マツモトキヨシ,31.674945,130.328159
ドラッグストアモリ,33.549099,130.379439
薬王堂,40.523499,141.490632
コスモス,31.250191,130.634653
クスリのアオキ,36.649928,139.048772
ウエルシア薬局,36.647789,139.056131
welcia,36.054386,139.270828
スギ薬局,34.667070,135.635619
welcia,36.048815,139.241267
ウエルシア薬局,36.046405,139.338608
ウエルシア薬局,36.076658,140.115342
welcia,36.132456,139.216724
ウエルシア　米沢本町店,37.902948,140.108729
ドラッグストアクラモチ,35.900341,140.054789
ドラッグコスコ,35.917089,138.238323
クスリのアオキ,36.379764,139.067680
ドラッグセイムス,36.411714,139.066686
スギ薬局,36.415357,139.086140
スギ薬局,34.872245,136.919233
マルエドラッグ 渋川子持店,36.521332,139.010055
welcia,35.114986,140.113322
ツルハドラッグ,43.780736,143.612819
ディスカウントドラッグコスモス 子持店,36.518984,139.012986
ドラッグコスモス　宮小路店,32.954631,129.944303
ドラッグセイムス,33.252107,131.716340
マツモトキヨシ,36.187359,137.970722
コスモス横島店,32.877622,130.560637
薬王堂,39.902270,139.935958
クスリのアオキ,38.329326,140.361638
ドラッグコスモス　溝陸店,32.853302,130.010590
ドラッグストアモリ　大村溝陸店,32.851543,130.011022
クリエイトSD,35.885940,139.975605
ウエルシア薬局,35.870910,139.987123
薬王堂 大館田代店,40.280080,140.458495
コスモス,32.802394,130.158241
薬王堂,39.502994,141.155757
コスモス,31.637207,130.570236
コスモス,31.568533,130.562324
ディスカウントドラッグコスモス 南淡店,34.268405,134.746975
マツモトキヨシ,37.936366,139.330797
マツモトキヨシ,37.942857,139.346384
コスモス,36.716871,136.943021
ゲンキー,36.151139,137.264194
ZAGZAG,34.658604,134.037392
ウェルパーク,35.794954,139.597648
マツモトキヨシ,31.553464,130.525760
ツルハドラッグ,42.411628,141.112232
ゴダイドラッグ 和田山店,35.333444,134.862126
サンドラッグ,34.741232,135.493529
ツルハ,38.233818,140.340616
クリエイトSD,35.371701,139.270940
ツルハドラッグ,38.772061,140.308445
ツルハドラッグ,39.392296,141.104408
コスモス,32.834562,130.078002
ひまわり薬局,36.005138,139.399048
マツモトキヨシ,31.560620,130.531874
川副​ひまわり​薬局,33.190588,130.319629
ドラッグストアモリ 東与賀店,33.219590,130.305278
ザグザグ,34.449978,132.786629
大賀薬局,33.591925,130.361830
ドラッグスギヤマ,35.096984,137.164753
マツモトキヨシ,36.631213,138.195828
ドラッグストアウェルネス隠岐の島店,36.208672,133.314564
ツルハドラッグ,42.877841,141.568441
welcia,36.523944,139.851126
ドラッグストアウェルネス 境港マリーナ店,35.515874,133.249048
スギ薬局,34.866043,137.057093
サツドラ,42.978160,141.457728
ドラッグストアウェルネス 叶店,35.474455,134.217645
,33.316527,130.926600
ドラッグストアウェルネス　春日店,35.487426,133.045999
メガ,40.819227,140.758687
コスモス,33.572964,133.562977
ツルハドラッグ,38.146675,140.277367
コスモス,33.176459,130.405171
コスモス,33.165549,130.422730
スギ薬局,34.898606,136.923814
ドラッグストアモリ,26.345887,127.821799
スギ薬局,34.970907,137.032593
スギドラッグ,35.728650,140.101912
V・ドラッグ,35.347606,136.911834
クスリのアオキ,35.346493,136.913326
ウェルネス,35.452779,133.366211
薬王堂,39.303070,140.540100
スギ薬局,34.883008,136.906105
ココカラファイン,35.309589,139.516466
コスモス,34.969971,134.963962
ココカラファイン,34.970419,134.967444
キリン堂,34.804887,135.497860
コスモス,33.279749,131.137328
,35.490275,133.760356
ツルハドラッグ,34.538060,135.558905
コスモス,34.863858,135.711631
ユタカ,34.870744,135.706127
コスモス,36.720340,137.090680
コスモス,31.979549,130.974686
ひまわり薬局,34.454470,135.459510
薬王堂,39.236335,140.530300
マツモトキヨシ,32.049904,130.772790
コスモス,31.948444,130.715843
ウエルシア薬局,35.946723,140.563913
くすりの福太郎,35.925981,139.892254
ドラッグストアモリ,31.394258,130.867488
サツドラ,41.773974,140.743704
クスリのアオキ,35.976904,136.489740
アメリカンドラッグ,36.205628,137.866921
ユタカ,35.069151,135.884099
サンドラッグ,35.098411,135.903297
スーパードラッグひまわり 観音寺店,34.127883,133.657773
くすりのアオキ 末広店,36.862428,140.018122
キリン堂,34.658445,135.786387
welcia,35.974524,139.462104
ドラッグセイムス,31.807565,130.708697
コスモス,31.614561,130.530878
スギ薬局,34.978980,136.177097
キリン堂,34.626077,135.606610
サンドラッグ,43.004424,141.445893
スギ薬局,34.642702,135.617734
薬王堂,39.327474,140.551041
ザグザグ,34.740486,134.404231
ツルハドラッグ,43.058842,141.654145
,33.851835,130.947358
,33.851649,130.945244
ウエルシア薬局,34.855817,136.575846
welcia,35.372286,139.277036
マツモトキヨシ,37.704338,139.068322
ココカラファイン,35.475547,132.951330
,32.959157,131.899102
ドラッグストアモリ,32.951027,131.905894
V・ドラッグ,34.916372,135.781212
セイムス,32.955455,131.902723
マツモトキヨシ,35.801804,139.931609
ドラッグユタカ,35.003214,136.082961
,33.074425,131.867757
ディスカウントドラッグコスモス　植木店,32.900074,130.690570
ウェルネス川津北店,35.490720,133.074702
ディスカウントドラッグコスモス,32.884545,130.691883
ツルハドラッグ,43.009336,144.363777
コスモス,33.125956,129.799320
ウェルネス,35.474063,133.068009
ドラッグユタカ大津月輪店,34.983402,135.938935
welcia,36.354018,138.335510
スギ薬局,34.609460,135.556839
ドラッグストアモリ,32.907051,130.691993
V・ドラッグ,34.769335,137.712007
ツルハドラッグ,43.492407,144.454158
メガ,40.637216,140.599166
ツルハドラッグ,40.646287,140.601975
ザグザグ,34.274927,133.785193
セガミ薬局,34.662666,135.574823
スギ薬局,35.780620,139.686906
ココカラファイン,34.111577,135.153588
コスモス,33.228343,129.650318
コスモス,34.262953,133.794211
スギ薬局,34.536791,135.486973
キリン堂,34.799481,135.499072
ツルハドラッグ,34.200680,135.188427
スギ薬局,34.664026,135.582295
,32.585795,131.652081
ドラッグストアモリ,32.585188,131.659009
ウェルパーク,35.773367,139.518898
ドラッグストアモリ,32.961538,131.866248
カワチ薬品 笠間店,36.377515,140.245776
ドラッグトップス新保店,37.467529,138.868326
,32.535031,131.673019
コスモス,32.537618,131.673094
コスモス,32.561253,131.681716
スギ薬局,35.760584,139.486837
クリエイト薬局,35.769341,139.469181
,35.773510,139.494180
ドラッグセイムス,35.778557,139.479024
welcia,35.778175,139.494251
マツモトキヨシ,32.573652,131.683308
救命堂,32.556516,131.675239
コスモス,32.602899,131.681975
コスモス,32.576961,131.658236
ウエルシア薬局,34.494696,135.432037
薬王堂,39.587716,140.572916
サツドラ,42.912354,143.194281
コスモス,32.566681,131.671695
welcia,34.538077,135.561827
マツモトキヨシ,31.572308,130.557193
ドラッグセイムス,33.186808,131.613043
ツルハドラッグ,43.060567,141.410106
コスモス,34.307786,133.817100
ザグザグ 宇多津店,34.309933,133.815715
くすりのレデイ,34.299333,133.810873
コスモス,34.296709,133.812034
ツルハドラッグ,39.545176,140.541671
薬王堂,39.546505,140.544422
吉田杏林堂薬局,38.003383,138.327480
welcia,34.630064,135.572943
ハッピー・ドラッグ,40.962053,140.433811
薬王堂,40.963063,140.437338
スギ薬局,34.633678,135.561685
コスモス,32.006782,131.472235
ツルハドラッグ,43.206740,141.749094
コスモス,34.319414,133.867009
コスモス,34.318052,133.853683
スギ薬局,36.073389,140.117574
ドラッグセイムス,36.311185,139.446924
ウエルシア薬局,36.322929,139.451096
ザグザグ,34.311357,133.855418
マツモトキヨシ,34.265444,133.849717
くすりのレデイ 詫間店,34.218212,133.685826
クスリのアオキ,36.315163,139.459348
ツルハドラッグ,40.802049,140.401350
ウエルシア薬局,36.341393,139.424016
クスリのアオキ,36.357986,139.400130
ツルハドラッグ,40.720529,140.589408
ハッピー・ドラッグ,40.798017,140.803427
クスリのアオキ,36.263177,139.469503
コスモス,36.263273,139.464521
コスモス,35.432018,133.359956
薬王堂,40.895967,140.455255
キリン堂,34.388467,135.795362
ハッピー・ドラッグ,40.812484,140.763143
くすりのレディ,34.534600,133.683977
ザグザグ,34.536469,133.682143
ドラッグコスモス 与謝野店,35.529342,135.121343
くすりのレデイ 高橋店,34.038217,132.974060
ドラッグストアモリ 宇部沖ノ旦店,33.995148,131.227760
ハッピー・ドラッグ,40.817890,140.764228
サンドラッグ,35.786409,139.540850
ドラッグストアコスモス 兜台店,34.731255,135.786286
ウォンツ 宇部厚南店,33.994231,131.219654
ドラッグストアモリ 口之津店,32.609597,130.178691
welcia,35.783420,139.523250
杏林堂,34.686494,137.731895
ココカラファイン,34.970499,137.132608
スギ薬局,35.661312,139.322326
サンドラッグ　橋本林間店,34.357166,135.603733
ドラッグストアモリ 天草大浜店,32.459776,130.190569
クリエイトSD,35.601201,139.620316
ザグザグ,35.446859,133.344456
薬王堂,39.387590,140.048853
ハッピードラッグ,40.659668,140.499387
ドラッグセイムス,39.388473,140.047334
コスモス,34.020329,130.918893
ツルハドラッグ,39.341846,140.432180
スギ薬局,35.426165,139.511482
ドラッグストアモリ 有家店,32.663546,130.311151
くすりのレデイ,34.333460,134.084524
くすりのレデイ,34.065954,132.934842
スギ薬局 住吉店,34.987321,137.076366
ツルハドラッグ,40.808917,140.770701
セキドラッグ,35.865709,139.807625
ハッピー・ドラッグ,40.831494,140.789485
ドラッグストア セキ 栗橋北店,36.140497,139.701387
ウエルシア安城東栄町店,34.987755,137.098757
スギドラッグ 東栄東店,34.985279,137.098205
,33.494341,133.412928
ツルハドラッグ,43.073680,141.411627
ウェルパーク,35.813944,139.569262
V・ドラッグ,34.964526,136.969648
GENKY石浜店,34.964575,136.968693
welcia,34.514288,135.627464
ドラッグストアモリ,32.814556,130.151535
コスモス,32.835020,130.186285
スーパードラッグひまわり,34.230737,133.780459
クリエイトSD,35.362361,139.400424
クリエイトSD,35.367165,139.391297
クリエイトSD,35.389422,139.380213
コスモス,34.546241,133.676624
スギ薬局,34.717404,136.497916
ハッピードラッグ,40.614763,140.424792
コスモス,32.874876,130.279636
V・drug牛田店,34.994829,137.061358
スギ薬局,35.108863,137.166183
スギ薬局,35.151424,137.177863
Cosmos,32.817486,130.695724
コスモス,32.861095,130.326574
コスモス,35.954510,139.844649
サンドラッグ,35.208167,136.868896
ココカラファイン,34.664135,135.771478
ウエルシア薬局,39.707855,141.148585
ドラッグスギヤマ,34.839135,137.410233
V・ドラッグ,35.103126,137.161840
コスモス,32.807238,130.361873
ドラッグストアmac,33.937938,133.318438
コスモス,32.785222,130.361169
ウエルシア薬局,36.541178,140.474700
くすりのレデイ,33.950526,133.290704
コスモス薬局,31.608389,130.535234
ドラッグストアモリ,31.607185,130.538409
マツモトキヨシ,31.601015,130.539565
コスモス,32.793760,130.369212
ツルハドラッグ上田店,39.712792,141.147413
サンドラッグ 島原店,32.772733,130.368669
ドラッグストアmac,33.949325,133.281914
コスモス,33.958080,133.272602
くすりのレデイ,33.958226,133.267023
クスリのアオキ,35.339097,137.110302
コスモス,32.742453,130.368548
スーパードラッグひまわり,33.976436,133.296351
ダックス 左京北白川店,35.036797,135.791404
コスモス,33.967085,133.281905
くすりのレデイ,33.931786,133.282782
クスリのアオキ,33.922048,133.252997
ドラッグコスモス,34.765955,135.644013
ドラッグユタカ,35.018378,135.745450
コスモス,33.941889,133.293786
大賀薬局 五条店,33.510101,130.526440
新生堂薬局 五条店,33.509940,130.525339
キリン堂,34.510729,135.731143
コスモス,32.627798,130.156214
ディスカウントドラッグ コスモス石崎店,33.486351,130.526989
ツルハドラッグ,38.477027,141.283870
ツルハドラッグ,43.098356,141.319955
ウエルシア,34.777631,135.526472
杏林堂,34.800291,137.713268
コスモス,33.923068,133.295611
セイムス,35.852657,139.329127
ゲンキー中寄店,35.488365,135.534121
コスモス,33.191240,130.365177
大賀薬局 都府楼南店,33.507959,130.505700
ザグザグ,34.225848,133.794324
ドラッグユタカ,34.945568,136.242468
クスリのアオキ,34.944774,136.242578
ゲンキー,34.938269,136.267179
コスモス,31.613217,130.463916
ツルハドラッグ,42.888484,141.569511
ツルハドラッグ,33.577899,133.550840
V・ドラッグ,35.098013,137.003124
スギ薬局,34.855845,137.422396
ドラッグストアモリ,31.602632,130.564450
セイムス,35.810625,139.571323
コスモス,36.294721,139.059909
welcia,35.792897,139.567652
ザグザグ周匝店,34.914295,134.092005
クスリのアオキ,36.317746,139.027753
サンドラッグ,43.010297,141.457934
クスリのアオキ,36.373649,139.058103
ツルハドラッグ,43.083288,141.503931
コスモス,34.249980,133.937246
サツドラ,43.076532,141.359381
welcia,34.414360,135.320760
ドラッグセイムス,35.972072,139.346146
クリエイト薬局,35.686165,139.587936
薬王堂,39.313146,140.554390
ドラッグストアモリ,33.407299,130.656051
マツモトキヨシ,34.980303,139.869243
シメノドラッグ,36.351633,136.425542
キリン堂,34.993935,134.965013
アルカドラッグ西脇店,34.993289,134.961649
スギ薬局,35.090358,137.000519
mac 中之庄店,33.976410,133.535051
ドラッグセイムス,34.075488,134.233806
ツルハドラッグ,33.334877,133.224264
薬王堂,40.875343,140.386656
スギ薬局,35.223300,137.080794
クスリのアオキ,35.225962,137.073503
ドラッグコスモス,34.304265,132.557274
一力薬店,34.765449,136.128524
ドラッグイレブン 白木原店,33.530945,130.486743
スギドラッグ 伊賀中央店,34.760165,136.134440
薬王堂,39.275460,140.429160
ドラッグストア モリ 水城店,33.524613,130.496691
B&Dドラッグストア,35.169787,136.735470
サンドラッグ,35.119682,137.048782
365日毎日安い！ コスモス 水城店,33.527150,130.492985
クスリのアオキ,35.114892,138.820579
ツルハドラッグ,38.279006,140.309338
ひまわり薬局,33.560021,130.331186
ドラッグストア セキ,35.853927,139.536884
ドラッグストアモリ,38.217311,140.931356
welcia,35.073089,136.956679
ツルハドラッグ,38.006455,138.305057
ツルハドラッグ,39.294996,140.430849
くすりの回生堂,40.819770,140.740446
DRUGユタカ,34.967572,135.766990
スギ薬局,35.084452,136.991942
welcia,35.083523,136.993713
薬王堂,39.763825,140.066881
クリエイトSD,35.224341,139.627302
ウエルシア三河安城本町店,34.968482,137.057033
ウエルシアフジイ富山大泉店,36.682341,137.222814
スーパードラッグ キリン,33.911832,135.148282
welcia,35.375596,139.204713
アメリカンドラッグ,35.547267,137.878275
ドラッグストアモリ,31.817920,130.320276
,38.574451,140.970657
サンドラッグ,34.701462,135.643927
,32.903365,129.956659
ツルハドラッグ,39.444886,140.107288
コスモス,31.787873,130.313221
ツルハドラッグ,40.185658,140.021604
コスモス,33.155739,129.769239
コスモス,33.153620,129.748883
コスモス,33.508266,133.905359
mac,33.503825,133.900096
ドラッグセイムス,33.502080,133.905747
サンドラッグ,40.191633,140.028864
よどやドラッグ,33.558605,133.696038
薬王堂,39.268153,140.490046
クスリのアオキ真美ケ丘店,34.540752,135.718899
ドラッグスギヤマ,35.339449,137.131966
サツドラ,43.321669,145.561977
ココカラファイン,34.723710,135.769031
ヤックスドラッグ 江川店,35.405397,139.921469
welcia,35.571503,135.162876
ココカラファイン,34.467067,136.850530
サンドラッグ,34.663925,135.819796
welcia,37.255922,140.346818
コスモス,33.205002,129.688192
ザグザグ,34.837871,134.701905
ドラッグトップス,37.946839,139.108519
ツルハドラッグ,37.927624,139.116025
welcia,36.092022,140.099140
Create,35.722451,140.083757
ドラッグセイムス,36.940180,138.812939
ドラッグストア セキ,35.849738,139.327512
welcia,34.799495,134.657516
サンキュードラッグ,33.849445,130.612381
ドラッグイレブン,31.435027,130.332130
コスモス,33.845345,130.626002
ヤックスドラッグ,35.153516,140.320009
くすり和泉,39.379848,140.574104
welcia,35.841025,139.556360
クリエイトSD,35.481758,139.417000
サンドラッグ,35.014712,135.690377
ハッピー・ドラッグ,40.815403,140.783290
V・drug天白島田店,35.113928,136.980786
ココカラファイン,34.506295,136.675854
welcia,34.507708,136.677894
ココカラファイン,34.496694,136.722938
薬王堂,39.424577,140.555521
ツルハドラッグ,43.015915,144.322380
サンドラッグ,35.119692,136.978650
クスリのアオキ,36.192787,139.297145
ヤックスドラッグオークビレッジかみす薬局,35.899762,140.635106
コスモス,35.945894,140.566186
コスモス,34.836765,137.400186
スギ薬局,34.498507,136.709516
V・ドラッグ,35.215295,136.848996
ドラッグストアモリ,33.334454,130.797748
コスモス,33.345735,130.733036
クスリのアオキ,34.497568,136.734203
クスリのアオキ,36.472189,139.871267
スギ薬局,35.567833,139.391662
ツルハドラッグ,43.004896,144.393872
V・drug,35.345121,136.863491
コスモス,33.349287,130.759089
ツルハドラッグ,39.720268,140.131254
ドラッグストア コスモス,34.505698,136.694778
GENKY,37.391255,136.906111
ツルハドラッグ,39.269861,140.496965
薬王堂,39.594043,140.553694
サツドラ,43.553217,144.995143
ひまわり薬局,43.552445,144.979533
スギ薬局,34.974741,137.085836
ドラッグスギヤマ,35.337557,136.865511
ドラッグストア　コスモス,35.340385,136.867974
スギ薬局,35.505680,139.421742
ツルハドラッグ,43.551292,144.977823
,36.779084,136.733521
,36.906492,136.776190
ウエルシア小矢部石動駅店,36.671442,136.864197
クスリのアオキ,34.988002,136.109454
welcia,36.259183,139.310968
ウェルシア神戸星ヶ丘店,34.641574,135.048428
コスモス,35.914932,139.370023
キリン堂,34.733595,135.388109
コスモス大黒田店,34.561316,136.525607
ドラッグストアモリ,33.344920,130.746697
ドラッグコスコ戸倉店,36.508487,138.133252
ドラッグストアコスモス 立願寺店,32.938077,130.548243
スギ薬局,34.652976,135.597134
マツモトキヨシ,36.509850,138.131919
ドラッグストアモリ 防府新田店 2023年12月23日OPEN,34.027039,131.566210
クスリのアオキ,36.523604,138.118389
ドラッグストアもり玉名店,32.930191,130.527704
コスモス,33.246262,131.660487
クスリのアオキ,36.537740,138.119778
アメリカンドラッグ,36.540527,138.121106
welcia,38.120221,140.871440
ココカラファイン,33.190810,129.667769
,36.810033,139.931464
スギ薬局,34.683894,135.496412
ドラッグセイムス,32.898571,130.574144
杏林堂,34.696907,137.684001
マツモトキヨシ,37.444922,137.268682
マツモトキヨシ,37.434213,137.262703
コスモス,34.140122,130.918139
桝田薬店,37.437016,137.263443
ドラッグストア木のうた,34.672044,135.772906
welcia,35.947075,139.328699
スギ薬局,34.920791,135.774521
ドラッグストアコスモス 玉名大倉店,32.921594,130.583650
アメリカンドラッグ 上田国分店,36.388710,138.272165
コスモス岱明店,32.932793,130.520883
スギ薬局,34.855118,135.698986
welcia,35.961572,139.413331
コスモス,34.526025,135.506860
マツモトキヨシ,35.923869,137.986658
クスリのアオキ,35.922638,137.988583
ドラッグストアコスモス,32.935401,130.559092
ツルハドラッグ,39.261938,141.099453
スギ薬局,35.008989,135.706532
V・ドラッグ,35.014914,135.726057
ひまわり薬局高師店,35.436453,140.290207
コクミン薬局,34.470806,135.571575
コクミン,34.470675,135.571178
ハッピー・ドラッグ,40.906279,140.443277
,35.014888,135.702115
ドラッグストア　セキ 狭山市店,35.857615,139.415187
V・drug 金津店,36.207138,136.230098
キリン堂,34.607541,135.473565
ドラッグストアモリ,38.222712,140.884008
welcia,35.870450,139.435704
ウェルパーク,35.854299,139.422589
ゲンキー,36.664320,136.734995
Cosmos Nanatsuka,36.736697,136.703731
ウェルパーク,35.727264,139.577543
薬王堂,38.719393,139.882066
コスモス,34.190790,133.842854
スギ薬局,35.343087,137.123695
セキドラッグ,35.911113,139.909996
welcia,36.050592,140.607671
薬王堂,39.174459,140.472746
ツルハドラッグ,39.172152,140.480289
クリエイトSD,35.418847,139.484950
ハッピー・ドラッグ,40.813786,140.391467
薬王堂,40.815333,140.390903
コスモス,34.985661,134.966118
クスリのアオキ,35.988349,140.136571
welcia,35.850377,139.324546
ツルハドラッグ,40.812586,140.782320
ドラッグストアモリ,38.326346,140.892318
スギ薬局,35.729027,139.962575
ウエルシア,35.966724,140.658754
welcia,35.904950,139.483130
ツルハドラッグ,40.199714,140.023203
welcia,36.226940,138.465558
ウェルシア柏崎　上田尻店,37.356709,138.596711
ゲンキー　西本郷店,35.490972,136.921710
クスリのアオキ,36.249731,138.927804
マツモトキヨシ,33.248746,131.661994
ダックス,35.041011,135.748885
ドラッグストアコスモス,34.321207,134.033753
スギ薬局,34.460218,135.473239
スギ薬局 香里西店,34.787665,135.626589
クスリのアオキ,35.383480,136.291605
welcia,35.842496,139.546811
クスリのアオキ,34.860431,137.043863
スギ薬局,34.843630,137.022663
welcia,37.155585,138.255162
クスリのアオキ,37.152259,138.252808
サンドラッグ,34.765981,135.402062
ドラッグセイムス,31.727908,130.999604
マツモトキヨシ,35.728333,140.148872
welcia,34.763739,135.398398
welcia,36.707366,140.709806
V・ドラッグ,35.329848,137.125514
クリエイトSD,34.861353,137.065569
スギ薬局,34.686388,135.712546
コスモス,33.933804,133.303479
welcia,33.947061,133.290625
薬王堂,39.390796,140.025759
セイムス,35.799441,139.584456
welcia,33.974697,133.292733
ドラッグセイムス,35.504152,139.353968
ココカラファイン クスリのコダマ坂町店,38.118397,139.450076
welcia,36.603659,140.665013
ドラッグイレブン,33.574769,130.352337
スギ薬局,34.774405,137.767897
スギ薬局,34.764721,137.754865
ザグザグ,34.249681,133.808930
ドラッグセイムス,35.385330,139.939817
ドラッグストアモリ,31.237351,130.648100
ドラッグストア セキ 脚折町店,35.943749,139.389860
welcia,37.637166,140.968678
薬王堂 原町大木戸北店,37.635441,140.939075
杏林堂,34.789915,137.777964
マツモトキヨシ,34.757222,137.756969
ツルハドラッグ 原町牛越店,37.641109,140.945429
welcia,35.260449,136.998380
クスリのアオキ,36.744652,137.027908
ドラッグストアmac,33.966597,133.305244
スギ薬局,35.078916,136.959287
welcia,35.858064,139.513058
薬王堂,40.703414,140.458781
薬王堂,40.802436,140.459834
クスリのアオキ,36.732828,137.031900
共創未来 南相馬ひまわり薬局,37.641423,140.959912
,36.295836,139.375054
welcia,38.172010,140.893050
,35.326425,132.964665
クスリのアオキ松川店,37.655305,140.459635
薬王堂福島松川店,37.658255,140.459715
ドラッグセイムス,34.074376,136.196970
ゲンキー,34.852095,136.920111
クリエイトSD,35.426786,139.387864
ドラッグセイムス,36.285446,139.369030
ツルハドラッグ,38.111915,139.449497
ツルハドラッグ,34.756879,135.395124
ツルハドラッグ,35.242539,136.958860
くすりのレディ網干店,34.811511,134.581947
ハッピー・ドラッグ,40.805621,140.754198
スギ薬局,34.749942,135.475856
コスモス調剤薬局,35.240581,136.958190
スギ薬局,36.297046,139.361368
クリエイトSD,35.523040,139.553245
V・ドラッグ,35.247653,137.004043
キリン堂,34.802108,135.387924
ドラッグストアコスモス,35.434641,133.136888
スーパードラッグアサヒ,40.806730,140.785420
ハッピー・ドラッグ,40.806327,140.786322
,35.481345,133.072825
薬王堂,37.626398,140.943269
ツルハドラッグ,39.219216,139.901925
ドラッグストア　コスモス,35.352717,136.867997
スギ薬局,35.340829,136.863167
セイムス,35.797616,139.881673
ツルハドラッグ,39.414521,140.551037
ツルハドラッグ,40.227049,140.024788
クスリのアオキ,36.701298,137.197126
V・ドラッグ,36.700543,137.185512
ツルハドラッグ,39.430512,140.485499
コスモス,32.135693,131.506340
ドラッグストアモリ,32.133895,131.507394
コスモス,32.113039,131.411952
コスモス,35.671678,139.298015
,35.409926,132.907454
コスモス,34.680426,137.624933
welcia,36.759628,137.168561
,35.444394,133.057177
welcia,35.957470,139.397707
welcia,35.843764,139.554175
ツルハドラッグ,39.386172,140.061680
薬王堂,39.356795,141.896886
welcia,35.764199,139.481786
ウェルネス東川津店,35.499521,133.087940
,35.444303,133.113250
welcia,35.361760,139.225964
ツルハドラッグ,36.269334,138.476086
ドラッグユタカ,35.324865,136.022389
アルカドラッグ三木店,34.781427,135.005542
ドラッグストアモリ,26.355355,127.827690
クリエイトSD,35.310357,139.312692
スギ薬局,35.259796,136.264695
ダックス,34.983890,135.725824
コスモス,35.392713,136.279432
ドラッグストア セキ 霞ヶ関店,35.922616,139.439650
クリエイトSD,35.354302,139.227579
ウォンツ 波出石店,34.382131,132.355743
杏林堂,34.772856,137.724614
ドラッグストアモリ,26.248408,127.771363
クスリのアオキ,35.392282,136.267917
スギ薬局,35.389629,136.268792
ドラッグセイムス,35.890130,139.270988
コスモス,35.716476,140.794705
コスモス,35.753091,140.815298
ツルハドラッグ,39.472152,141.279164
コスモス,34.726657,135.828535
ツルハドラッグ,38.643354,140.882173
가장큰약국,36.778934,127.020779
クスリのアオキ,36.728134,137.013292
コスモス,34.703257,134.102857
クリエイトSD,35.728941,139.290574
サンドラッグ,34.611638,133.940068
マツモトキヨシ,34.654729,133.970226
マツモトキヨシ,34.633769,133.951443
スーパードラッグひまわり,34.636074,133.944796
ドラッグエース 中福岡店,35.875528,139.531593
ザグザグ,34.664111,134.089834
コスモス,34.664266,134.091641
ドラッグセガミ,33.563463,130.341706
welcia,34.658275,134.012991
コスモス,34.682943,133.950593
welcia,35.907359,139.369098
コスモス,35.198646,132.498312
ゲンキー三ノ輪店,34.747073,137.411082
ゴダイドラッグ,34.619281,134.155211
ドラッグストアセキ,35.855293,139.337537
ザグザグ,34.658701,133.985877
ゴダイドラッグ,34.723563,134.892589
ドラッグストアモリ,26.127955,127.755832
ゲンキー綾野店,35.347376,136.594401
トモズ,35.764200,139.677243
マツモトキヨシ,35.764268,139.677047
ザグザグ,34.687503,133.929759
アオキ,36.407651,140.564782
ドラッグセイムス,34.291977,135.487132
マルエドラッグ,36.257674,138.925487
スギ薬局,35.375876,136.940141
コスモス,36.247713,138.885069
コスモス,31.732383,130.737024
コスモス,31.736483,130.738586
マツモトキヨシ,35.976271,139.834316
セキドラッグ,35.972056,139.836091
クスリのアオキ,36.508923,140.626098
コスモス,31.774124,130.747376
マツモトキヨシ,35.702536,139.939369
welcia,35.691183,139.929602
ドラッグセイムス,36.006577,139.559351
クスリのアオキ,36.014307,139.550465
welcia,36.023586,139.542856
コスモス,36.026356,139.539121
ツルハドラッグ,38.926344,139.830156
クスリのアオキ,36.081918,139.717398
スギドラッグ,36.335697,138.995294
スギ薬局,34.654816,135.549538
ツルハドラッグ,43.101760,141.537020
ドラッグイレブン薬局,26.230227,127.693952
薬王堂 岡三沢店,40.691606,141.382294
ドラッグヤマザワ,38.923713,139.851865
キリン堂,35.266925,136.245756
コスモス,32.800642,130.688058
コスモス,32.807172,130.694440
コスモス,34.169580,131.464145
ココカラファイン,33.563043,130.226299
コスモス大坪店,31.895583,131.409820
ハッピー・ドラッグ,40.617266,140.458165
ツルハドラッグ,40.282384,140.555178
オーエスドラッグ,34.809720,135.472847
クリエイトSD,35.292099,139.243907
薬王堂,39.434737,140.484390
薬王堂,39.575083,141.163333
ツルハドラッグ,39.568706,141.164864
welcia,34.325997,135.170707
サツドラ,43.707010,144.024354
クリエイトSD,35.736533,139.527701
クリエイトSD,35.730037,139.524708
クスリのアオキ,39.284307,141.109696
クスリのアオキ,39.294252,141.129945
Wants,34.291044,132.273700
サンドラッグ,32.906710,129.957081
クスリのアオキ,34.742668,135.786975
,32.922685,129.950939
,32.924129,129.947196
Seims,35.677557,140.112687
Yac's,35.679277,140.111108
ザグザグ,34.657176,134.019876
コスモス,34.614725,133.947365
トモズ,35.816318,139.466201
コスモス,31.529937,130.530133
,32.929126,129.946030
ツルハドラッグ,35.989891,138.189828
サンドラッグ,35.740241,139.555955
クスリのアオキ,36.256875,138.872975
クスリのアオキ,36.332854,139.196035
クスリのアオキ,36.170496,139.331567
クリエイトSD,35.548862,139.389075
クリエイトSD,35.683161,139.446967
welcia,35.684670,139.443764
,42.800269,140.701253
welcia,34.618046,135.597768
welcia,34.828683,135.504204
ザグザグ,34.641688,133.919183
アメリカンドラッグ,36.387957,138.263404
welcia,36.411668,138.265609
ツルハドラッグ,39.403103,141.098546
ツルハドラッグ,39.673574,141.142973
ヤックスドラッグ長南薬局,35.405753,140.238227
サンキュードラッグ,33.863660,130.784883
welcia,36.658002,138.322933
ツルハドラッグ,42.519024,142.029398
ふく薬品,26.657148,127.884527
スギ薬局,35.068261,136.027105
クスリのアオキ,35.066756,136.026858
ドラッグセイムス,32.556799,130.680722
ザグザグ,34.649881,133.885977
コスモス,31.805631,131.122171
キリン堂,34.463917,135.396769
ドラッグストアモリ,31.578980,130.555419
スギ薬局,36.092874,140.110701
우리약국,35.647938,128.736073
サンドラッグ,34.472944,135.439333
サンキュードラッグ 永犬丸薬局,33.849044,130.725830
コスモス,34.506168,133.402466
コスモス,31.225376,130.648861
コスモス,31.717202,131.072997
ウェルネス,34.687922,131.841139
ドラッグストアモリ,31.722338,131.074119
キリン堂,35.248005,136.240906
クスリのアオキ 西今店,35.246618,136.242082
welcia,34.406215,135.343783
welcia,35.403647,139.413914
welcia,34.506029,135.447200
コスモス,31.748495,131.095221
スギ薬局,34.775890,135.523104
ドラッグストア・コスモス,36.308129,139.962026
ツルハドラッグ,34.452962,135.456996
ツルハドラッグ,39.711815,140.093066
クリエイトSD,35.309221,139.136221
クリエイトSD,35.317476,139.121228
welcia,35.317925,139.106864
クリエイトSD,35.334115,139.119444
マツモトキヨシ,31.257717,130.628659
,35.872554,139.848079
welcia,36.423041,138.298608
ひまわり調剤薬局,35.369876,139.220469
マツモトキヨシ,35.359954,139.228997
ドラッグユタカ,35.036137,135.986243
ダックス,34.912770,135.684710
welcia,34.443256,135.478139
Genky,35.267730,136.245290
セイムス,35.769724,139.563765
ハッピー薬局,35.271979,136.262277
サンドラッグ,35.698678,139.376443
クスリのアオキ,35.618979,138.533067
ツルハドラッグ,37.093113,140.530595
ドラッグセキ,35.800429,139.572342
welcia,36.044042,139.372669
瀬谷医薬品店,37.085518,140.559758
ドラッグイレブン,31.421651,130.323261
コスモス,31.773395,131.090897
welcia,38.032516,138.240595
SEKI,35.785562,139.506999
コスモス,35.034891,135.975956
コスモス,31.871697,131.395165
ドラッグユタカ,35.281173,136.247837
ツルハドラッグ,38.333285,140.983809
薬王堂,38.420635,141.366413
クスリのアオキ,36.647777,138.303649
クスリのアオキ,35.038440,135.973252
V・ドラッグ,35.040441,135.969421
クスリのアオキ,35.270511,136.260436
薬王堂,37.279995,140.629524
マツモトキヨシ,31.722691,131.039142
ココカラファイン,34.726475,137.394418
ツルハドラッグ,38.251185,140.921228
ココカラファイン,33.574667,130.407613
ココカラファイン,37.896923,139.023808
,34.964320,132.472020
ツルハドラッグ,44.047514,143.521410
クスリのアオキ,35.016293,135.979918
,35.521839,133.568451
ドラッグストアモリ,31.734123,131.030433
コスモス,31.733188,131.030974
welcia,37.015286,140.391370
薬王堂,39.323741,140.564664
キリン堂,34.927000,134.747500
ドラッグイレブン,31.497302,130.507239
ツルハドラッグ,35.023449,135.997591
マツモトキヨシ,35.477088,137.830158
コスモス,35.404815,139.454745
ディスカウントドラッグコスモス,33.843843,130.732132
サンドラッグ,34.478137,135.796443
ディスカウントドラッグ コスモス,33.825274,130.730996
ウォンツ 周防大島店,33.946938,132.207613
サンキュードラッグ黒原,33.864417,130.893626
ザクザク加古川北在家店,34.759221,134.841230
ドラッグユタカ,35.035982,136.013339
スギ薬局,35.035333,136.007578
ドラッグストア モリ,38.230631,140.912152
ドラッグストアコスモス,34.473428,135.797649
ドラッグストア　コスモス輪島店,37.384628,136.901875
サンドラッグ,34.483575,135.795884
サンドラッグ,34.483525,135.796943
ウエルシア新潟さつき野店,37.813760,139.116608
ツルハドラッグ,43.554131,141.917285
welcia,34.737563,135.792038
薬王堂,39.746038,141.110249
サンドラッグ,36.260443,138.935098
welcia,34.951701,135.909815
クスリのアオキ 東小保方店,36.325111,139.247864
ドラッグトップス寺尾台店,37.880617,138.972339
クスリのアオキ,37.882596,138.975411
ドラッグイレブン,26.172084,127.742787
welcia,35.126593,138.901518
薬王堂,38.351786,140.278742
クリエイトSD,35.703905,139.486538
クリエイトSD,35.141588,139.092653
V・ドラッグ,35.217412,137.053546
クスリのアオキ,37.872486,138.957998
薬王堂,37.591916,140.437661
ツルハドラッグ,39.625131,141.959649
スギ薬局,34.981343,134.977744
V・ドラッグ,36.234208,137.178231
ゲンキー,36.235243,137.178445
ゲンキー,36.214905,137.208349
ドラッグストア モリ,38.041405,140.873721
コスモス,36.422594,140.512984
大宅丹星薬品,34.292822,135.523853
スギ薬局,35.083837,136.945925
コスモス,31.199253,130.606234
コスモス,33.309342,131.487587
ドラッグストアモリ,33.619487,130.666299
スギ薬局,34.821063,137.376285
マツモトキヨシ,36.151201,139.400366
ヤックスドラッグ 羽鳥野店,35.345048,139.943515
welcia,35.619741,139.321533
コスモス,34.435629,132.726565
ウェルネス 黒田南店,35.476068,133.044059
コスモス,34.754657,134.401758
welcia,36.371491,140.487510
ツルハドラッグ,34.772662,135.366112
コスモス,34.740847,134.182575
クリエイトSD,35.165690,138.707571
ドラッグユタカ,35.040246,135.743884
ドラッグストアモリ,31.768430,130.765944
マツモトキヨシ,34.643888,133.922116
ザグザグ,34.651810,133.966224
ザグザグ,34.541130,133.611669
コスモス,34.541378,133.614441
スーパードラッグひまわり,34.540608,133.592498
くすりのレデイ,34.541632,133.593027
ドラッグイレブン,31.772675,130.759263
スーパードラッグひまわり,34.586446,133.443199
コスモス,34.580422,133.439257
コスモス,34.615322,133.569178
ツルハドラッグ 米沢駅前店,37.907951,140.129477
ツルハドラッグ 米沢駅前店,37.907765,140.129593
薬王堂 米沢駅前店,37.910427,140.120598
コスモス,32.081807,130.340245
マツモトキヨシ,32.079356,130.340573
コスモス,32.081032,130.345142
ドラッグストアモリ,32.081975,130.342103
ドラッグストアモリ 出水中央町店,32.085847,130.350777
ドラッグストア モリ 西出水店,32.071748,130.339440
コスモス,32.070237,130.335204
ドラッグセイムス,31.648985,130.537906
ウエルシア盛岡永井店,39.654050,141.154612
薬王堂,39.171801,140.490430
コスモス,36.244411,139.150080
くすりのレデイ,33.941529,133.299626
ドラッグヤマザワ 花沢町店,37.919498,140.122202
ドラッグセイムス 米沢春日店,37.931477,140.115232
ツルハドラッグ 米沢北店,37.931167,140.116539
,37.912209,140.093268
ツルハドラッグ 米沢木場店,37.916980,140.091641
ツルハドラッグ 米沢相生町店,37.904489,140.117384
薬王堂 米沢東店,37.901055,140.124700
ドラッグヤマザワ 堀川町店,37.903491,140.097259
クスリのアオキ 米沢泉町店,37.893880,140.105383
ウエルシア 米沢中央1丁目店,37.912220,140.112410
カワチ薬品 米沢北店,37.944935,140.119351
ドラッグセイムス　米沢本町店,37.901414,140.107825
ウエルシア米沢中央5丁目店,37.920111,140.109766
薬王堂 米沢泉町店,37.892754,140.102731
薬王堂,39.460224,140.507814
ツルハドラッグ 米沢金池店,37.918490,140.115041
カワチ薬品 米沢成島店,37.922653,140.088070
マツモトキヨシ,26.333553,127.832586
ツルハドラッグ,35.560050,139.730239
マツモトキヨシ,36.193245,139.962510
コスモス,31.765040,130.779800
ドラッグヤマザワ 米沢金池店,37.925790,140.114584
ツルハドラッグ 米沢御廟町店,37.908611,140.093782
コスモス,36.423697,139.024026
,35.432682,133.220389
ココカラファイン,34.214508,135.159825
コスモス,31.603050,130.558796
コスモス,31.556222,130.550310
コスモス,34.215097,135.206583
サンドラッグ,34.214118,135.205305
ツルハドラッグ,38.284853,140.881052
ツルハドラッグ,39.459377,140.579167
ウォンツ,34.438651,132.720237
コスモス,31.745341,131.060677
ドラッグイレブン,31.739412,131.040973
ザグザグ,34.334406,134.082880
コスモス,33.179650,131.664241
セイムス,33.981392,133.314794
コスモス,33.969777,133.321650
スギ薬局,34.507735,136.719914
ドラッグストアmac,33.939840,133.298214
welcia,36.262587,138.880352
コスモス薬局,34.436040,132.727113
ゲンキー,34.832324,137.403465
コスモス,33.306780,129.621836
くすりのレデイ,33.791576,132.879885
キリン堂,35.052333,135.997018
薬王堂,39.284746,139.969442
welcia,33.944807,133.295863
ザグザグ,34.427224,132.738838
薬王堂,39.158869,140.489927
ウエルシア明石大久保,34.682252,134.935196
コスモス,33.768916,130.743103
ウェルネス,35.433677,133.240024
クリエイトSD,35.380716,139.211165
大賀薬局,31.546094,130.526684
ツルハドラッグ,38.418098,141.213503
welcia,34.845326,134.945572
ドラッグストアモリ,33.310972,130.545337
コスモス,33.341565,130.681892
薬王堂,39.618724,141.165409
ウエルシア,35.846740,139.433144
welcia,35.417076,137.067624
ゲンキー可児伊川店,35.417586,137.069966
welcia,35.418976,137.063377
ココカラファイン,34.196157,135.159338
ツルハドラッグ,39.315081,140.547874
コスモス,34.576321,133.750890
コスモス,34.581958,133.762012
サンドラッグ,34.374370,132.516048
ココカラファイン,35.429007,133.261198
コスモス,35.013232,136.239780
,35.424654,133.246017
クスリのアオキ,35.323340,136.710293
コスモス,35.323003,136.712623
スーパードラッグひまわり,34.518975,133.571260
コスモス,34.533645,133.585226
ザグザグ,34.530165,133.567581
welcia,35.139160,138.906082
スギ薬局,35.789578,139.596893
ウエルシア,35.159214,138.724119
welcia,34.699699,137.742985
クリエイトSD,35.181193,138.692366
コスモス,31.387323,130.884609
welcia,35.170265,138.683073
杏林堂,34.755292,137.752146
杏林堂ドラッグストア,35.162650,138.671883
スギドラッグ,35.172004,138.676980
クスリのアオキ,35.164061,138.652555
welcia,36.835900,136.990865
welcia,35.159245,138.687562
コスモス,31.733583,131.081605
スギ薬局,34.854841,136.590030
スギ薬局,34.836552,136.589358
コスモス,35.055028,135.874584
welcia,35.131389,138.667813
welcia,34.843215,134.629831
サツドラ,43.098643,141.261395
ツルハドラッグ,43.108554,141.254875
ツルハドラッグ,42.350257,141.036051
クリエイトSD,35.290960,139.856583
ドラッグユタカ,34.927291,135.711312
화산약국,35.642613,128.744644
スギ薬局,36.236736,139.197398
ウェルネス西川津店,35.492617,133.075806
세종약국,35.646605,128.738476
예지약국,35.644570,128.740466
옵티마햇빛약국,35.643709,128.742596
용암약국,35.642124,128.745243
クリエイトSD,35.348251,139.352019
ドラッグイレブン,31.361583,130.431588
セイムス,35.814372,139.605158
コスモス,36.266052,138.991494
ツルハドラッグ,37.887781,138.984725
,35.857861,139.302222
コスモス,36.322641,139.194214
청도약국,35.647569,128.736200
welcia,35.662576,140.116058
welcia,36.010816,139.304946
クリエイトSD,35.855928,139.322127
コスモス,36.308025,138.849295
コスモス,36.308187,139.833793
サンドラッグ,36.141013,139.462154
石井南店,34.069080,134.445716
コスモス,35.593055,138.517797
クスリのアオキ,34.880403,136.569874
薬王堂,39.703905,141.073707
クリエイトSD,35.382028,139.634681
薬王堂,39.291309,141.116580
ドラッグストアモリ 石井店,34.069895,134.450311
クスリのアオキ,36.316840,139.813281
ツルハドラッグ,38.101265,140.873286
クリエイトSD,35.366563,139.387644
ドラッグストア コスモス請西店,35.373531,139.939355
マツモトキヨシ,35.351190,139.350553
welcia,37.832498,139.103265
薬王堂平川柏木店,40.582245,140.565071
大誠堂薬品,31.205022,130.636966
スギ薬局,34.498461,136.715727
welcia,39.295260,141.118151
ツルハドラッグ,39.306554,141.114446
welcia,34.550666,135.447090
セイムス,34.153709,135.217850
ツルハドラッグ盛岡八幡店,39.694668,141.160764
コスモス,36.016560,139.573726
ドラッグストアコスモス 広陵店,34.548407,135.745841
welcia,34.442124,132.472153
